id,name,address,city,postal_code,phone_number,email,email_order,visit_address,visit_city,visit_zip,display_city,b2b,b2c,has_store,has_ecom,abo_orgnr,abo_employees,abo_vd_name,abo_vd_role,contact_email,contact_phone,confidence,se_zone,revenue_ksek,revenue_msek,employees_int,score_services,score_revenue,score_raw,mult_zone,mult_size,score_final,tier,has_wp_water,has_wp_luftluft,has_solar,has_energiopt,has_b2c_service,b2c_only
1083,Åseda Värme & Sanitet AB,Terminalgatan 1,Åseda,364 31,0474-101 52,info@asedavarme.se,info@asedavarme.se,Terminalgatan 1,Åseda,364 31,,True,True,False,True,5567362545,21,Jan Gunnar Magnus Johansson,Verkställande direktör,info@asedavarme.se,0474-101 52,ok,4,101233,101.2,21,9,3,12,1.28,1.0,15.36,A,1,1,0,1,1,0
1159,Infjärdens Värme AB Kristianstad,Bredbandsvägen 19,Kristianstad,291 62,044-620 00 60,kristianstad@ivab.com,,Bredbandsvägen 19,Kristianstad,291 62,,True,False,,,5564524188,24,Anders Per-Ole Ekdahl,Ledamot,kristianstad@ivab.com,044-620 00 60,low,4,206540,206.5,24,9,3,12,1.28,1.0,15.36,A,1,1,0,1,1,0
1111,Rör-Karlsson Mönsterås,Älgerumsvägen 30,Mönsterås,383 32,0499-430 32,info@ror-karlsson.se,info@ror-karlsson.se,Älgerumsvägen 30,Mönsterås,383 32,,True,True,True,True,5563958809,20,Jörgen Martin Forslund,Verkställande direktör,info@ror-karlsson.se,0499-430 32,ok,4,196843,196.8,20,9,3,12,1.28,1.0,15.36,A,1,1,0,1,1,0
1170,Erikssons VVS AB,Ägovägen 4,Asarum,374 52,0454-507 70,info@erikssonsvvs.se,filip@erikssonsvvs.se,Ägovägen 4,Asarum,374 52,,True,True,False,True,5567288229,23,Jan Emil Andreas Andersson,Verkställande direktör,info@erikssonsvvs.se,0454-507 70,ok,4,66874,66.9,23,9,2,11,1.28,1.0,14.08,A,1,1,0,1,1,0
1186,Carl-Philips VVS AB,Lundåkragatan 27,Landskrona,261 35,0418-44 61 30,info@carlphilipsvvs.se,carina.nilsson@carlphilipsvvs.se,Lundåkragatan 27,Landskrona,261 35,,True,True,False,True,5561982074,27,Kenth Stefan Nilsson,Verkställande direktör,info@carlphilipsvvs.se,0418-44 61 30,ok,4,41554,41.6,27,9,2,11,1.28,1.0,14.08,A,1,1,0,1,1,0
1185,CN Gruppen AB,Saxgatan 4,Malmö,211 24,040-38 08 70,info@cn-gruppen.se,info@cn-gruppen.se,Saxgatan 4,Malmö,211 24,,True,True,False,True,5567779631,27,Bo Johan Andersson,Verkställande direktör,info@cn-gruppen.se,040-38 08 70,ok,4,50770,50.8,27,9,2,11,1.28,1.0,14.08,A,1,1,0,1,1,0
1127,Newmans VVS AB,Södra Portgatan 44,Osby,283 50,0479-134 41,info@newmansvvs.se,elisabeth.ahlberg@newmansvvs.se,Södra Portgatan 44,Osby,283 50,,True,True,True,True,5561313874,19,Bengt-Ored Oredsson,Ledamot,info@newmansvvs.se,0479-134 41,ok,4,32502,32.5,19,9,2,11,1.28,1.0,14.08,A,1,1,0,1,1,0
1184,Comfort - butiken Vinbergs Rör,Mellangårdsvägen 1,Falkenberg,311 50,0346-71 71 55,comfortbutiken@vinbergsror.se,susanne@vinbergsror.se,Mellangårdsvägen 1,Falkenberg,311 50,,True,True,True,True,5565241337,93,Karl Gustav Hampus Giertz,Extern verkställande direktör,comfortbutiken@vinbergsror.se,0346-71 71 55,low,4,710898,710.9,93,9,3,12,1.28,0.9,13.82,A,1,1,0,1,1,0
1194,Aderbys Rör AB,Teknikgatan 4,Kungsbacka,434 37,0300-337 00,info@aderbys.se,service@aderbys.se,Teknikgatan 4,Kungsbacka,434 37,,True,True,True,True,5562729714,62,Patrik Andreas Molander,Verkställande direktör,info@aderbys.se,0300-337 00,ok,4,149832,149.8,62,9,3,12,1.28,0.9,13.82,A,1,1,0,1,1,0
1110,Rör-Karlsson Oskarshamn,Stensbergsvägen 7A,Oskarshamn,572 36,0491-189 91,info@ror-karlsson.se,info@ror-karlsson.se,Stensbergsvägen 7A,Oskarshamn,572 36,,True,True,False,,5562121441,6,Anna Josefina Axelsson,Extern verkställande direktör,info@ror-karlsson.se,0491-189 91,ok,4,270102,270.1,6,9,3,12,1.28,0.9,13.82,A,1,1,0,1,1,0
1153,Infjärdens Värme AB Tierp,Vallby 210,Tierp,815 92,010-414 40 60,tierp@ivab.com,,Vallby 210,Tierp,815 92,,True,True,False,True,5591281745,24,Per Magnus Dahlström,Verkställande direktör,tierp@ivab.com,010-414 40 60,low,3,113998,114.0,24,10,3,13,1.0,1.0,13.0,A,1,1,1,1,1,0
1098,Söderlunds Rör AB Tierp,Ladvägen 6,Tierp,815 35,010-455 03 40,info@sra.nu,order@sratierp.se,Ladvägen 6,Tierp,815 35,,True,True,False,True,5591281745,24,Per Magnus Dahlström,Verkställande direktör,info@sra.nu,010-455 03 40,low,3,113998,114.0,24,10,3,13,1.0,1.0,13.0,A,1,1,1,1,1,0
1160,Infjärdens Värme AB Hässleholm,Hövdingegatan 35,Hässleholm,281 33,0451-38 13 60,hassleholm@ivab.com,,Hövdingegatan 35,Hässleholm,281 33,,True,False,,,5592263346,7,Hans Magnus Hagberg,Verkställande direktör,hassleholm@ivab.com,0451-38 13 60,ok,4,44585,44.6,7,9,2,11,1.28,0.9,12.67,A,1,1,0,1,1,0
1181,Comfort i Limhamn,Linnégatan 36,Limhamn,216 14,040-162 424,info@bad-energi.se,info@bad-energi.se,Linnégatan 36,Limhamn,216 14,,True,True,True,True,5568187271,9,Jan Bertil Tobias Jakobsson,Ordförande,info@bad-energi.se,040-162 424,ok,4,34760,34.8,9,9,2,11,1.28,0.9,12.67,A,1,1,0,1,1,0
1198,Comfort VVS & EL Öland Löttorp,Förrådsvägen 18,Löttorp,387 72,0485-363 83,jenny@comfortoland.se,,Förrådsvägen 18,Löttorp,387 72,,True,True,True,False,5562738061,6,Simon Arne Gustav Andersson,Verkställande direktör,jenny@comfortoland.se,0485-363 83,ok,4,15384,15.4,6,10,1,11,1.28,0.9,12.67,A,1,1,1,1,1,0
1142,Knut Svenssons Rör AB,Bredgatan 1,Huskvarna,561 34,036-13 08 51,mail@svenssonsror.com,info@svenssonsror.com,Bredgatan 1,Huskvarna,561 34,,True,True,False,False,5565585089,27,Bjarne Gunnar Svensson,Ledamot,mail@svenssonsror.com,036-13 08 51,ok,3,55270,55.3,27,10,2,12,1.0,1.0,12.0,A,1,1,1,1,1,0
1099,Sälles Rör AB,Järnvägsgatan 32,Götene,533 30,0511-508 00,info@sallesror.se,,Järnvägsgatan 32,Götene,533 30,,True,True,True,False,5565317111,56,Carl Magnus Liljestam,Extern verkställande direktör,info@sallesror.se,0511-508 00,ok,3,136531,136.5,56,10,3,13,1.0,0.9,11.7,A,1,1,1,1,1,0
1188,Comfort Kinna AB,Muraregatan 1,Kinna,511 55,0320-180 00,info@comfortkinna.se,robin.johnsson@comfortkinna.se,Muraregatan 1,Kinna,511 55,,True,True,True,True,5560341561,47,Rolf Tom Ola Månsson,Verkställande direktör,info@comfortkinna.se,0320-180 00,ok,3,172080,172.1,47,10,3,13,1.0,0.9,11.7,A,1,1,1,1,1,0
1199,Comfort VVS & EL Öland Färjestaden,Industrigatan 1,Färjestaden,386 32,0485-363 83,peter@comfortoland.se,,Industrigatan 1,Färjestaden,386 32,,True,True,False,False,5595004200,10-19,Ida Margarita Hellström,Ledamot,peter@comfortoland.se,0485-363 83,ok,4,,,10,10,0,10,1.28,0.9,11.52,A,1,1,1,1,1,0
1071,Newmans VVS AB Helsingborg,Muskötgatan 17,Helsingborg,254 66,0479-134 41,info@newmansvvs.se,elisabeth.ahlberg@newmansvvs.se,Muskötgatan 17,Helsingborg,254 66,,False,False,False,False,5567155170,15,Per Erik Martin Persson,Ledamot,info@newmansvvs.se,0479-134 41,low,4,23810,23.8,15,9,1,10,1.28,0.9,11.52,A,1,1,0,1,1,0
1126,Newmans VVS i Värnamo - Ljungby,Bolmstadvägen 38,Ljungby,341 34,073-0789950,oskar.davidsson@newmansvvs.se,elisabeth.ahlberg@newmansvvs.se,Bolmstadvägen 38,Ljungby,341 34,,True,True,False,True,5564703717,135,Håkan Steimer Larsson,Extern verkställande direktör,oskar.davidsson@newmansvvs.se,073-0789950,ok,4,586024,586.0,135,9,3,12,1.28,0.75,11.52,A,1,1,0,1,1,0
1094,Ternstedt Invent AB - Västervik,Lunnargatan 11,Västervik,593 62,0490-697 00,info@ternstedtinvent.se,Henrik.johansson@ternstedtinvent.se,Lunnargatan 11,Västervik,593 62,,True,True,False,True,5567656821,7,Paul Rolf David Robertsson,Ordförande,info@ternstedtinvent.se,0490-697 00,ok,4,8772,8.8,7,10,0,10,1.28,0.9,11.52,A,1,1,1,1,1,0
1150,K-B Rör AB,Lunnavägen 6,Alafors,449 50,0303-74 20 20,info@kbror.se,butik@kbror.se,Lunnavägen 6,Alafors,449 50,,True,True,True,True,5561110759,30,Daniel Tobias Karlsson,Verkställande direktör,info@kbror.se,0303-74 20 20,ok,3,58188,58.2,30,9,2,11,1.0,1.0,11.0,A,1,1,0,1,1,0
1193,Alingsås Rör AB,Verkstadsgatan 4,Alingsås,441 57,0322-611 980,info@mellbyror.se,order.alingsas@mellbyror.se,Verkstadsgatan 4,Alingsås,441 57,,True,True,True,True,5564657459,21,Emma Johanna Caroline Nyström,Extern verkställande direktör,info@mellbyror.se,0322-611 980,low,3,67071,67.1,21,9,2,11,1.0,1.0,11.0,A,1,1,0,1,1,0
1173,Djupedals Rör Alingsås,Mejerigatan 6,Alingsås,441 39,0322-101 06,info@djupedalsror.se,info@djupedalsror.se,Mejerigatan 6,Alingsås,441 39,,False,False,False,False,5564657459,21,Emma Johanna Caroline Nyström,Extern verkställande direktör,info@djupedalsror.se,0322-101 06,low,3,67071,67.1,21,9,2,11,1.0,1.0,11.0,A,1,1,0,1,1,0
1165,Hovby Rör AB,Hovby Ängsbo 14,Lidköping,531 92,051-08 65 00,info@hovbygruppen.se,order@hovbygruppen.se,Hovby Ängsbo 14,Lidköping,531 92,,True,True,True,True,5564148715,28,Elsa Marianne Kristoffersson,Verkställande direktör,info@hovbygruppen.se,051-08 65 00,low,3,50600,50.6,28,9,2,11,1.0,1.0,11.0,A,1,1,0,1,1,0
1105,Stora Mellby Rör AB,Gräsgatan 4,Sollebrunn,441 73,0322-418 80,info@mellbyror.se,order@mellbyror.se,Gräsgatan 4,Sollebrunn,441 73,,True,True,True,True,5561926055,25,Anna Helena Dahllöf Karlsson,Ordförande,info@mellbyror.se,0322-418 80,ok,3,49754,49.8,25,9,2,11,1.0,1.0,11.0,A,1,1,0,1,1,0
1143,Kjellners Rör AB Vara,Ekedalsgatan 16,Vara,534 31,0512-101 98,christofer.kjellner@kjellnersror.se,weborder@kjellnersror.se,Ekedalsgatan 16,Vara,534 31,,True,True,True,True,5568947500,39,Karl Emil David Kjellner,Verkställande direktör,christofer.kjellner@kjellnersror.se,0512-101 98,low,3,64534,64.5,39,9,2,11,1.0,1.0,11.0,A,1,1,0,1,1,0
1130,Mählqvist Rör AB Vingåker,Hantverksgatan 25,Vingåker,643 30,0151-51 81 50,vingaker@mahlqvist.se,weborder@mahlqvist.se,Hantverksgatan 25,Vingåker,643 30,,True,True,True,True,5563979524,28,Emil Erik Gustav Appelqvist,Verkställande direktör,vingaker@mahlqvist.se,0151-51 81 50,ok,3,44930,44.9,28,9,2,11,1.0,1.0,11.0,A,1,1,0,1,1,0
1132,Mählqvist Rör AB Flen,Kungsvägen 8,Flen,642 34,0157-244 60,flen@mahlqvist.se,weborder@mahlqvist.se,Kungsvägen 8,Flen,642 34,,True,True,True,True,5563842037,50,Guy Johan Anders Rickard Brännman,Extern verkställande direktör,flen@mahlqvist.se,0157-244 60,ok,3,102933,102.9,50,9,3,12,1.0,0.9,10.8,A,1,1,0,1,1,0
1082,Vetlanda Rör,Östra Nygatan 10,Vetlanda,574 33,0383-158 49,info@vetlandaror.se,johan@vetlandaror.se,Östra Nygatan 10,Vetlanda,574 33,,True,True,True,True,5565940813,45,Magnus Lennart Gustav Teodorsson,Verkställande direktör,info@vetlandaror.se,0383-158 49,ok,3,105323,105.3,45,9,3,12,1.0,0.9,10.8,A,1,1,0,1,1,0
1182,Comfort i Halmstad,Knut Peters Väg 40,Halmstad,302 41,035-10 62 88,info@halmstad.comfort.se,info@halmstad.comfort.se,Knut Peters Väg 40,Halmstad,302 41,,True,True,True,True,5566852389,6,Per Mikael Sjölin,Verkställande direktör,info@halmstad.comfort.se,035-10 62 88,low,4,9642,9.6,6,9,0,9,1.28,0.9,10.37,A,1,1,0,1,1,0
1158,Infjärdens Värme AB Köping,Hantverkaregatan 3,Köping,731 50,010-414 40 90,koping@ivab.com,koping@ivab.com,Hantverkaregatan 3,Köping,731 50,,True,True,False,True,5566465901,18,Bengt Fredrik Wahlqvist,Verkställande direktör,koping@ivab.com,010-414 40 90,ok,3,11748,11.7,18,9,1,10,1.0,1.0,10.0,A,1,1,0,1,1,0
1137,Limmareds Rör AB,Västra Järnvägsgatan 6,Limmared,514 42,0325-716 00,patrik@limmaredsror.se,anna-karin@limmaredsror.se,Västra Järnvägsgatan 6,Limmared,514 42,,True,True,True,True,5562269745,17,Patrik Gunnar Carlsson,Verkställande direktör,patrik@limmaredsror.se,0325-716 00,ok,3,26036,26.0,17,9,1,10,1.0,1.0,10.0,A,1,1,0,1,1,0
1129,Mälardalens Energi & VVS AB,Torestavägen 2,Eskilstuna,632 39,016-55 12 220,info@malardalensvvs.se,Carl.hedback@malardalensvvs.se,Torestavägen 2,Eskilstuna,632 39,,True,True,,,5591819049,10,Carl Johan Hedbäck,Ledamot,info@malardalensvvs.se,016-55 12 220,ok,3,31910,31.9,10,9,2,11,1.0,0.9,9.9,A,1,1,0,1,1,0
1189,Br Perssons Rör AB,Gullstensgatan 27,Gullspång,547 31,0551-210 10,info@brperssons.se,info@brperssons.se,Gullstensgatan 27,Gullspång,547 31,,True,True,True,True,5564346640,11,Erik Peter Hoffman,Verkställande direktör,info@brperssons.se,0551-210 10,ok,3,42776,42.8,11,9,2,11,1.0,0.9,9.9,A,1,1,0,1,1,0
1449,Clavis AB,Norrahammarsvägen 127c,Jönköping,556 27,036-40 200,hej@clavisvvs.se,hej@clavisvvs.se,Norrahammarsvägen 127c,Jönköping,556 27,,False,False,True,False,5591385090,12,Ulf Klas Mikael Vallin,Verkställande direktör,hej@clavisvvs.se,036-40 200,ok,3,34088,34.1,12,9,2,11,1.0,0.9,9.9,A,1,1,0,1,1,0
1120,Oppunda VVS-Service AB,Mossvägen 8,Katrineholm,641 49,0150-555 30,info@oppundavvs.se,info@oppundavvs.se,Mossvägen 8,Katrineholm,641 49,,True,True,True,True,5564568797,51,Viktoria Linnéa Margaretha Hansson,Extern verkställande direktör,info@oppundavvs.se,0150-555 30,ok,3,98458,98.5,51,9,2,11,1.0,0.9,9.9,A,1,1,0,1,1,0
1140,Landsbro Rör,Brobygränd 6,Landsbro,574 72,0383-60818,oscar@landsbroror.se,susanna@rorservice.com,Brobygränd 6,Landsbro,574 72,,True,True,True,True,5590644562,10,Carl Andreas Lundgren,Verkställande direktör,oscar@landsbroror.se,0383-60818,ok,3,38900,38.9,10,9,2,11,1.0,0.9,9.9,A,1,1,0,1,1,0
1136,Lindesbergs VVS/EL AB,Stafettgatan 16,Lindesberg,711 34,0581-836 40,info@lindesbergsvvs.se,lina@lindesbergsvvs.se,Stafettgatan 16,Lindesberg,711 34,,True,True,True,True,5568195894,15,Arna Thöll Arnardottir Lindberg,Verkställande direktör,info@lindesbergsvvs.se,0581-836 40,ok,3,16747,16.7,15,10,1,11,1.0,0.9,9.9,A,1,1,1,1,1,0
1106,Sköldsbergs VVS AB,Idas väg 4-6,Stenkullen,443 61,0302-221 74,info@skoldsbergs.se,ehandel@skoldsbergs.se,Idas väg 4-6,Stenkullen,443 61,,True,True,True,True,5591663181,10,Simon David Knoks,Verkställande direktör,info@skoldsbergs.se,0302-221 74,ok,3,37370,37.4,10,9,2,11,1.0,0.9,9.9,A,1,1,0,1,1,0
1135,Lurs Rör,Storemyrsvägen 9,Tanumshede,457 31,0525-291 60,lurs-ror@comfort-stromstad.com,robert.collin@comfort-stromstad.com,Storemyrsvägen 9,Tanumshede,457 31,,True,True,True,True,5565136263,10,Björn Patrik Berntsson,Extern verkställande direktör,lurs-ror@comfort-stromstad.com,0525-291 60,ok,3,70811,70.8,10,9,2,11,1.0,0.9,9.9,A,1,1,0,1,1,0
1180,Comfort Söderlunds Rör AB Uppsala,Verkstadsgatan 9,Uppsala,753 23,010-455 03 40,info@sra.nu,order@sratierp.se,Verkstadsgatan 9,Uppsala,753 23,,True,True,True,True,5568245954,13,Carl Magnus Christian Bonthron,Ledamot,info@sra.nu,010-455 03 40,low,3,13674,13.7,13,10,1,11,1.0,0.9,9.9,A,1,1,1,1,1,0
1096,Ternstedt Invent AB - Linköping,Norra Svedengatan 36B,Linköping,582 73,013-684 00,info@ternstedtinvent.se,service@ternstedtinvent.se,Norra Svedengatan 36B,Linköping,582 73,,True,True,True,True,5565671152,130,Klas Henrik Gyllenhammar,Verkställande direktör,info@ternstedtinvent.se,013-684 00,ok,3,240716,240.7,130,10,3,13,1.0,0.75,9.75,A,1,1,1,1,1,0
1459,Ternstedt Invent AB - Norrköping,Koppargatan 6,Norrköping,682 23,010-682 25 00,info@ternstedtinvent.se,ewa@ternstedtinvent.se,Koppargatan 6,Norrköping,60223,,False,False,True,True,5565671152,130,Klas Henrik Gyllenhammar,Verkställande direktör,info@ternstedtinvent.se,010-682 25 00,ok,3,240716,240.7,130,10,3,13,1.0,0.75,9.75,A,1,1,1,1,1,0
1147,Kjellners Rör AB Floby,Kellgrensgatan 25,Floby,521 51,0515-407 10,david.kjellner@kjellnersror.se,weborder@kjellnersror.se,Kellgrensgatan 25,Floby,521 51,,True,True,False,True,5569818874,386,Roy Magnus Prim,Extern verkställande direktör,david.kjellner@kjellnersror.se,0515-407 10,ok,3,2809738,2809.7,386,9,3,12,1.0,0.75,9.0,A,1,1,0,1,1,0
1117,Projektrör Väst AB,Skårs Led 3B,Göteborg,412 63,031-14 39 39,info@projektror.se,,Skårs Led 3B,Göteborg,412 63,,True,False,False,,5563792729,155,Lars Erik Edström,Extern verkställande direktör,info@projektror.se,031-14 39 39,ok,3,1721546,1721.5,155,9,3,12,1.0,0.75,9.0,A,1,1,0,1,1,0
1146,Kjellners Rör AB Herrljunga,Horsbystigen 1,Herrljunga,524 32,0513-210 65,david.kjellner@kjellnersror.se,weborder@kjellnersror.se,Horsbystigen 1,Herrljunga,524 32,,True,True,True,True,5560336256,292,Joakim Sven-Inge Backlund,Verkställande direktör,david.kjellner@kjellnersror.se,0513-210 65,ok,3,981102,981.1,292,9,3,12,1.0,0.75,9.0,A,1,1,0,1,1,0
1115,Ronnys VVS och Energiservice AB,Lovisagatan 21,Jönköping,554 72,036-313240,info@ronnysvvs.se,info@ronnysvvs.se,Lovisagatan 21,Jönköping,554 72,,True,True,False,True,5564794856,12,Karl Ronny Alexander Löfgren,Ledamot,info@ronnysvvs.se,036-313240,ok,3,28603,28.6,12,9,1,10,1.0,0.9,9.0,A,1,1,0,1,1,0
1097,Ternstedt Invent AB - Kisa,Sjövallavägen 5,Kisa,590 39,0494-69 91 00,info@ternstedtinvent.se,service-kinda@ternstedtinvent.se,Sjövallavägen 5,Kisa,590 39,,True,True,False,True,5564764255,6,Kent Erik Berg,Verkställande direktör,info@ternstedtinvent.se,0494-69 91 00,ok,3,5935,5.9,6,10,0,10,1.0,0.9,9.0,A,1,1,1,1,1,0
1145,Kjellners Rör AB Kvänum,Karlagatan 3,Kvänum,535 30,0512-926 75,anton.hjalmarsson@kjellnersror.se,weborder@kjellnersror.se,Karlagatan 3,Kvänum,535 30,,True,True,True,True,5562023159,132,Johan Niklas Efraimsson,Verkställande direktör,anton.hjalmarsson@kjellnersror.se,0512-926 75,low,3,279084,279.1,132,9,3,12,1.0,0.75,9.0,A,1,1,0,1,1,0
1046,Lundstedts Rör,Vintergatan 4,Motala,591 32,0141-54 560,info@lundstedtsror.se,,Vintergatan 4,Motala,591 32,,False,False,False,False,5568606890,11,Krister Arne Fogelin,Verkställande direktör,info@lundstedtsror.se,0141-54 560,low,3,22265,22.3,11,9,1,10,1.0,0.9,9.0,A,1,1,0,1,1,0
1119,Oxelösunds Rör AB,Torggatan 24,Oxelösund,613 30,0155-304 25,info@ox-ror.se,,Torggatan 24,Oxelösund,613 30,,True,True,True,,5564085123,7,Kurt Mikael Nilsson,Ordförande,info@ox-ror.se,0155-304 25,ok,3,15256,15.3,7,9,1,10,1.0,0.9,9.0,A,1,1,0,1,1,0
1113,Rörab Infra AB,Bergkällavägen 20,Sollentuna,192 79,08-590 341 30,Info@rorab.se,eric@rorab.se,Bergkällavägen 20,Sollentuna,192 79,,True,True,False,True,5590173372,15,Ulf Eric Örnberg,Verkställande direktör,Info@rorab.se,08-590 341 30,ok,3,27748,27.7,15,9,1,10,1.0,0.9,9.0,A,1,1,0,1,1,0
1152,Infjärdens Värme AB Uppsala,Björkgatan 9,Uppsala,750 11,010-414 40 80,uppsala@ivab.com,,Björkgatan 9,Uppsala,750 11,,True,False,,,5568245954,13,Carl Magnus Christian Bonthron,Ledamot,uppsala@ivab.com,010-414 40 80,low,3,13674,13.7,13,9,1,10,1.0,0.9,9.0,A,1,1,0,1,1,0
1191,Bad & Energicenter AB,Mickelsvägen 6,Hudiksvall,824 34,0650-769 20,info@badenergi.se,info@badenergi.se,Mickelsvägen 6,Hudiksvall,824 34,,True,True,True,True,5564761053,22,Hans Jakob Landström,Extern verkställande direktör,info@badenergi.se,0650-769 20,ok,2,62968,63.0,22,9,2,11,0.78,1.0,8.58,A,1,1,0,1,1,0
1161,Infjärdens Värme AB Holmsund,Järnvägsgatan 12,Holmsund,913 35,010-414 41 30,umea@ivab.com,,Järnvägsgatan 12,Holmsund,913 35,,True,False,,,5560611765,15,Per Magnus Johansson,Verkställande direktör,umea@ivab.com,010-414 41 30,ok,2,163565,163.6,15,9,3,12,0.78,0.9,8.42,A,1,1,0,1,1,0
1123,Närkes Energiteknik AB,Grusgropsvägen 5,Örebro,702 36,019-611 78 85,info@narkesenergiteknik.se,,Grusgropsvägen 5,Örebro,702 36,,True,False,,,5567937965,8,Carl Marcus Bergfalk,Verkställande direktör,info@narkesenergiteknik.se,019-611 78 85,ok,3,21570,21.6,8,8,1,9,1.0,0.9,8.1,A,1,1,0,1,0,0
1085,Värme & Sanitet A Palmér AB,Tegelbruksgatan 1,Vimmerby,598 40,0492-150 90,mattias@comfortvby.se,mattias@comfortvby.se,Tegelbruksgatan 1,Vimmerby,598 40,,True,True,True,True,5560894627,10,Peder Mattias Eek,Verkställande direktör,mattias@comfortvby.se,0492-150 90,ok,3,23210,23.2,10,8,1,9,1.0,0.9,8.1,A,1,0,0,1,1,0
1048,Rör-Karlsson Kalmar,Wismarsvägen 3,Kalmar,392 56,0480-98 93 50,info@ror-karlsson.se,info@ror-karlsson.se,Wismarsvägen 3,Kalmar,392 56,,True,True,False,False,5592719016,4,Adam Persson,Ledamot,info@ror-karlsson.se,0480-98 93 50,low,4,8515,8.5,4,9,0,9,1.28,0.7,8.06,A,1,1,0,1,1,0
1125,NG Nilsson Rör AB,Industrigatan 3,Sjöbo,275 39,0416-196 15,info@ngnilsson.se,info@ngnilsson.se,Industrigatan 3,Sjöbo,275 39,,True,True,False,True,5592581630,2,Hans Stefan Seaton Jacobsson,Ledamot,info@ngnilsson.se,0416-196 15,ok,4,8471,8.5,2,9,0,9,1.28,0.7,8.06,A,1,1,0,1,1,0
1179,Comfort Visby,Stenkumlaväg 6,Visby,621 46,0498-20 17 70,,kontakt@comfortvisby.se ,Stenkumlaväg 6,Visby,621 46,,True,True,False,True,5563916260,1,Birgitta Anna Emelie Amér,Ledamot,,0498-20 17 70,low,4,665,0.7,1,9,0,9,1.28,0.7,8.06,A,1,1,0,1,1,0
1175,Curt Petterssons Värme AB,Nibblingsvägen 20,Arnäsvall,891 55,0660-822 70,info@petterssonsvarme.se,info@petterssonsvarme.se,Nibblingsvägen 20,Arnäsvall,891 55,Örnsköldsvik,True,True,True,True,5566825823,14,Sven Tommy Nilsson,Verkställande direktör,info@petterssonsvarme.se,0660-822 70,ok,2,32504,32.5,14,9,2,11,0.78,0.9,7.72,A,1,1,0,1,1,0
1107,Simonssons Rör AB,Hantverksvägen 3,Lima,780 64,0280-31 231,info@simonssonsror.se,erik@simonssonsror.se,Hantverksvägen 3,Lima,780 64,Lima/Sälen,False,True,False,True,5562202183,15,Erik Sture Simonsson,Verkställande direktör,info@simonssonsror.se,0280-31 231,ok,2,40971,41.0,15,9,2,11,0.78,0.9,7.72,A,1,1,0,1,1,0
1122,"Olja & Sanitet, AB",Övergårdsvägen 14,Sollefteå,881 41,0620-147 15,info@oljasanitet.nu,leif@oljasanitet.nu,Övergårdsvägen 14,Sollefteå,881 41,,True,True,True,True,5566211404,15,Leif Gustav Medin,Ordförande,info@oljasanitet.nu,0620-147 15,ok,2,32103,32.1,15,9,2,11,0.78,0.9,7.72,A,1,1,0,1,1,0
1087,Wiiks Rör AB,Magasinsgatan 20,Storvik,812 30,0290-317 00,info@wiiksror.se,info@wiiksror.se,Magasinsgatan 20,Storvik,812 30,,True,True,True,True,5560958521,14,Elisabeth Johanna Wik,Verkställande direktör,info@wiiksror.se,0290-317 00,ok,2,30094,30.1,14,9,2,11,0.78,0.9,7.72,A,1,1,0,1,1,0
1472,Tärnaby Rör,Industrivägen 9,Tärnaby,925 31,073-818 29 20,joakim@tarnabyror.com,,,,,,True,True,False,False,5566252648,9,Magnus Karl Fredrik Larsson,Ledamot,joakim@tarnabyror.com,073-818 29 20,ok,2,16649,16.6,9,10,1,11,0.78,0.9,7.72,A,1,1,1,1,1,0
1465,Lars Anders VVS AB,Saedensvägen 1,Vindeln,92232,090-202 50 00,info@larsandersvvs.se,,,,,,True,True,False,False,5563847846,10,Lars Joakim Rudolfsson,Verkställande direktör,info@larsandersvvs.se,090-202 50 00,ok,2,18516,18.5,10,10,1,11,0.78,0.9,7.72,A,1,1,1,1,1,0
1128,Comfort VVS & EL Öland Mörbylånga,"Bygatan 7, Stora Frö",Mörbylånga,386 60,0485-363 83,mikael.siklund@comfortoland.se,emil@comfortoland.se,"Bygatan 7, Stora Frö",Mörbylånga,386 60,,True,True,True,True,63092111210521,0,,,mikael.siklund@comfortoland.se,0485-363 83,ok,4,,,0,10,0,10,1.28,0.6,7.68,A,1,1,1,1,1,0
1091,Thomas Rör,Norra järnvägsgatan 52A,Ljusdal,827 32,0651-10368,kontor@thomasror.se,kontor@thomasror.se,Norra järnvägsgatan 52A,Ljusdal,827 32,,True,True,False,True,5563249100,129,Dario Aganovic,Ordförande,kontor@thomasror.se,0651-10368,ok,2,261525,261.5,129,10,3,13,0.78,0.75,7.61,A,1,1,1,1,1,0
1088,Vattenhuset AB,Norra Backagatan 2,Borlänge,781 70,0243-22 60 60,butik@vattenhuset.se,ehandel@vattenhuset.se,Norra Backagatan 2,Borlänge,781 70,,True,True,True,True,5566129283,15,Ellen Hillevi Liselotte Michelotti,Ledamot,butik@vattenhuset.se,0243-22 60 60,ok,2,25126,25.1,15,9,1,10,0.78,0.9,7.02,A,1,1,0,1,1,0
1169,"Erikssons VVS-Shop, AB",Tullportsgatan 4,Härnösand,871 41,0611-207 20,comfort@harnosand.comfort.se,comfort@harnosand.comfort.se,Tullportsgatan 4,Härnösand,871 41,,True,True,True,True,5561967216,14,Nils Adrian Lindvall,Ordförande,comfort@harnosand.comfort.se,0611-207 20,low,2,18028,18.0,14,9,1,10,0.78,0.9,7.02,A,1,1,0,1,1,0
1138,Lars Sundström AB,Rävilsvägen 21,Linghed,790 25,0246-224 00,info@larssundstromab.se,,Rävilsvägen 21,Linghed,790 25,,True,True,True,False,5560582982,11,Erik Stefan Heed,Ordförande,info@larssundstromab.se,0246-224 00,ok,2,16353,16.4,11,9,1,10,0.78,0.9,7.02,A,1,1,0,1,1,0
1109,Rör-Teknik AB,Hagvägen 28,Östersund,831 48,063-19 91 90,info@rorteknik.nu,butik@rorteknik.nu,Hagvägen 28,Östersund,831 48,,True,True,True,True,5562345594,13,Nils Sören Mårtensson,Ordförande,info@rorteknik.nu,063-19 91 90,low,2,20525,20.5,13,9,1,10,0.78,0.9,7.02,A,1,1,0,1,1,0
1052,Gustafssons Rör i Sundsvall,Tegelvägen 8A,Sundsvall,853 50,060-606 65 80,info@gustafssonsror.se,liselott@gustafssonsror.se,Tegelvägen 8A,Sundsvall,853 50,,True,True,False,True,5590718614,15,Lars Peter Gustafsson,Verkställande direktör,info@gustafssonsror.se,060-606 65 80,ok,2,31253,31.3,15,8,2,10,0.78,0.9,7.02,A,1,1,0,1,0,0
1093,Ternstedt Invent AB - Åtvidaberg,Industrigatan 7,Åtvidaberg,597 53,0120-295 90,info@ternstedtinvent.se,Henrik.johansson@ternstedtinvent.se,Industrigatan 7,Åtvidaberg,597 53,,True,True,True,True,5592998834,4,Ann-Sofie Cecilia Stål,Ordförande,info@ternstedtinvent.se,0120-295 90,ok,3,3510,3.5,4,10,0,10,1.0,0.7,7.0,A,1,1,1,1,1,0
1208,Söderlunds Rör AB Öregrund,Slånvägen 4,Öregrund,742 43,010-455 03 40,info@sra.nu,order@sra.nu,Slånvägen 4,Öregrund,742 43,,False,False,False,False,5565333399,3,Daniel Åke Sjulander,Ledamot,info@sra.nu,010-455 03 40,ok,3,3954,4.0,3,10,0,10,1.0,0.7,7.0,A,1,1,1,1,1,0
1095,Ternstedt Invent AB - Rimforsa,Industrivägen 4,Rimforsa,590 44,0494-69 91 00,info@ternstedtinvent.se,service-kinda@ternstedtinvent.se,Industrivägen 4,Rimforsa,590 44,,True,True,False,True,5562271287,1,Sten Gustaf Håkan Ekerå,Ledamot,info@ternstedtinvent.se,0494-69 91 00,ok,3,1794,1.8,1,10,0,10,1.0,0.7,7.0,A,1,1,1,1,1,0
1164,Hälsinge Rör AB,Industrigatan 2,Bollnäs,821 41,0278-63 60 00,info@halsingeror.se,e-handel@halsingeror.se,Industrigatan 2,Bollnäs,821 41,,True,True,True,True,5562475201,8,Knut Anders Eriksson,Verkställande direktör,info@halsingeror.se,0278-63 60 00,ok,2,8829,8.8,8,9,0,9,0.78,0.9,6.32,A,1,1,0,1,1,0
1141,Kramfors Värme & Sanitet AB,Revgatan 14,Kramfors,872 30,0612-132 70,kramfors.varme@telia.com,,Revgatan 14,Kramfors,872 30,,True,True,False,,5568358088,5,Hans Arvid Bjurström,Ledamot,kramfors.varme@telia.com,0612-132 70,ok,2,5929,5.9,5,9,0,9,0.78,0.9,6.32,A,1,1,0,1,1,0
1163,Högbergs Rör i Borås AB,Sandlidsgatan 1,Borås,504 62,033-430 30 40,info@hogbergs.se,butiken@hogbergs.se,Sandlidsgatan 1,Borås,504 62,,True,True,True,True,5590515002,3,Ömer Muameleci,Ordförande,info@hogbergs.se,033-430 30 40,ok,3,2173,2.2,3,9,0,9,1.0,0.7,6.3,A,1,1,0,1,1,0
1131,Mählqvist Rör AB Katrineholm,Vassmogatan 2,Katrineholm,641 49,0150-66 95 50,katrineholm@mahlqvist.se,weborder@mahlqvist.se,Vassmogatan 2,Katrineholm,641 49,,True,True,True,True,5563973881,2,Lars Victor Håkansson,Verkställande direktör,katrineholm@mahlqvist.se,0150-66 95 50,low,3,3137,3.1,2,9,0,9,1.0,0.7,6.3,A,1,1,0,1,1,0
1155,Infjärdens Värme AB Sala,Fridhemsgatan 9B,Sala,733 39,010-414 41 50,sala@ivab.com,sala@ivab.com,Fridhemsgatan 9B,Sala,733 39,,True,True,False,True,5569874505,2,Linda Sofie Bohlin,Ledamot,sala@ivab.com,010-414 41 50,ok,3,1957,2.0,2,9,0,9,1.0,0.7,6.3,A,1,1,0,1,1,0
1103,Strömstads Värme & Sanitet AB,Oslovägen 41,Strömstad,452 35,0526-130 75,info@comfort-stromstad.com,robert.collin@comfort-stromstad.com,Oslovägen 41,Strömstad,452 35,,True,True,True,True,5592721590,3,Ingrid Maria-Lisa Gustafsson,Extern verkställande direktör,info@comfort-stromstad.com,0526-130 75,ok,3,2266,2.3,3,9,0,9,1.0,0.7,6.3,A,1,1,0,1,1,0
1445,Simonssons Rör Branäs,Nygårdsvägen 2,Sysslebäck,680 60,0280-312 31,info@simonssonsror.se,,,,,Branäs,False,False,False,False,5569486250,1,Pär John Morgan Jönsson,Verkställande direktör,info@simonssonsror.se,0280-312 31,ok,3,2852,2.9,1,9,0,9,1.0,0.7,6.3,A,1,1,0,1,1,0
1089,Tranås Rörservice AB,Hörngatan 2,Tranås,573 42,0140-65055,info@rorservice.com,susanna@rorservice.com,Hörngatan 2,Tranås,573 42,,True,True,True,True,5565478004,2,Thomas Emil Gillis Wennerlund,Ledamot,info@rorservice.com,0140-65055,ok,3,1445,1.4,2,9,0,9,1.0,0.7,6.3,A,1,1,0,1,1,0
1104,Stora Mellby Rör i Trollhättan AB,Kardanvägen 3B,Trollhättan,461 38,0520-823 84,info@mellbyror.se,order.trollhattan@mellbyror.se,Kardanvägen 3B,Trollhättan,461 38,,True,True,False,True,5592534027,3,Lena Marie Lindell Ljusell,Verkställande direktör,info@mellbyror.se,0520-823 84,ok,3,2175,2.2,3,9,0,9,1.0,0.7,6.3,A,1,1,0,1,1,0
1205,Projektrör Väst AB  Uddevalla,Kurödsvägen 10,Uddevalla,451 55,0522-291 99,info@projektror.se,,Kurödsvägen 10,Uddevalla,451 55,,True,False,False,False,5592651953,1,Alastair John Ross,Ledamot,info@projektror.se,0522-291 99,ok,3,1203,1.2,1,9,0,9,1.0,0.7,6.3,A,1,1,0,1,1,0
1112,BP VVS och EL AB,Lärjungevägen 4,Vendelsö,136 69,08-776 12 56,info@bpvvs.se,info@bpvvs.se,Lärjungevägen 4,Vendelsö,136 69,,True,True,False,True,5565264495,1,Sara Margareta Bylund,Ledamot,info@bpvvs.se,08-776 12 56,ok,3,3125,3.1,1,9,0,9,1.0,0.7,6.3,A,1,1,0,1,1,0
1455,Jäders Värme & Sanitet Haparanda,Skomakargatan 1,Haparanda,953 34,0922-108 08,info@jadersvarme.se,,,,,,False,False,False,False,5568910235,71,Stefan Patrik Palmelind,Verkställande direktör,info@jadersvarme.se,0922-108 08,ok,1,93518,93.5,71,9,2,11,0.6,0.9,5.94,A,1,1,0,1,1,0
1167,Falkenbergs Rör AB,Kvekatorpsvägen 21,Falkenberg,311 32,0346-71 47 50,order@falkenbergsror.se,order@falkenbergsror.se,Kvekatorpsvägen 21,Falkenberg,311 32,,True,True,False,True,5560773797,47,Johan Martin Dahl,Verkställande direktör,order@falkenbergsror.se,0346-71 47 50,low,4,116938,116.9,47,2,3,5,1.28,0.9,5.76,A,0,0,0,1,1,0
1454,Jäders Värme & Sanitet Malå,Storgatan 23,Malå,939 31,0953-80 99 10,info@jadersvarme.se,,Storgatan 23,Malå,939 31,,False,False,False,False,5595033795,1,Lars Johan Martin Norlund,Ledamot,info@jadersvarme.se,0953-80 99 10,low,2,10047,10.0,1,9,1,10,0.78,0.7,5.46,A,1,1,0,1,1,0
1462,Comfort Åre AB,Svedjevägen 7 A,Skellefteå,83136,0647-76 000,hej@comfortare.se,,Såå 406,Åre,837 97,,True,True,False,False,5595481887,1-4,Per Åke Mattias Broman,Ordförande,hej@comfortare.se,0647-76 000,ok,2,,,1,10,0,10,0.78,0.7,5.46,A,1,1,1,1,1,0
1124,Nya Söberg & Söderström Rör AB,Marielundsgatan 2,Gnesta,646 34,0158-13660,info@rorhuset.se,order@rorhuset.se,Marielundsgatan 2,Gnesta,646 34,,True,True,True,True,70090714083339,0,,,info@rorhuset.se,0158-13660,ok,3,,,0,9,0,9,1.0,0.6,5.4,A,1,1,0,1,1,0
1156,Infjärdens Värme AB Roknäs,Fläktgatan 11,Piteå,941 28,010-414 40 40,roknas@ivab.com,,Fläktgatan 11,Piteå,941 28,,True,False,,,5560741935,270,Anna Mari Nilsson,Extern verkställande direktör,roknas@ivab.com,010-414 40 40,ok,1,379344,379.3,270,9,3,12,0.6,0.75,5.4,A,1,1,0,1,1,0
1134,M J  Fjärrvärme & VVS AB,Idögatan 38,Linköping,58278,013-29 95 42,info@mjvvs.se,,Idögatan 38,Linköping,582 78,,True,False,,,5566163720,40,Carl Ludvig Mikael Elebring,Verkställande direktör,info@mjvvs.se,013-29 95 42,ok,3,121082,121.1,40,2,3,5,1.0,1.0,5.0,A,0,0,0,1,1,0
1471,Lycksele Värmeservice,Bergstigen 8,Lycksele,921 45,070-523 29 69,info@varmeservice.nu,,,,,,True,True,False,False,5565394714,3,Bernt Lars-Olov Hultebrand,Verkställande direktör,info@varmeservice.nu,070-523 29 69,low,2,236,0.2,3,9,0,9,0.78,0.7,4.91,B,1,1,0,1,1,0
1078,Nordelektro Malå,Fabriksgatan 1,Malå,939 32,010-188 18 01,info@nordelektro.se,,Fabriksgatan 1,Malå,939 32,,True,False,,,5595033795,1,Lars Johan Martin Norlund,Ledamot,info@nordelektro.se,010-188 18 01,low,2,10047,10.0,1,8,1,9,0.78,0.7,4.91,B,1,1,1,0,0,0
1108,Rörteknik Energi i Åre AB,Hagvägen 28,Östersund,831 48,070-6889023,lars@rorteknik.nu,,Hagvägen 28,Östersund,831 48,,True,False,,,5591025969,2,Magnus Viktor Ågren,Verkställande direktör,lars@rorteknik.nu,070-6889023,ok,2,4033,4.0,2,9,0,9,0.78,0.7,4.91,B,1,1,0,1,1,0
1151,Jäders Värme & Sanitet Skellefteå,Brogatan 29,Skellefteå,931 60,0910-548 90,info@jadersvarme.se,info@jadersvarme.se,Brogatan 29,Skellefteå,931 60,,True,True,True,True,5568661135,2,Lars Kennet Tjärnström,Verkställande direktör,info@jadersvarme.se,0910-548 90,low,2,3209,3.2,2,9,0,9,0.78,0.7,4.91,B,1,1,0,1,1,0
1154,Infjärdens Värme AB Skellefteå,Fabriksgatan 6,Skellefteå,931 37,010-414 41 70,skelleftea@ivab.com,,Fabriksgatan 6,Skellefteå,931 37,,True,False,,,5568661135,2,Lars Kennet Tjärnström,Verkställande direktör,skelleftea@ivab.com,010-414 41 70,low,2,3209,3.2,2,9,0,9,0.78,0.7,4.91,B,1,1,0,1,1,0
1086,VRE Rör & Värmeekonomi AB,Dammgatan 3,Söderhamn,826 32,0270-14450,info@vreror.se,order@vreror.se,Dammgatan 3,Söderhamn,826 32,,True,True,False,True,5594900150,1-4,Kim Åke John Nygren,Ledamot,info@vreror.se,0270-14450,ok,2,,,1,9,0,9,0.78,0.7,4.91,B,1,1,0,1,1,0
1444,Simonssons Rör Vemdalen,Fjällvägen 47H,Vemdalen,846 71,070-284 84 44,vemdalen@simonssonsror.se,,,,,Vemdalen,False,False,False,False,5593605933,1,Mats Alexander Sörell,Ledamot,vemdalen@simonssonsror.se,070-284 84 44,ok,2,1100,1.1,1,9,0,9,0.78,0.7,4.91,B,1,1,0,1,1,0
1051,Gustafssons Rör i Umeå,Formvägen 12b,Umeå,906 21,090-200 30 91,info@gustafssonsror.se,liselott@gustafssonsror.se,Formvägen 12b,Umeå,906 21,,True,True,False,False,5567977714,0,Per Erik Andreas Eriksson,Verkställande direktör,info@gustafssonsror.se,090-200 30 91,low,2,25415,25.4,0,9,1,10,0.78,0.6,4.68,B,1,1,0,1,1,0
1456,Jäders Värme & Sanitet Kalix,Betongvägen 5,Kalix,952 31,0923-213 96,info@jadersvarme.se,,,,,,True,True,False,False,5563873065,3,Sten Kenneth Englund,Ordförande,info@jadersvarme.se,0923-213 96,low,1,30710,30.7,3,9,2,11,0.6,0.7,4.62,B,1,1,0,1,1,0
1070,Xpert El,Vällaregatan 30,Olofström,293 38,0454-57 39 10,info@xpertel.se,,Vällaregatan 30,Olofström,293 38,,False,False,False,False,5561071365,42,John Magnus Liljengren,Verkställande direktör,info@xpertel.se,0454-57 39 10,ok,4,130052,130.1,42,1,3,4,1.28,0.9,4.61,B,0,0,1,0,0,0
1211,Elservice i Trelleborg,Persåkersvägen 2,Trelleborg,231 62,0410-599 70,info@elserviceab.com,,Persåkersvägen 2,Trelleborg,231 62,,False,False,False,False,5560063421,63,Peter Lennart Nilsson,Verkställande direktör,info@elserviceab.com,0410-599 70,low,4,697000,697.0,63,1,3,4,1.28,0.9,4.61,B,0,0,1,0,0,0
1171,Djupedals Rör Vårgårda,Lindbladsvägen 6A,Vårgårda,447 37,0322-623 370,info@djupedalsror.se,info@djupedalsror.se,Lindbladsvägen 6A,Vårgårda,447 37,,False,False,False,False,5564776911,53,Martin Ravn-Nielsen,Ordförande,info@djupedalsror.se,0322-623 370,ok,3,151086,151.1,53,2,3,5,1.0,0.9,4.5,B,0,0,0,1,1,0
1162,Infjärdens Värme AB Boden,Sturegatan 18,Boden,961 33,010-414 41 40,boden@ivab.com,boden@ivab.com,Sturegatan 18,Boden,961 33,,True,False,False,True,5565932349,2,Lilian Catarina Granström,Verkställande direktör,boden@ivab.com,010-414 41 40,low,1,27228,27.2,2,9,1,10,0.6,0.7,4.2,B,1,1,0,1,1,0
1207,Allmänna El Linköping,Norra Svedengatan 36B,Linköping,582 73,0706-19 04 82,info@allmannael.se,,Norra Svedengatan 36B,Linköping,582 73,,True,True,False,False,5562363589,19,Steve Ingmar Jansson,Ledamot,info@allmannael.se,0706-19 04 82,low,3,161001,161.0,19,1,3,4,1.0,1.0,4.0,B,0,0,1,0,0,0
1458,Totalentreprenad VVS i Kristianstad AB,Kabelvägen 18,Kristianstad,291 62,044-20 98 50,,,,,,,True,True,,,5564524188,24,Anders Per-Ole Ekdahl,Ledamot,,044-20 98 50,low,4,206540,206.5,24,0,3,3,1.28,1.0,3.84,B,0,0,0,0,0,1
1114,Rör City i Luleå AB,Midgårdsvägen 24,Luleå,973 34,0920-22 22 55,info@lulea.comfort.se,info@lulea.comfort.se,Midgårdsvägen 24,Luleå,973 34,,True,True,True,True,5568395593,1-4,Lars Rune Michael Ögren,Verkställande direktör,info@lulea.comfort.se,0920-22 22 55,low,1,2659,2.7,1,9,0,9,0.6,0.7,3.78,B,1,1,0,1,1,0
1172,Djupedals Rör Kvänum,Storgatan 12,Kvänum,535 30,0512-921 00,info@djupedalsror.se,info@djupedalsror.se,Storgatan 12,Kvänum,535 30,,False,False,False,False,5562023159,132,Johan Niklas Efraimsson,Verkställande direktör,info@djupedalsror.se,0512-921 00,low,3,279084,279.1,132,2,3,5,1.0,0.75,3.75,B,0,0,0,1,1,0
1443,Infjärdens Värme AB Örebro,Skjutbanevägen 11,Örebro,703 69,010-414 40 80,rasmus.von.knorring@ivab.com,,,,,,True,True,False,False,5560741935,270,Anna Mari Nilsson,Extern verkställande direktör,rasmus.von.knorring@ivab.com,010-414 40 80,ok,3,379344,379.3,270,2,3,5,1.0,0.75,3.75,B,0,0,0,1,1,0
1467,Anderssons Elektriska i Mjölby AB,Box 4,Mjölby,59521,0142-170 20,info@anderssonsel.se,,Dackegatan 29,Mjölby,595 32,,False,False,False,False,5560585589,67,David Olof Olefalk,Verkställande direktör,info@anderssonsel.se,0142-170 20,ok,3,164072,164.1,67,1,3,4,1.0,0.9,3.6,B,0,0,1,0,0,0
1066,Allmänna El Mjölby,Prästgårdsliden 8A,Mjölby,595 42,0706-19 04 82,info@allmannael.se,,Prästgårdsliden 8A,Mjölby,595 42,,True,True,False,False,5560414749,55,Ulf Torbjörn Olsson,Extern verkställande direktör,info@allmannael.se,0706-19 04 82,low,3,270579,270.6,55,1,3,4,1.0,0.9,3.6,B,0,0,1,0,0,0
1190,Badrumsbutiken i Sollentuna AB,Kanalvägen 69,Sollentuna,191 34,08-732 64 40,info@comfortsollentuna.se,info@comfortsollentuna.se,Kanalvägen 69,Sollentuna,191 34,,True,True,True,True,5563000883,6,Mari Lisbeth Kristin Van Workum,Ledamot,info@comfortsollentuna.se,08-732 64 40,ok,3,29822,29.8,6,3,1,4,1.0,0.9,3.6,B,0,0,1,1,1,0
1139,Landskrona Installation AB,Lundåkragatan 27,Landskrona,26135,0418-44 61 33,info@carlphilipsvvs.se,,Lundåkragatan 27,Landskrona,261 35,,False,False,False,False,5568410038,9,Claes Anders Philip Törnmalm,Ledamot,info@carlphilipsvvs.se,0418-44 61 33,low,4,12001,12.0,9,2,1,3,1.28,0.9,3.46,B,0,0,0,1,1,0
1452,PlanMan Malmö AB,Saxgatan 4,Malmö,211 25,0729-95 22 00,info@pmmab.se,,Saxgatan 4,Malmö,211 25,,False,False,False,False,5566289285,8,Anneli Cecilia Madelene Tollstam,Ledamot,info@pmmab.se,0729-95 22 00,low,4,48022,48.0,8,1,2,3,1.28,0.9,3.46,B,0,0,1,0,0,0
1210,Elservice - Malmö,Kantyxegatan 23,Malmö,213 76,040-138 200,info@elserviceab.com,,Kantyxegatan 23,Malmö,213 76,,False,False,False,False,5566289285,8,Anneli Cecilia Madelene Tollstam,Ledamot,info@elserviceab.com,040-138 200,low,4,48022,48.0,8,1,2,3,1.28,0.9,3.46,B,0,0,1,0,0,0
1069,Holje El,Ågatan 4,Olofström,293 34,0454-990 00,info@holjeel.se,,Ågatan 4,Olofström,293 34,,False,False,False,False,5560500042,45,Emma Inga Linnéa Stigsson,Verkställande direktör,info@holjeel.se,0454-990 00,ok,4,72648,72.6,45,1,2,3,1.28,0.9,3.46,B,0,0,1,0,0,0
1166,Gävle Rörteam AB,Kryddstigen 9,Gävle,802 92,026-10 50 40,info@gavlerorteam.se,jorgen@gavlerorteam.se,Kryddstigen 9,Gävle,802 92,,True,True,False,True,5566940234,28,Otto Anders Lööw,Extern verkställande direktör,info@gavlerorteam.se,026-10 50 40,ok,2,49422,49.4,28,2,2,4,0.78,1.0,3.12,B,0,0,0,1,1,0
1177,Comfort-kedjan AB Kista,Jan Stenbecks Torg 17,Kista,16440,08-557 615 00,info@comfort.se,Magnus.spanos@comfort.se,Jan Stenbecks Torg 17,Kista,164 40,,False,False,False,False,5560392986,39,Ylva Annika Strindlund Jerveland,Extern verkställande direktör,info@comfort.se,08-557 615 00,ok,3,233968,234.0,39,0,3,3,1.0,1.0,3.0,B,0,0,0,0,0,1
1176,Comfort-kedjan AB Örebro,Elementvägen 8,Örebro,70227,019-777 02 00,,,Älvtomtagatan 12,Örebro,703 42,,False,False,False,False,5564741568,28,Daniel Pierre Ellison,Verkställande direktör,,019-777 02 00,ok,3,319334,319.3,28,0,3,3,1.0,1.0,3.0,B,0,0,0,0,0,1
1062,Falklöfs El,Verkstadsgatan 4,Örebro,702 27,070-593 94 72,fredrik@falklofsel.se,,Faktorigatan 13,Örebro,703 62,,True,False,,,5565597381,18,Karl Fredrik Tomas Falklöf,Verkställande direktör,fredrik@falklofsel.se,070-593 94 72,low,3,35530,35.5,18,1,2,3,1.0,1.0,3.0,B,0,0,1,0,0,0
1072,ATIs El och Energiteknik AB,Stensätravägen 4,Skärholmen,127 39,08-549 002 25,info@atis.se,,Stensätravägen 4,Skärholmen,127 39,,True,False,,,5565409876,23,Lars Åke Wallin,Extern verkställande direktör,info@atis.se,08-549 002 25,ok,3,60476,60.5,23,1,2,3,1.0,1.0,3.0,B,0,0,1,0,0,0
1079,Nordelektro Stockholm,Transbergsslingan 2,Bromma,167 45,08-560 389 39,info@nordelektro.se,,Transbergsslingan 2,Bromma,167 45,,True,False,,,5569015869,6,Harald Gunnar Ericsson,Ordförande,info@nordelektro.se,08-560 389 39,ok,3,52125,52.1,6,1,2,3,1.0,0.9,2.7,C,0,0,1,0,0,0
1183,Comfort i Finspång,Sjömansängsvägen 10,Finspång,612 44,0122-180 70,ra@andersonbaggman.se,roger.andersson@andersonbaggman.se,Sjömansängsvägen 10,Finspång,612 44,,True,True,True,True,5562434919,9,Lars Johan Bergling,Verkställande direktör,ra@andersonbaggman.se,0122-180 70,ok,3,15501,15.5,9,2,1,3,1.0,0.9,2.7,C,0,0,0,1,1,0
1174,Dinami Värme & Vatten AB,Västberga Allé 36B,Hägersten,126 30,072-2532650,info@dinami.se,comfortorder@dinami.se,Västberga Allé 36B,Hägersten,126 30,,True,True,False,True,5566305446,12,Patric Christopher Tottie,Ledamot,info@dinami.se,072-2532650,ok,3,12276,12.3,12,2,1,3,1.0,0.9,2.7,C,0,0,0,1,1,0
1101,Svärtinge Rör VVS AB,Torsgatan 15,Norrköping,603 63,011-4960230,info@svartingeror.se,,Torsgatan 15,Norrköping,603 63,,True,False,False,,5564968823,43,Bengt Christer Sundell,Verkställande direktör,info@svartingeror.se,011-4960230,low,3,124516,124.5,43,0,3,3,1.0,0.9,2.7,C,0,0,0,1,0,0
1463,Kraft och montage i Syd AB,Bolagsgatan 3,Svedala,23351,073-087 28 67,info@kraftochmontage.se,,,,,,False,False,False,False,5592775869,18,Hans Martin Rickard Hansson,Verkställande direktör,info@kraftochmontage.se,073-087 28 67,ok,4,73126,73.1,18,0,2,2,1.28,1.0,2.56,C,0,0,0,0,0,0
1073,Ventilationsteknik i Varberg AB,Härdgatan 30,Varberg,432 32,0340-690 680,info@ventilationsteknik.com,,Härdgatan 30,Varberg,432 32,,True,True,,,5560748468,26,Amer Dzindic,Verkställande direktör,info@ventilationsteknik.com,0340-690 680,low,4,52644,52.6,26,0,2,2,1.28,1.0,2.56,C,0,0,0,0,0,0
1200,Hultins El,Umevägen 9,Lycksele,921 45,0950-238 80,anders@hultinsel.se,,Umevägen 9,Lycksele,921 45,,False,False,,,5569016479,21,Curt Thomas Lilja,Verkställande direktör,anders@hultinsel.se,0950-238 80,ok,2,39096,39.1,21,1,2,3,0.78,1.0,2.34,C,0,0,1,0,0,0
1469,Mexor Industri AB,Högströmsgatan 12,Skellefteå,93133,070-28 22 949,tomas.eriksson@mexor.se,,,,,,True,False,False,False,5569990491,26,John Dane Johansson,Verkställande direktör,tomas.eriksson@mexor.se,070-28 22 949,ok,2,136294,136.3,26,0,3,3,0.78,1.0,2.34,C,0,0,0,1,0,0
1050,Spindel AB,Birger Svenssons väg 16,Varberg,432 40,0340-50 04 09,info@spindel.nu,,Birger Svenssons väg 16,Varberg,432 40,,False,False,,,5566972914,14,Pontus Karl Henrik Johansson,Verkställande direktör,info@spindel.nu,0340-50 04 09,ok,4,18582,18.6,14,1,1,2,1.28,0.9,2.3,C,0,0,1,0,0,0
1203,Temarör i Stockholm AB,Harpsundsvägen 211,Bandhagen,124 59,070-9731315,christoffer.carellius@temaror.se,,Harpsundsvägen 211,Bandhagen,124 59,,True,False,False,False,5568195324,446,Eva Charlotta Kassel,Verkställande direktör,christoffer.carellius@temaror.se,070-9731315,ok,3,252066,252.1,446,0,3,3,1.0,0.75,2.25,C,0,0,0,1,0,0
1201,Nordelektro Arjeplog,Laisvallvägen 10,Arjeplog,938 32,010-188 18 00,info@nordelektro.se,,Laisvallvägen 10,Arjeplog,938 32,,True,False,False,False,5562885425,82,Johan Daniel Ek,Extern verkställande direktör,info@nordelektro.se,010-188 18 00,ok,1,351226,351.2,82,1,3,4,0.6,0.9,2.16,C,0,0,1,0,0,0
1157,Infjärdens Värme AB Piteå,Fläktgatan 11,Piteå,941 28,010-414 40 00,info@ivab.com,ingrid.westerberg@ivab.com,Fläktgatan 11,Piteå,941 28,,True,True,True,True,5566431911,8,Anna Ulrika Nilsson,Extern verkställande direktör,info@ivab.com,010-414 40 00,low,1,57222,57.2,8,2,2,4,0.6,0.9,2.16,C,0,0,0,1,1,0
1209,Storfors Plåt Lycksele,"KLOCKARVÄGEN 15
",Lycksele,921 41,0920-24 77 60,info@storforsplat.se,,"KLOCKARVÄGEN 15
",Lycksele,921 41,,True,False,False,False,5560849795,74,Lars Magnus Eriksson,Verkställande direktör,info@storforsplat.se,0920-24 77 60,low,2,173722,173.7,74,0,3,3,0.78,0.9,2.11,C,0,0,0,0,0,0
1056,Storfors Plåt Skellefteå,Svedjevägen 8B,Skellefteå,931 36,0910-77 71 33,info@storforsplat.se,,Svedjevägen 8B,Skellefteå,931 36,,True,False,,,5560849795,74,Lars Magnus Eriksson,Verkställande direktör,info@storforsplat.se,0910-77 71 33,low,2,173722,173.7,74,0,3,3,0.78,0.9,2.11,C,0,0,0,0,0,0
1059,Svenska Elbyrån AB,Ostmästargränd 12,Årsta,120 40,08-94 21 24,info@svenskaelbyran.com,,Ostmästargränd 12,Årsta,120 40,,True,False,,,5565722674,16,Rolf Patrik Welander,Ordförande,info@svenskaelbyran.com,08-94 21 24,ok,3,22266,22.3,16,1,1,2,1.0,1.0,2.0,C,0,0,1,0,0,0
1074,HaMi,Gillbergagatan 21,Linköping,582 73,013-14 81 50,info@hami.se,,Gillbergagatan 21,Linköping,582 73,,False,False,False,False,5564523453,25,Johan Rolf Charley Kindvall,Verkställande direktör,info@hami.se,013-14 81 50,ok,3,75215,75.2,25,0,2,2,1.0,1.0,2.0,C,0,0,0,0,0,0
1067,Proair,Sprängstensgatan 1D,Norrköping,603 79,0732-40 83 00,info@proair.se,,Sprängstensgatan 1D,Norrköping,603 79,,True,True,,,5590406335,18,Andreas Bernt Rosberg,Verkställande direktör,info@proair.se,0732-40 83 00,low,3,62445,62.4,18,0,2,2,1.0,1.0,2.0,C,0,0,0,0,0,0
1450,Nyköpings Rör & Industriteknik,KURTORP 1,Nyköping,611 94,070-321 23 65,,,,,,,False,False,False,False,5563284586,26,Johan Patrik Nilsson,Extern verkställande direktör,,070-321 23 65,ok,3,95824,95.8,26,0,2,2,1.0,1.0,2.0,C,0,0,0,1,0,0
1116,Reko Rör,Signalgatan 9,Örebro,702 25,076-8021400,,,Signalgatan 9,Örebro,702 25,,True,False,,,5590340682,16,Karl Oskar Karlsson,Verkställande direktör,,076-8021400,low,3,38847,38.8,16,0,2,2,1.0,1.0,2.0,C,0,0,0,1,0,0
1144,Kjellners Rör AB Skara,Vallgatan 52,Skara,532 37,0511-210 70,anton.hjalmarsson@kjellnersror.se,weborder@kjellnersror.se,Vallgatan 52,Skara,532 37,,True,True,True,True,5568947500,39,Karl Emil David Kjellner,Verkställande direktör,anton.hjalmarsson@kjellnersror.se,0511-210 70,ok,3,64534,64.5,39,0,2,2,1.0,1.0,2.0,C,0,0,0,0,0,1
1077,Nordelektro Arvidsjaur,Järnvägsgatan 52,Arvidsjaur,933 31,010-188 18 31,,,Järnvägsgatan 52,Arvidsjaur,933 31,,True,False,,,5568776644,26,Bo Nils Anton Bränström,Ordförande,,010-188 18 31,low,1,15473,15.5,26,2,1,3,0.6,1.0,1.8,C,0,0,1,0,1,0
1504,Comfort Jönköping,Klostergatan 64,Jönköping,553 35,036-40057,info@comfortjkpg.se,,,,,Butiken i Jönköping,False,False,True,False,5563089498,9,Andreas Bo Daniel Rickman,Verkställande direktör,info@comfortjkpg.se,036-40057,low,3,79683,79.7,9,0,2,2,1.0,0.9,1.8,C,0,0,0,0,0,1
1464,Vetlanda Elteknik AB,Solbergavägen 8,Korsberga,57475,0383-127 10,info@vetlandaelteknik.se,,,,,,True,True,False,False,5569967812,7,Leif Svante Bertil Hedberg,Ledamot,info@vetlandaelteknik.se,0383-127 10,ok,3,12241,12.2,7,1,1,2,1.0,0.9,1.8,C,0,0,1,0,0,0
1187,Byggnadsförvaltarna i Skaraborg AB,Hovby Ängsbo 14,Lidköping,531 92,0500-444600,info@hovbygruppen.se,,Långgatan 21,Skövde,541 30,,False,True,,,5565726055,10,Pierre Roger Ahlstedt Sahl,Extern verkställande direktör,info@hovbygruppen.se,0500-444600,ok,3,20966,21.0,10,1,1,2,1.0,0.9,1.8,C,0,0,0,0,1,1
1192,Allmänna El,Strandvägen 2,Motala,591 36,0141-213645,info@allmannael.se,,Strandvägen 2,Motala,591 36,,True,True,False,,5566450861,13,Karl Anders Fredrik Varverud,Verkställande direktör,info@allmannael.se,0141-213645,low,3,18878,18.9,13,1,1,2,1.0,0.9,1.8,C,0,0,1,0,0,0
1075,Ternstedt Invent Örebro AB,Grusgropsvägen 5,Örebro,702 36,019-10 21 01,info@ternstedtinvent.se,,Grusgropsvägen 5,Örebro,702 36,,True,False,False,False,5594598004,13,Stefan Mathias Österberg,Verkställande direktör,info@ternstedtinvent.se,019-10 21 01,ok,3,56072,56.1,13,0,2,2,1.0,0.9,1.8,C,0,0,0,0,0,0
1468,Elinstallationer i Skänninge AB,Fabriksgatan 3,Skänninge,59633,0142-425 60,kontakt@skanningeel.se,,,,,,False,False,False,False,5562922483,11,Ulf Anders Johansson,Ordförande,kontakt@skanningeel.se,0142-425 60,ok,3,26389,26.4,11,1,1,2,1.0,0.9,1.8,C,0,0,1,0,0,0
1061,Vent projekt Stockholm AB,Fraktflygargatan 5,Skarpnäck,128 30,08-724 55 80,ventprojekt@ventprojekt.se,,Fraktflygargatan 5,Skarpnäck,128 30,,True,False,,,5563485126,11,Johan Anders Blank,Verkställande direktör,ventprojekt@ventprojekt.se,08-724 55 80,ok,3,53308,53.3,11,0,2,2,1.0,0.9,1.8,C,0,0,0,0,0,0
1057,Storfors Plåt Arvidsjaur,Järnvägsgatan 53,Arvidsjaur,933 31,0960-175 92,info@storforsplat.se,,Järnvägsgatan 53,Arvidsjaur,933 31,,True,False,,,5560849795,74,Lars Magnus Eriksson,Verkställande direktör,info@storforsplat.se,0960-175 92,low,1,173722,173.7,74,0,3,3,0.6,0.9,1.62,C,0,0,0,0,0,0
1058,Storfors Plåt Boden,"Pontonjärvägen 20 A
",Boden,961 43,0920-24 77 60,info@storforsplat.se,,"Pontonjärvägen 20 A
",Boden,961 43,,True,False,,,5560849795,74,Lars Magnus Eriksson,Verkställande direktör,info@storforsplat.se,0920-24 77 60,low,1,173722,173.7,74,0,3,3,0.6,0.9,1.62,C,0,0,0,0,0,0
1054,Storfors Plåt Luleå,Industrivägen 2,Luleå,972 54,0920-28 81 80,info@storforsplat.se,,Industrivägen 2,Luleå,972 54,,True,False,,,5560849795,74,Lars Magnus Eriksson,Verkställande direktör,info@storforsplat.se,0920-28 81 80,low,1,173722,173.7,74,0,3,3,0.6,0.9,1.62,C,0,0,0,0,0,0
1055,Storfors Plåt Piteå,Verkstadsgatan 3,Piteå,941 39,0911-910 75,info@storforsplat.se,,Backevägen 61,Piteå,941 47,,True,False,,,5560849795,74,Lars Magnus Eriksson,Verkställande direktör,info@storforsplat.se,0911-910 75,low,1,173722,173.7,74,0,3,3,0.6,0.9,1.62,C,0,0,0,0,0,0
1448,WDN Entreprenad AB,Förrådsg. 1,Gävle,803 09,026-66 01 00,,,,,,,,,,,5564789617,21,Karl Marcus Daniel Andersson,Verkställande direktör,,026-66 01 00,ok,2,30481,30.5,21,0,2,2,0.78,1.0,1.56,C,0,0,0,0,0,1
1047,Lasses El AB,Torpet 1,Malung,782 33,0280-126 00,kontakt@lassesel.se,,Torpet 1,Malung,782 33,,False,False,False,False,5569884660,17,S B Martin A Ingvarsson,Verkställande direktör,kontakt@lassesel.se,0280-126 00,ok,2,24299,24.3,17,1,1,2,0.78,1.0,1.56,C,0,0,1,0,0,0
1212,Eklunds Mora AB,Skolvägen 6,Mora,792 32,0250 - 58 50 00,info@eklundsmora.se,,Skolvägen 6,Mora,792 32,,False,False,False,False,5565001798,37,Anders Stefan Eklund,Verkställande direktör,info@eklundsmora.se,0250 - 58 50 00,ok,2,76417,76.4,37,0,2,2,0.78,1.0,1.56,C,0,0,0,0,0,1
1080,Nordelektro Hiss,Svedjevägen 8A,Skellefteå,931 36,010-188 18 00,info@nordelektro.se,,Svedjevägen 8A,Skellefteå,931 36,,True,False,,,5566479035,27,Tord Markel Jonsson,Extern verkställande direktör,info@nordelektro.se,010-188 18 00,low,2,80547,80.5,27,0,2,2,0.78,1.0,1.56,C,0,0,0,0,0,0
1461,Nordelektro Östersund,Studiegången 3,Östersund,831 40,010-188 18 00,info@nordelektro.se,,,,,,False,False,False,False,5562345594,13,Nils Sören Mårtensson,Ordförande,info@nordelektro.se,010-188 18 00,low,2,20525,20.5,13,1,1,2,0.78,0.9,1.4,C,0,0,1,0,0,0
1065,VEK i Mariestad,MADLYCKEVÄGEN 30,Mariestad,542 31,0510-86500,info@hovbygruppen.se,,MADLYCKEVÄGEN 30,Mariestad,542 31,,True,False,True,,5568490600,0,Åke Niclas Karlsson,Ordförande,info@hovbygruppen.se,0510-86500,ok,3,3177,3.2,0,2,0,2,1.0,0.6,1.2,C,0,0,0,1,1,0
1206,Bergsvikens Industriplåt AB,Mejselvägen 14,Öjebyn,943 36,0911-667 50,info@bergsvikensindustriplat.com,,Mejselvägen 14,Öjebyn,943 36,,True,True,False,False,5564419306,20,Carl Yngve Holm,Verkställande direktör,info@bergsvikensindustriplat.com,0911-667 50,ok,1,38935,38.9,20,0,2,2,0.6,1.0,1.2,C,0,0,0,0,0,0
1178,Comfort-Handel Sverge AB,Elementvägen 8,Örebro,70227,019-777 02 00,,,Elementvägen 8,Örebro,702 27,,False,False,False,False,5591686984,0,Daniel Pierre Ellison,Verkställande direktör,,019-777 02 00,ok,3,73841,73.8,0,0,2,2,1.0,0.6,1.2,C,0,0,0,0,0,1
1064,Johan Qvist Plåt & Isolering,Stengårds väg 29,Kungsbacka,434 91,0703-32 95 94,info@jpiab.se,,Stengårds väg 29,Kungsbacka,434 91,,False,False,False,False,5566736459,8,Marcus Erik Qvist,Verkställande direktör,info@jpiab.se,0703-32 95 94,ok,4,12249,12.2,8,0,1,1,1.28,0.9,1.15,C,0,0,0,1,0,0
1076,Nordelektro Umeå,Formvägen 8A,Umeå,906 21,010-188 18 00,info@nordelektro.se,,Formvägen 8A,Umeå,906 21,,True,False,,,5567977714,0,Per Erik Andreas Eriksson,Verkställande direktör,info@nordelektro.se,010-188 18 00,low,2,25415,25.4,0,1,1,2,0.78,0.6,0.94,D,0,0,1,0,0,0
1100,Svärtinge Rör Isolering AB,Torsgatan 15,Norrköping,600 12,011-4960230,info@svartingeror.se,,Torsgatan 15,Norrköping,600 12,,True,False,,,5590581046,5,Bengt Christer Sundell,Verkställande direktör,info@svartingeror.se,011-4960230,ok,3,16106,16.1,5,0,1,1,1.0,0.9,0.9,D,0,0,0,1,0,0
1063,Piscator Ventilation AB,"Adolfsbergsvägen 4
",Örebro,702 27,070-618 39 50,jorgen@piscatorab.se,,"Adolfsbergsvägen 4
",Örebro,702 27,,True,False,,,5566364476,8,Lars Jörgen Ulrik Piscator,Verkställande direktör,jorgen@piscatorab.se,070-618 39 50,ok,3,25271,25.3,8,0,1,1,1.0,0.9,0.9,D,0,0,0,0,0,0
1197,Rörrevision,Harsbygatan 10,Söderköping,614 31,070-818 33 95,kjell.soder@rorrevision.com,,Harsbygatan 10,Söderköping,614 31,,False,False,False,False,5566150289,6,Sven Micael Danielsson,Ledamot,kjell.soder@rorrevision.com,070-818 33 95,ok,3,17010,17.0,6,0,1,1,1.0,0.9,0.9,D,0,0,0,1,0,0
1213,"Be-Lo Elektriska AB, Borlänge",Häradsvägen 20,Borlänge,784 34,0243-801 45 ,info@beloel.se,,Häradsvägen 20,Borlänge,784 34,,False,False,False,False,5564624855,20,Tommy Sven Åke Dahlström,Verkställande direktör,info@beloel.se,0243-801 45 ,ok,2,29402,29.4,20,0,1,1,0.78,1.0,0.78,D,0,0,0,0,0,1
1447,Sparenergi i Kramfors AB,Ringvägen 9,Kramfors,872 30,070-3418315,,,Ringvägen 9,Kramfors,872 30,,False,False,False,False,5566341110,10,Erik Fredrik Svanberg,Verkställande direktör,,070-3418315,ok,2,25053,25.1,10,0,1,1,0.78,0.9,0.7,D,0,0,0,0,0,0
1049,MRJ Ventilation,Rådhusgatan 90 B 1 TR,Östersund,831 57,070-248 15 60,info@mrjvent.se,,Rådhusgatan 90 B 1 TR,Östersund,831 57,,True,False,False,False,5566721154,7,Markus Emmanuel Svensson,Verkställande direktör,info@mrjvent.se,070-248 15 60,ok,2,22417,22.4,7,0,1,1,0.78,0.9,0.7,D,0,0,0,0,0,0
1470,GreenExergy AB,Kyrkgränd 1,Skellefteå,93134,0910-21 69 01,anders.bystedt@greenexergy.com,,,,,,False,False,False,False,5561380436,9,John Dane Johansson,Verkställande direktör,anders.bystedt@greenexergy.com,0910-21 69 01,ok,2,11003,11.0,9,0,1,1,0.78,0.9,0.7,D,0,0,0,1,0,0
1451,S-G Lundins Elektriska Aktiebolag,Ortviksvägen 12,Sundsvall,856 33,060-15 87 60,kristian@lundinsel.se,,Ortviksvägen 12,Sundsvall,856 33,,,,,,5565394375,12,Jon Kristian Olsson,Verkställande direktör,kristian@lundinsel.se,060-15 87 60,ok,2,24490,24.5,12,0,1,1,0.78,0.9,0.7,D,0,0,0,0,0,1
1196,Strömstyrkan i Vimmerby AB,Bolagsgatan 10,Vimmerby,598 40,0492-188 16,,,Bolagsgatan 10,Vimmerby,598 40,,True,True,False,False,5565414843,0,Håkan Mattias Borsiö,Ordförande,,0492-188 16,low,3,313,0.3,0,1,0,1,1.0,0.6,0.6,D,0,0,1,0,0,0
1204,Nordelektro Skellefteå,Svedjevägen 8A,Skellefteå,931 36,010-1881801,info@nordelektro.se,,Svedjevägen 8A,Skellefteå,931 36,,True,False,False,False,5568661135,2,Lars Kennet Tjärnström,Verkställande direktör,info@nordelektro.se,010-1881801,low,2,3209,3.2,2,1,0,1,0.78,0.7,0.55,D,0,0,1,0,0,0
1060,J1A Elteknik AB,Teknikgatan 4,Kungsbacka,434 37,0300-33700,andreas.jakobsson@j1a-elteknik.se,,Teknikgatan 4,Kungsbacka,434 37,,True,False,,,5590020649,3,Ivar Andreas Jakobsson,Verkställande direktör,andreas.jakobsson@j1a-elteknik.se,0300-33700,ok,4,4723,4.7,3,0,0,0,1.28,0.7,0.0,D,0,0,0,0,0,0
1460,MJs Förvaltning och Uthyrning AB,Idögatan 38,Linköping,582 78,,,,,,,,False,False,False,False,5594014382,2,Carl Ludvig Mikael Elebring,Verkställande direktör,,,ok,3,2517,2.5,2,0,0,0,1.0,0.7,0.0,D,0,0,0,0,0,1
1214,"Be-Lo Elektriska AB, Sandviken",Polhemsgatan 7A,Sandviken,811 60,026-421 15 40 ,sandviken@beloel.se,,Polhemsgatan 7A,Sandviken,811 60,,False,False,False,False,5593028342,3,Adil Caliskan,Ledamot,sandviken@beloel.se,026-421 15 40 ,ok,2,2666,2.7,3,0,0,0,0.78,0.7,0.0,D,0,0,0,0,0,1
1068,Windefalk Ventilation & Energi,Nybodagatan 12,Solna,171 42,08-82 08 15,info@windefalk.se,,,,,,False,False,,,5569431447,3,Nils Leo Kristoffer Colleen,Verkställande direktör,info@windefalk.se,08-82 08 15,ok,3,9820,9.8,3,0,0,0,1.0,0.7,0.0,D,0,0,0,0,0,0
1148,Kjellners Gruppen AB,Ekedalsgatan 16,Vara,53431,0512-101 98,david.kjellner@kjellnersror.se,,Ekedalsgatan 16,Vara,534 31,,True,False,False,False,5567857635,0,Karl Emil David Kjellner,Verkställande direktör,david.kjellner@kjellnersror.se,0512-101 98,low,3,960,1.0,0,0,0,0,1.0,0.6,0.0,D,0,0,0,1,0,0
1081,ReKonik AB,Kopparbergsvägen 6,Västerås,722 13,021-31 36 60,info@rekonik.se,,,,,,True,True,False,False,5594033846,3,Semir Mehmedovic,Verkställande direktör,info@rekonik.se,021-31 36 60,ok,3,5396,5.4,3,0,0,0,1.0,0.7,0.0,D,0,0,0,1,0,0
