Company name,City,Phone number,Website URL,Number of employees,Annual revenue,opti_org_nr,opti_elzon,opti_tier,opti_poang,opti_marken,opti_partner_niva,opti_kalla,opti_pitch_vinkel,opti_anteckning
Sandbäckens Rör i Ronneby AB,Ronneby,0457635540,,36,93784000,559018-1300,SE4,A,11,Thermia,Värmepumpcenter,Thermia,,
Kyl- & värmepumpservice Ängelholm AB,Ängelholm,043129070,,10,30175000,556791-8825,SE4,A,10,"Daikin, Thermia",Värmepumpcenter,"Daikin, Thermia",,
Francks Kylindustri,Hässleholm,0451381150,https://francksref.com/applikationer/varmepumpar/kopa/,36,177022000,556657-1369,SE4,A,10,Thermia,Standard,Thermia,,
Thörnquist Rör AB,Karlskrona,045520682,,16,50078000,556276-3374,SE4,A,10,Thermia,Standard,Thermia,,
Enwell AB (Skåne),Everöd,044238350,,,,,SE4,A,10,"IVT, NIBE",IVT Center,Enwell,SE4 + fullstack värmepumpsexpert — högsta elprisexponering,Enwell-kedja (Vattenfall). Centralt avtal rekommenderas.
Roland Johanssons Rörservice AB,Södra Sandby,0706340676,,8,10767000,556458-5437,SE4,A,9,Thermia,Värmepumpcenter,Thermia,,
Hässleholms & Tyringes VVS-Team AB,Hässleholm,045146700,,15,35394000,556525-4462,SE4,A,9,Thermia,Standard,Thermia,,
AB Sture Anderssons Rörinstallation,Ystad,041119980,,50,87279000,556117-8244,SE4,A,9,Bosch,Bosch Climate Partner,Bosch,3,
4T Energy Consulting AB,Hollviken,070-381 67 82,,2,8587000,556499-3532,SE4,A,6,NIBE,installator,NIBE,,
Åkerbo VVS AB,Lottorp,073-0752507,,,,,SE4,A,6,NIBE,installator,NIBE,,
AM Villabutiken AB,Limhamn,040423042,,1,11608000,556745-5877,SE4,A,6,NIBE,installator,NIBE,,
"Anderssons Rörinstallationer AB, Sture",Ystad,0733562299,,,,,SE4,A,6,NIBE,installator,NIBE,,
Assemblin VS AB,Kristianstad,0104753000,,1059,2464455000,556053-6194,SE4,A,6,NIBE,installator,NIBE,,
Assemblin VS AB,Ronneby,0104753000,,1059,2464455000,556053-6194,SE4,A,6,NIBE,installator,NIBE,,
Assemblin VS AB,Trelleborg,0104753000,,1059,2464455000,556053-6194,SE4,A,6,NIBE,installator,NIBE,,
Backaryds VVS AB,Backaryd,,,,,,SE4,A,6,NIBE,installator,NIBE,,
BeNor Solar AB,Vaxjo,,,,,,SE4,A,6,NIBE,installator,NIBE,,
Blekinge Rörtjänst AB,Ronneby,0457 26220,,,,,SE4,A,6,NIBE,installator,NIBE,,
Blekinge Värmeservice AB,Asarum,,,,,,SE4,A,6,NIBE,installator,NIBE,,
Bo Gustavssons Ror Ab,Ljungbyhed,0435-761140,,,,,SE4,A,6,NIBE,installator,NIBE,,
Bunkeflo Ror Ab,Vellinge,0733-42 96 36,,,,,SE4,A,6,NIBE,installator,NIBE,,
Ekerums Ror Ab,Borgholm,070-7356902,,,,,SE4,A,6,NIBE,installator,NIBE,,
ELAN EL & VVS AB,Vvs Ab  Ystad,041129880,,71,145109000,556236-2631,SE4,A,6,NIBE,installator,NIBE,,
ELAN EL & VVS AB,Vvs Ab  Simrishamn,041129880,,71,145109000,556236-2631,SE4,A,6,NIBE,installator,NIBE,,
Eorb Ab,Ljungby,0372-25200,,,,,SE4,A,6,NIBE,installator,NIBE,,
Espinge El,Vvs Ab  Osby,047917853,,,,,SE4,A,6,NIBE,installator,NIBE,,
Hassleholms Rorservice Ab,Hassleholm,,,,,,SE4,A,6,NIBE,installator,NIBE,,
J Thompsons Vvs Ab,Tingsryd,070-61 192 48,,,,,SE4,A,6,NIBE,installator,NIBE,,
Jannes Vvs Ab,Hoor,0415-14540,,,,,SE4,A,6,NIBE,installator,NIBE,,
K G Johanssons Ror Ab,Nyhro,0481-45176,,,,,SE4,A,6,NIBE,installator,NIBE,,
Karlshamns Vvs Ab,Karlshamn,0454-81900,,2,4167000,559244-5018,SE4,A,6,NIBE,installator,NIBE,,
Lakerols Ror Ab,Kolboda,,,,,,SE4,A,6,NIBE,installator,NIBE,,
Linero Ror Ab,Lund,070 353 68 89,,,,,SE4,A,6,NIBE,installator,NIBE,,
M A Bergstrom Vvs Ab,Ljungby,0372-25200,,,,,SE4,A,6,NIBE,installator,NIBE,,
Magle Ror Ab,Kavlinge,,,,,,SE4,A,6,NIBE,installator,NIBE,,
Maglehems Ror Ab,Kristianstad,044-126320,,,,,SE4,A,6,NIBE,installator,NIBE,,
Mellstroms Ror Ab,Hoganas,042-338000,,,,,SE4,A,6,NIBE,installator,NIBE,,
Mns Ror,Energi Ab  Sodra Sandby,,,,,,SE4,A,6,NIBE,installator,NIBE,,
Ny Rorservice Ab,Ekeby,042-250410,,,,,SE4,A,6,NIBE,installator,NIBE,,
Nybro Vvs Ab,Nybro,0480-38880,,1-4,,559558-6552,SE4,A,6,NIBE,installator,NIBE,,
O Lindqvists Ror Ab,Hassleholm,,,,,,SE4,A,6,NIBE,installator,NIBE,,
Osby Rorservice Ab,Osby,0479-17750,,,,,SE4,A,6,NIBE,installator,NIBE,,
Osterlens Rorinstallationer Ab,Simrishamn,0414-28790,,,,,SE4,A,6,NIBE,installator,NIBE,,
Per Johanssons Vvs,Eslov,0413 33112,,,,,SE4,A,6,NIBE,installator,NIBE,,
Polhems Ror Ab,Horby,070-5480611,,,,,SE4,A,6,NIBE,installator,NIBE,,
R H Vvs Ab,Malmo,,,,,,SE4,A,6,NIBE,installator,NIBE,,
Rokestads Ror,Kyla Ab  Eslov,,,,,,SE4,A,6,NIBE,installator,NIBE,,
Ronnebyortens El,Vvs Ab  Ronneby,,,,,,SE4,A,6,NIBE,installator,NIBE,,
Rorbolaget I Malmo Ab,Malmo,,,,,,SE4,A,6,NIBE,installator,NIBE,,
Sa Rorinstallation Ab,Hoganas,042-338000,,,,,SE4,A,6,NIBE,installator,NIBE,,
Simrishamns Ror Ab,Simrishamn,0414-28790,,,,,SE4,A,6,NIBE,installator,NIBE,,
Soback Rorinstallation Ab,Svalov,,,,,,SE4,A,6,NIBE,installator,NIBE,,
Söderåkra VVS AB,Soderakra,,,,,,SE4,A,6,NIBE,installator,NIBE,,
Stensborg VVS AB,Fagelmara,,,3,8045000,559132-6078,SE4,A,6,NIBE,installator,NIBE,,
Sturkö-Jämjö Rör och Värmeinstallationer AB,Jamjo,,,,,,SE4,A,6,NIBE,installator,NIBE,,
Termoklimat Skåne AB,Svedala,040406600,,,,,SE4,A,6,NIBE,installator,NIBE,,
Thimsfors VVS AB,Bastad,043316201,,51,104663000,556489-1231,SE4,A,6,NIBE,installator,NIBE,,
Thimsfors VVS AB,Almhult,043316201,,51,104663000,556489-1231,SE4,A,6,NIBE,installator,NIBE,,
Tim Svenssons Rör AB,Alvesta,,,,,,SE4,A,6,NIBE,installator,NIBE,,
Trelleborgs Rörservice AB,Trelleborg,,,,,,SE4,A,6,NIBE,installator,NIBE,,
Tuvessons VVS AB,Billinge,,,,,,SE4,A,6,NIBE,installator,NIBE,,
Värmepumpsbolaget i Kristianstad AB,Kristianstad,,,,,,SE4,A,6,NIBE,installator,NIBE,,
Värmia Syd AB,Harslov,,,,,,SE4,A,6,NIBE,installator,NIBE,,
Varmitek Energisystem AB,Helsingborg,,,,,,SE4,A,6,NIBE,installator,NIBE,,
Vvs-Cirkeln i Lund AB,Staffanstorp,,,,,,SE4,A,6,NIBE,installator,NIBE,,
VVS Svepet AB,Loddekopinge,,,,,,SE4,A,6,NIBE,installator,NIBE,,
VVS-Teknik Kristianstad AB,Kristianstad,,,,,,SE4,A,6,NIBE,installator,NIBE,,
VVS-Tjänst i Gualöv AB,Gualov,,,,,,SE4,A,6,NIBE,installator,NIBE,,
VVS-Tjänst i Sölvesborg AB,Solvesborg,,,,,,SE4,A,6,NIBE,installator,NIBE,,
VVSar’n i Blekinge AB,Svangsta,,,,,,SE4,A,6,NIBE,installator,NIBE,,
Wickmans Rör,Vellinge,,,,,,SE4,A,6,NIBE,installator,NIBE,,
WIDERBERGS RÖR,Garsnas,,,,,,SE4,A,6,NIBE,installator,NIBE,,
Energitjänst VK AB,Limhamn (Malmö),040159696,,,,,SE4,A,6,IVT,IVT Center,IVT,SE4 + IVT Center; No1 Service; säljer även Mitsubishi → hög öppenhet för OPTi,
Skånska Energilösningar AB,Södra Sandby,046120024,,,,,SE4,A,6,IVT,IVT Center,IVT,SE4 + IVT Center; Skåne-täckning,
Åseda Värme & Sanitet AB,Åseda,047410152,https://www.comfort.se/butiker/1083,21,,,SE4,A,,Comfort,Comfort-butik,Comfort,"värmepump (vatten), energioptimering",
Infjärdens Värme AB Kristianstad,Kristianstad,0446200060,https://www.comfort.se/butiker/1159,24,,,SE4,A,,Comfort,Comfort-butik,Comfort,"värmepump (vatten), energioptimering",
Rör-Karlsson Mönsterås,Mönsterås,049943032,https://www.comfort.se/butiker/1111,20,,,SE4,A,,Comfort,Comfort-butik,Comfort,"värmepump (vatten), energioptimering",
Erikssons VVS AB,Asarum,045450770,https://www.comfort.se/butiker/1170,23,,,SE4,A,,Comfort,Comfort-butik,Comfort,"värmepump (vatten), energioptimering",
Carl-Philips VVS AB,Landskrona,0418446130,https://www.comfort.se/butiker/1186,27,,,SE4,A,,Comfort,Comfort-butik,Comfort,"värmepump (vatten), energioptimering",
CN Gruppen AB,Malmö,040380870,https://www.comfort.se/butiker/1185,27,,,SE4,A,,Comfort,Comfort-butik,Comfort,"värmepump (vatten), energioptimering",
Newmans VVS AB,Osby,047913441,https://www.comfort.se/butiker/1127,19,,,SE4,A,,Comfort,Comfort-butik,Comfort,"värmepump (vatten), energioptimering",
Comfort - butiken Vinbergs Rör,Falkenberg,0346717155,https://www.comfort.se/butiker/1184,93,,,SE4,A,,Comfort,Comfort-butik,Comfort,"värmepump (vatten), energioptimering",
Aderbys Rör AB,Kungsbacka,030033700,https://www.comfort.se/butiker/1194,62,,,SE4,A,,Comfort,Comfort-butik,Comfort,"värmepump (vatten), energioptimering",
Rör-Karlsson Oskarshamn,Oskarshamn,049118991,https://www.comfort.se/butiker/1110,6,,,SE4,A,,Comfort,Comfort-butik,Comfort,"värmepump (vatten), energioptimering",
Infjärdens Värme AB Hässleholm,Hässleholm,0451381360,https://www.comfort.se/butiker/1160,7,,,SE4,A,,Comfort,Comfort-butik,Comfort,"värmepump (vatten), energioptimering",
Comfort i Limhamn,Limhamn,040162424,https://www.comfort.se/butiker/1181,9,,,SE4,A,,Comfort,Comfort-butik,Comfort,"värmepump (vatten), energioptimering",
Comfort VVS & EL Öland Löttorp,Löttorp,048536383,https://www.comfort.se/butiker/1198,6,,,SE4,A,,Comfort,Comfort-butik,Comfort,"värmepump (vatten), solceller, energioptimering",
Comfort VVS & EL Öland Färjestaden,Färjestaden,048536383,https://www.comfort.se/butiker/1199,10,,,SE4,A,,Comfort,Comfort-butik,Comfort,"värmepump (vatten), solceller, energioptimering",
Newmans VVS AB Helsingborg,Helsingborg,047913441,https://www.comfort.se/butiker/1071,15,,,SE4,A,,Comfort,Comfort-butik,Comfort,"värmepump (vatten), energioptimering",
Newmans VVS i Värnamo - Ljungby,Ljungby,0730789950,https://www.comfort.se/butiker/1126,135,,,SE4,A,,Comfort,Comfort-butik,Comfort,"värmepump (vatten), energioptimering",
Ternstedt Invent AB - Västervik,Västervik,049069700,https://www.comfort.se/butiker/1094,7,,,SE4,A,,Comfort,Comfort-butik,Comfort,"värmepump (vatten), solceller, energioptimering",
Comfort i Halmstad,Halmstad,035106288,https://www.comfort.se/butiker/1182,6,,,SE4,A,,Comfort,Comfort-butik,Comfort,"värmepump (vatten), energioptimering",
Rör-Karlsson Kalmar,Kalmar,0480989350,https://www.comfort.se/butiker/1048,4,,,SE4,A,,Comfort,Comfort-butik,Comfort,"värmepump (vatten), energioptimering",
NG Nilsson Rör AB,Sjöbo,041619615,https://www.comfort.se/butiker/1125,2,,,SE4,A,,Comfort,Comfort-butik,Comfort,"värmepump (vatten), energioptimering",
Comfort Visby,Visby,0498201770,https://www.comfort.se/butiker/1179,1,,,SE4,A,,Comfort,Comfort-butik,Comfort,"värmepump (vatten), energioptimering",
Comfort VVS & EL Öland Mörbylånga,Mörbylånga,048536383,https://www.comfort.se/butiker/1128,0,,,SE4,A,,Comfort,Comfort-butik,Comfort,"värmepump (vatten), solceller, energioptimering",
Falkenbergs Rör AB,Falkenberg,0346714750,https://www.comfort.se/butiker/1167,47,,,SE4,A,,Comfort,Comfort-butik,Comfort,energioptimering,
VOTAB VVS & Värmeinstallation,Varberg,0340646800,https://www.bad-varme.se/ort/varberg-votab/,20,,,SE4,A,,Bad & Värme,Bad & Värme,Bad & Värme,VVS/värme,
Enwell AB (Mälardalen),Nacka,020510200,,,,,SE3,A,10,"IVT, NIBE",IVT Center,Enwell,Stor region (3 kontor) — nära Effiras hemmamarknad,Enwell-kedja (Vattenfall). Centralt avtal rekommenderas.
Enwell AB (Stockholm),Stockholm / Täby,020778855,,,,,SE3,A,10,"IVT, NIBE",IVT Center,Enwell,Nationellt HQ-läge — strategisk ingång via VD/VP,Enwell-kedja (Vattenfall). Centralt avtal rekommenderas.
Enwell AB (Östergötland),Söderköping,0104986400,,,,,SE3,A,10,"IVT, NIBE",IVT Center,Enwell,4 kontor inkl Linköping + Norrköping,Enwell-kedja (Vattenfall). Centralt avtal rekommenderas.
Enwell AB (Göteborg),Kungälv / Mölnlycke,0313384140,,,,,SE3,A,10,"IVT, NIBE",IVT Center,Enwell,Goteborgsbältet — hög husvolym och villamarknad,Enwell-kedja (Vattenfall). Centralt avtal rekommenderas.
Enwell AB (Småland),Nässjö,0380373770,,,,,SE3,A,10,"IVT, NIBE",IVT Center,Enwell,3 kontor täcker tät villamarknad i Jönköpings-Kronobergs-bältet,Enwell-kedja (Vattenfall). Centralt avtal rekommenderas.
Enwell AB (Västmanland),Västerås,0224677000,,,,,SE3,A,10,"IVT, NIBE",IVT Center,Enwell,3 kontor inkl Västerås — stark elprisexponering SE3,Enwell-kedja (Vattenfall). Centralt avtal rekommenderas.
Klimio AB,Stockholm,021149400,klimio.com,10,34756000,559350-9176,SE3,A,9,Bosch,Bosch Climate Partner,Bosch,2,
Carlaplans Rör AB,Tvååker,034040233,,12,23824000,556451-4502,SE3,A,9,Bosch,Bosch Climate Partner,Bosch,4,
Enwell AB (Uppland),Uppsala,020103232,,,,,SE3,A,9,"IVT, NIBE",IVT Center,Enwell,Uppsala + Gävle — universitetsstad med hög villaandel,Enwell-kedja (Vattenfall). Centralt avtal rekommenderas.
Enwell AB (Närke),Örebro,0101221200,,,,,SE3,A,9,"IVT, NIBE",IVT Center,Enwell,Örebro + Katrineholm — bra marknad centrala Sverige,Enwell-kedja (Vattenfall). Centralt avtal rekommenderas.
Enwell AB (Värmland),Karlstad,0101221200,,,,,SE3,A,9,"IVT, NIBE",IVT Center,Enwell,Karlstad-regionen — delvis SE2 närhetszon men SE3 prissatt,Enwell-kedja (Vattenfall). Centralt avtal rekommenderas.
Infjärdens Värme AB Tierp,Tierp,0104144060,https://www.comfort.se/butiker/1153,24,,,SE3,A,,Comfort,Comfort-butik,Comfort,"värmepump (vatten), solceller, energioptimering",
Söderlunds Rör AB Tierp,Tierp,0104550340,https://www.comfort.se/butiker/1098,24,,,SE3,A,,Comfort,Comfort-butik,Comfort,"värmepump (vatten), solceller, energioptimering",
Knut Svenssons Rör AB,Huskvarna,036130851,https://www.comfort.se/butiker/1142,27,,,SE3,A,,Comfort,Comfort-butik,Comfort,"värmepump (vatten), solceller, energioptimering",
Sälles Rör AB,Götene,051150800,https://www.comfort.se/butiker/1099,56,,,SE3,A,,Comfort,Comfort-butik,Comfort,"värmepump (vatten), solceller, energioptimering",
Comfort Kinna AB,Kinna,032018000,https://www.comfort.se/butiker/1188,47,,,SE3,A,,Comfort,Comfort-butik,Comfort,"värmepump (vatten), solceller, energioptimering",
K-B Rör AB,Alafors,0303742020,https://www.comfort.se/butiker/1150,30,,,SE3,A,,Comfort,Comfort-butik,Comfort,"värmepump (vatten), energioptimering",
Alingsås Rör AB,Alingsås,0322611980,https://www.comfort.se/butiker/1193,21,,,SE3,A,,Comfort,Comfort-butik,Comfort,"värmepump (vatten), energioptimering",
Djupedals Rör Alingsås,Alingsås,032210106,https://www.comfort.se/butiker/1173,21,,,SE3,A,,Bad & Värme,Comfort-butik,"Bad & Värme, Comfort","värmepump (vatten), energioptimering",
Hovby Rör AB,Lidköping,051086500,https://www.comfort.se/butiker/1165,28,54808000,556414-8715,SE3,A,,Bosch,Comfort-butik,"Bosch, Comfort","värmepump (vatten), energioptimering",
Stora Mellby Rör AB,Sollebrunn,032241880,https://www.comfort.se/butiker/1105,25,,,SE3,A,,Comfort,Comfort-butik,Comfort,"värmepump (vatten), energioptimering",
Kjellners Rör AB Vara,Vara,051210198,https://www.comfort.se/butiker/1143,39,,,SE3,A,,Comfort,Comfort-butik,Comfort,"värmepump (vatten), energioptimering",
Mählqvist Rör AB Vingåker,Vingåker,0151518150,https://www.comfort.se/butiker/1130,28,,,SE3,A,,Comfort,Comfort-butik,Comfort,"värmepump (vatten), energioptimering",
Mählqvist Rör AB Flen,Flen,015724460,https://www.comfort.se/butiker/1132,50,,,SE3,A,,Comfort,Comfort-butik,Comfort,"värmepump (vatten), energioptimering",
Vetlanda Rör,Vetlanda,038315849,https://www.comfort.se/butiker/1082,45,,,SE3,A,,Comfort,Comfort-butik,Comfort,"värmepump (vatten), energioptimering",
Infjärdens Värme AB Köping,Köping,0104144090,https://www.comfort.se/butiker/1158,18,,,SE3,A,,Comfort,Comfort-butik,Comfort,"värmepump (vatten), energioptimering",
Limmareds Rör AB,Limmared,032571600,https://www.comfort.se/butiker/1137,17,,,SE3,A,,Comfort,Comfort-butik,Comfort,"värmepump (vatten), energioptimering",
Mälardalens Energi & VVS AB,Eskilstuna,0165512220,https://www.comfort.se/butiker/1129,10,,,SE3,A,,Comfort,Comfort-butik,Comfort,"värmepump (vatten), energioptimering",
Br Perssons Rör AB,Gullspång,055121010,https://www.comfort.se/butiker/1189,11,,,SE3,A,,Comfort,Comfort-butik,Comfort,"värmepump (vatten), energioptimering",
Clavis AB,Jönköping,03640200,https://www.comfort.se/butiker/1449,12,,,SE3,A,,Comfort,Comfort-butik,Comfort,"värmepump (vatten), energioptimering",
Oppunda VVS-Service AB,Katrineholm,015055530,https://www.comfort.se/butiker/1120,51,,,SE3,A,,Comfort,Comfort-butik,Comfort,"värmepump (vatten), energioptimering",
Landsbro Rör,Landsbro,038360818,https://www.comfort.se/butiker/1140,10,,,SE3,A,,Comfort,Comfort-butik,Comfort,"värmepump (vatten), energioptimering",
Lindesbergs VVS/EL AB,Lindesberg,058183640,https://www.comfort.se/butiker/1136,15,,,SE3,A,,Comfort,Comfort-butik,Comfort,"värmepump (vatten), solceller, energioptimering",
Sköldsbergs VVS AB,Stenkullen,030222174,https://www.comfort.se/butiker/1106,10,,,SE3,A,,Comfort,Comfort-butik,Comfort,"värmepump (vatten), energioptimering",
Lurs Rör,Tanumshede,052529160,https://www.comfort.se/butiker/1135,10,,,SE3,A,,Comfort,Comfort-butik,Comfort,"värmepump (vatten), energioptimering",
Comfort Söderlunds Rör AB Uppsala,Uppsala,0104550340,https://www.comfort.se/butiker/1180,13,,,SE3,A,,Comfort,Comfort-butik,Comfort,"värmepump (vatten), solceller, energioptimering",
Ternstedt Invent AB - Linköping,Linköping,01368400,https://www.comfort.se/butiker/1096,130,,,SE3,A,,Comfort,Comfort-butik,Comfort,"värmepump (vatten), solceller, energioptimering",
Ternstedt Invent AB - Norrköping,Norrköping,0106822500,https://www.comfort.se/butiker/1459,130,,,SE3,A,,Comfort,Comfort-butik,Comfort,"värmepump (vatten), solceller, energioptimering",
Kjellners Rör AB Floby,Floby,051540710,https://www.comfort.se/butiker/1147,386,,,SE3,A,,Comfort,Comfort-butik,Comfort,"värmepump (vatten), energioptimering",
Projektrör Väst AB,Göteborg,031143939,https://www.comfort.se/butiker/1117,155,,,SE3,A,,Comfort,Comfort-butik,Comfort,"värmepump (vatten), energioptimering",
Kjellners Rör AB Herrljunga,Herrljunga,051321065,https://www.comfort.se/butiker/1146,292,,,SE3,A,,Comfort,Comfort-butik,Comfort,"värmepump (vatten), energioptimering",
Ronnys VVS och Energiservice AB,Jönköping,036313240,https://www.comfort.se/butiker/1115,12,,,SE3,A,,Comfort,Comfort-butik,Comfort,"värmepump (vatten), energioptimering",
Ternstedt Invent AB - Kisa,Kisa,0494699100,https://www.comfort.se/butiker/1097,6,,,SE3,A,,Comfort,Comfort-butik,Comfort,"värmepump (vatten), solceller, energioptimering",
Kjellners Rör AB Kvänum,Kvänum,051292675,https://www.comfort.se/butiker/1145,132,,,SE3,A,,Comfort,Comfort-butik,Comfort,"värmepump (vatten), energioptimering",
Lundstedts Rör,Motala,014154560,https://www.comfort.se/butiker/1046,11,,,SE3,A,,Comfort,Comfort-butik,Comfort,"värmepump (vatten), energioptimering",
Oxelösunds Rör AB,Oxelösund,015530425,https://www.comfort.se/butiker/1119,7,,,SE3,A,,Comfort,Comfort-butik,Comfort,"värmepump (vatten), energioptimering",
Rörab Infra AB,Sollentuna,0859034130,https://www.comfort.se/butiker/1113,15,,,SE3,A,,Comfort,Comfort-butik,Comfort,"värmepump (vatten), energioptimering",
Infjärdens Värme AB Uppsala,Uppsala,0104144080,https://www.comfort.se/butiker/1152,13,,,SE3,A,,Comfort,Comfort-butik,Comfort,"värmepump (vatten), energioptimering",
Närkes Energiteknik AB,Örebro,0196117885,https://www.comfort.se/butiker/1123,8,,,SE3,A,,Comfort,Comfort-butik,Comfort,"värmepump (vatten), energioptimering",
Värme & Sanitet A Palmér AB,Vimmerby,049215090,https://www.comfort.se/butiker/1085,10,,,SE3,A,,Comfort,Comfort-butik,Comfort,"värmepump (vatten), energioptimering",
Ternstedt Invent AB - Åtvidaberg,Åtvidaberg,012029590,https://www.comfort.se/butiker/1093,4,,,SE3,A,,Comfort,Comfort-butik,Comfort,"värmepump (vatten), solceller, energioptimering",
Söderlunds Rör AB Öregrund,Öregrund,0104550340,https://www.comfort.se/butiker/1208,3,,,SE3,A,,Comfort,Comfort-butik,Comfort,"värmepump (vatten), solceller, energioptimering",
Ternstedt Invent AB - Rimforsa,Rimforsa,0494699100,https://www.comfort.se/butiker/1095,1,,,SE3,A,,Comfort,Comfort-butik,Comfort,"värmepump (vatten), solceller, energioptimering",
Högbergs Rör i Borås AB,Borås,0334303040,https://www.comfort.se/butiker/1163,3,,,SE3,A,,Comfort,Comfort-butik,Comfort,"värmepump (vatten), energioptimering",
Mählqvist Rör AB Katrineholm,Katrineholm,0150669550,https://www.comfort.se/butiker/1131,2,,,SE3,A,,Comfort,Comfort-butik,Comfort,"värmepump (vatten), energioptimering",
Infjärdens Värme AB Sala,Sala,0104144150,https://www.comfort.se/butiker/1155,2,,,SE3,A,,Comfort,Comfort-butik,Comfort,"värmepump (vatten), energioptimering",
Strömstads Värme & Sanitet AB,Strömstad,052613075,https://www.comfort.se/butiker/1103,3,,,SE3,A,,Mitsubishi,Comfort-butik,"Comfort, Mitsubishi","värmepump (vatten), energioptimering",
Simonssons Rör Branäs,Sysslebäck,028031231,https://www.comfort.se/butiker/1445,1,,,SE3,A,,Comfort,Comfort-butik,Comfort,"värmepump (vatten), energioptimering",
Tranås Rörservice AB,Tranås,014065055,https://www.comfort.se/butiker/1089,2,,,SE3,A,,Comfort,Comfort-butik,Comfort,"värmepump (vatten), energioptimering",
Stora Mellby Rör i Trollhättan AB,Trollhättan,052082384,https://www.comfort.se/butiker/1104,3,,,SE3,A,,Comfort,Comfort-butik,Comfort,"värmepump (vatten), energioptimering",
Projektrör Väst AB  Uddevalla,Uddevalla,052229199,https://www.comfort.se/butiker/1205,1,,,SE3,A,,Comfort,Comfort-butik,Comfort,"värmepump (vatten), energioptimering",
BP VVS och EL AB,Vendelsö,087761256,https://www.comfort.se/butiker/1112,1,,,SE3,A,,Comfort,Comfort-butik,Comfort,"värmepump (vatten), energioptimering",
Nya Söberg & Söderström Rör AB,Gnesta,015813660,https://www.comfort.se/butiker/1124,0,,,SE3,A,,Comfort,Comfort-butik,Comfort,"värmepump (vatten), energioptimering",
M J  Fjärrvärme & VVS AB,Linköping,013299542,https://www.comfort.se/butiker/1134,40,,,SE3,A,,Comfort,Comfort-butik,Comfort,energioptimering,
Elterm,Alingsås,032212324,https://www.bad-varme.se/ort/alingsas/,11,,,SE3,A,,Bad & Värme,Bad & Värme,Bad & Värme,"aukt. VP-märke, solceller, elbilsladdning",
Hammarstedts VVS,Nybro,0481766000,https://www.bad-varme.se/ort/nybro/,14,,,SE3,A,,Bad & Värme,Bad & Värme,Bad & Värme,aukt. VP-märke,
Bad & Värme Filipstad,Filipstad,059013014,https://www.bad-varme.se/ort/filipstad/,34,,,SE3,A,,Bad & Värme,Bad & Värme,Bad & Värme,VVS/värme,
Bad & Energicenter AB,Hudiksvall,065076920,https://www.comfort.se/butiker/1191,22,,,SE2,A,,Comfort,Comfort-butik,Comfort,"värmepump (vatten), energioptimering",
Infjärdens Värme AB Holmsund,Holmsund,0104144130,https://www.comfort.se/butiker/1161,15,,,SE2,A,,Comfort,Comfort-butik,Comfort,"värmepump (vatten), energioptimering",
Curt Petterssons Värme AB,Arnäsvall,066082270,https://www.comfort.se/butiker/1175,14,,,SE2,A,,Comfort,Comfort-butik,Comfort,"värmepump (vatten), energioptimering",
Simonssons Rör AB,Lima,028031231,https://www.comfort.se/butiker/1107,15,,,SE2,A,,Comfort,Comfort-butik,Comfort,"värmepump (vatten), energioptimering",
"Olja & Sanitet, AB",Sollefteå,062014715,https://www.comfort.se/butiker/1122,15,,,SE2,A,,Comfort,Comfort-butik,Comfort,"värmepump (vatten), energioptimering",
Wiiks Rör AB,Storvik,029031700,https://www.comfort.se/butiker/1087,14,,,SE2,A,,Comfort,Comfort-butik,Comfort,"värmepump (vatten), energioptimering",
Tärnaby Rör,Tärnaby,0738182920,https://www.comfort.se/butiker/1472,9,,,SE2,A,,Comfort,Comfort-butik,Comfort,"värmepump (vatten), solceller, energioptimering",
Lars Anders VVS AB,Vindeln,0902025000,https://www.comfort.se/butiker/1465,10,,,SE2,A,,Comfort,Comfort-butik,Comfort,"värmepump (vatten), solceller, energioptimering",
Thomas Rör,Ljusdal,065110368,https://www.comfort.se/butiker/1091,129,,,SE2,A,,Comfort,Comfort-butik,Comfort,"värmepump (vatten), solceller, energioptimering",
Vattenhuset AB,Borlänge,0243226060,https://www.comfort.se/butiker/1088,15,,,SE2,A,,Comfort,Comfort-butik,Comfort,"värmepump (vatten), energioptimering",
"Erikssons VVS-Shop, AB",Härnösand,061120720,https://www.comfort.se/butiker/1169,14,,,SE2,A,,Comfort,Comfort-butik,Comfort,"värmepump (vatten), energioptimering",
Lars Sundström AB,Linghed,024622400,https://www.comfort.se/butiker/1138,11,,,SE2,A,,Comfort,Comfort-butik,Comfort,"värmepump (vatten), energioptimering",
Rör-Teknik AB,Östersund,063199190,https://www.comfort.se/butiker/1109,13,,,SE2,A,,Comfort,Comfort-butik,Comfort,"värmepump (vatten), energioptimering",
Gustafssons Rör i Sundsvall,Sundsvall,0606066580,https://www.comfort.se/butiker/1052,15,,,SE2,A,,Comfort,Comfort-butik,Comfort,"värmepump (vatten), energioptimering",
Hälsinge Rör AB,Bollnäs,0278636000,https://www.comfort.se/butiker/1164,8,,,SE2,A,,Comfort,Comfort-butik,Comfort,"värmepump (vatten), energioptimering",
Kramfors Värme & Sanitet AB,Kramfors,061213270,https://www.comfort.se/butiker/1141,5,,,SE2,A,,Comfort,Comfort-butik,Comfort,"värmepump (vatten), energioptimering",
Jäders Värme & Sanitet Malå,Malå,0953809910,https://www.comfort.se/butiker/1454,1,,,SE2,A,,Comfort,Comfort-butik,Comfort,"värmepump (vatten), energioptimering",
Comfort Åre AB,Skellefteå,064776000,https://www.comfort.se/butiker/1462,1,,,SE2,A,,Comfort,Comfort-butik,Comfort,"värmepump (vatten), solceller, energioptimering",
Jäders Värme & Sanitet Haparanda,Haparanda,092210808,https://www.comfort.se/butiker/1455,71,,,SE1,A,,Comfort,Comfort-butik,Comfort,"värmepump (vatten), energioptimering",
Infjärdens Värme AB Roknäs,Piteå,0104144040,https://www.comfort.se/butiker/1156,270,,,SE1,A,,Comfort,Comfort-butik,Comfort,"värmepump (vatten), energioptimering",
AB Redmos Rör,Karlskrona,045516800,http://www.redmos.se/,3,8345000,556674-2408,SE4,B,8,Thermia,Standard,Thermia,,
Degeberga Rör AB,Degeberga,0708352386,,1,5806000,556741-5905,SE4,B,8,Thermia,Standard,Thermia,,
VVS-Installationer Rydsgård AB,Rydsgård,041144330,,4,6782000,556941-3130,SE4,B,8,Thermia,Standard,Thermia,,
Värmepumpcenter Rotek AB,Vellinge,040424130,http://www.rotek.se,2,18712000,556669-5408,SE4,B,8,Thermia,Standard,Thermia,,
Constructor Bohman AB,Kävlinge,046712070,constructorab.se,3,3568000,556995-4182,SE4,B,8,Bosch,Bosch Climate Partner,Bosch,9,
JJ VVS i Sölvesborg AB,Sölvesborg,+46735463797,,1,4040000,559202-2957,SE4,B,7,Thermia,Standard,Thermia,,
Johannishus Värmeinstallation AB,Listerby,045730560,,1,3522000,556833-6118,SE4,B,7,Thermia,Standard,Thermia,,
Peterssons VVS AB,Johannishus,0730812667,,1,3211000,559228-6537,SE4,B,7,Thermia,Standard,Thermia,,
SA VVS Service i Knislinge AB,Hanaskog,04461411,,,,,SE4,B,6,Thermia,Värmepumpcenter,Thermia,,
Stig Hilmersson El-Service AB,Kristianstad,0447818080,,,,ej hittat,SE4,B,6,Bosch,Bosch Climate Partner,Bosch,10,
Kirk VVS & Konsult AB,Lund,0702697736,,,,ej hittat,SE4,B,6,Bosch,Bosch Climate Partner,Bosch,11,
El & Kyl i Hbg AB,Helsingborg,0768554440,,,,ej hittat,SE4,B,6,Bosch,Bosch Climate Partner,Bosch,12,
Sandbäckens Rör i Halmstad AB,Ängelholm,0431473030,sandbackens.se,,,ej hittat,SE4,B,6,Bosch,Bosch Climate Partner,Bosch,13,
Termoklimat I Skane Ab,Ystad,,,,,,SE4,B,5,NIBE,service,NIBE,,
Thimsfors Vvs Ab,Markaryd,,,,,,SE4,B,5,NIBE,service,NIBE,,
Zero Energi Ab,Lund,,,,,,SE4,B,5,NIBE,service,NIBE,,
Centralservice i Osby AB,Osby,047913048,,,,,SE4,B,5,Daikin,Auktoriserad Daikin,Daikin,,SE4; Osby; luft/vatten + berg = OPTi-relevant
Klimatkyl i Malmö AB,Malmö,040394800,,,,,SE4,B,5,Daikin,Auktoriserad Daikin,Daikin,,SE4; Malmö; primärt luft/luft men stor räckvidd
El och Kyl i Helsingborg AB,Helsingborg,0768554440,,,,,SE4,B,5,Daikin,Auktoriserad Daikin,Daikin,,SE4; Helsingborg; epost saknas
Kylkraft Skåne AB,Helsingborg,0760661221,,,,,SE4,B,5,Daikin,Auktoriserad Daikin,Daikin,,SE4; Helsingborg; luft/vatten + berg = OPTi-relevant
Siverssons VVS & Värme AB,Åhus,+464455015,,,,,SE4,B,5,Mitsubishi,Auktoriserad ME,Mitsubishi,,SE4 + luft/vatten + berg = starkt OPTi-case
JS Energi / JS Energi Service AB,Helsingborg,+46424001001,,,,,SE4,B,5,Mitsubishi,Auktoriserad ME,Mitsubishi,,SE4; 20+ tekniker; luft/vatten + berg; hög kapacitet
Lindsells AB,Löddeköpinge,+4646713005,,,,,SE4,B,5,Mitsubishi,Auktoriserad ME (kat 1),Mitsubishi,,SE4; kat 1 = högsta behörighet; 50+ år erfarenhet
EkoEnergi AB,Lomma,+4640534630,,,,,SE4,B,5,Mitsubishi,Auktoriserad ME,Mitsubishi,,SE4; Skåne; luft/vatten + berg
A4U I Skåne AB,Teckomatorp,+46728582939,,,,,SE4,B,5,Mitsubishi,Auktoriserad ME,Mitsubishi,,SE4; 400+ installationer; lokalt fokus
Energitjänst VK AB,Limhamn,040159696,,,,,SE4,B,5,Mitsubishi,Auktoriserad ME,Mitsubishi,,SE4; Skåne; säljer IVT + ME + Bosch - multi-brand partner
VVS Butiken Lindsdals Rör,Kalmar,048069600,https://www.bad-varme.se/ort/kalmar/,6,,,SE4,B,,Bad & Värme,Bad & Värme,Bad & Värme,VVS/värme,
Förlösa Rör,Kalmar,0708–791988,https://www.bad-varme.se/ort/kalmar-forlosa/,6,,,SE4,B,,Bad & Värme,Bad & Värme,Bad & Värme,VVS/värme,
Sahlins Rör,Osby,047914604,https://www.bad-varme.se/ort/osby/,10,,,SE4,B,,Bad & Värme,Bad & Värme,Bad & Värme,VVS/värme,
Tälje VVS AB,Södertälje,0855010464,,8,20732000,556292-0719,SE3,B,8,Bosch,Bosch Climate Partner,Bosch,5,
Bogi Värme AB,Sollentuna,08810490,bogivarme.se,5,7814000,5503351,SE3,B,8,Bosch,Bosch Climate Partner,Bosch,6,
24 Rör AB,Täby,08242420,24jour.se,9,15263000,556943-7493,SE3,B,8,Bosch,Bosch Climate Partner,Bosch,8,
Westheat AB,Göta,0762139901,,3,10706000,556823-5260,SE3,B,8,Bosch,Bosch Climate Partner,Bosch,14,
Söderköpings Energi & VVS AB,Söderköping,012113130,sevvs.se,5,12883000,556769-3576,SE3,B,8,Bosch,Bosch Climate Partner,Bosch,15,
Silverstadens Rör AB,Sala,022418190,,9,11251000,556763-7854,SE3,B,8,Bosch,Bosch Climate Partner,Bosch,16,
Värmis AB,Västerås,0707252568,varmisab.se,7,18466000,559245-3186,SE3,B,8,"Bosch, Daikin",Bosch Climate Partner,"Bosch, Daikin",17,
Rörteknik i Farsta AB,Bandhagen (Stockholm),,,33,146161000,556260-9791,SE3,B,8,Sparc,Sparc Group-dotterbolag,Sparc,,Stor VVS Sthlm; möjlig OPTi-volym via servicekontrakt; hög omsättning men fokus inte renodlat VP
Erlandsson & Berghs AB,Österhaninge (Haninge),,,24,60600000,559067-9139,SE3,B,8,Sparc,Sparc Group-dotterbolag,Sparc,,Värmepumpstjänst explicit; 24 anst; omsättning 60 Mkr; svag lönsamhet 2024
MPL Värmepumpspartner AB,Österskär,0706116160,varmepumpspartner.se,3,4703000,556728-2487,SE3,B,7,Bosch,Bosch Climate Partner,Bosch,7,
Eskilstuna Brunnsborrning AB,Ärla,0707697295,,1,3092000,556662-0331,SE3,B,7,Bosch,Bosch Climate Partner,Bosch,18,
Miljö- VVS & Energicenter i Östergötland AB,Motala,,,12,46880000,556654-8730,SE3,B,7,Sparc,Sparc Group-dotterbolag,Sparc,,IVT Center + solceller = energiprofilerat; VD Michael Malmgren nyckelkontakt
GreenPeak Energi AB,Sävedalen,,,9,27901000,556611-5456,SE3,B,7,Sparc,Sparc Group-dotterbolag,Sparc,,Renodlad VP-specialist Gbg; Thermia/Comfortzone/Mitsubishi; ~3500 install; bäst OPTi-fit
Rörkompaniet i Jönköping AB,Jönköping,,,9,26182000,556963-7571,SE3,B,7,Sparc,Sparc Group-dotterbolag,Sparc,,VP-service + fjärrvärme; Jönköping SE3; VD okänd — kontakta via Sparc-struktur
Bodafors VVS Aktiebolag,Bodafors,,,9,26201000,556232-3492,SE3,B,7,Sparc,Sparc Group-dotterbolag,Sparc,,Explicit VP-sortiment IVT; lokal marknad; Mattias Vändal trolig driftansvarig
Lindevalls Rör i Enköping AB,Enköping,,,11,20649000,556679-7261,SE3,B,6,Sparc,Sparc Group-dotterbolag,Sparc,,NIBE-partner; 11 anst; 20 Mkr; Mikael Lindevall nyckelkontakt
Calle Nilssons VVS i Falkenberg AB,Falkenberg,,,12,21216000,556740-7266,SE3,B,6,Sparc,Sparc Group-dotterbolag,Sparc,,Lokal VP Halland; Carl Nilsson nyckelkontakt; marginaltapp 2023
Norrstrands VVS Entreprenad AB,Karlstad,,,8,15000000,556889-7978,SE3,B,6,Sparc,Sparc Group-dotterbolag,Sparc,,VD Simon Forsberg direktkontakt; Karlstad SE3; omsättning ~15 Mkr
Kristensons VVS AB,Varberg,,,9,16100000,559023-9843,SE3,B,6,Sparc,Sparc Group-dotterbolag,Sparc,,Halland SE3; 9 anst; kontakt via webb
A J Thermopump Ab,Bankeryd,,,,,,SE3,B,5,NIBE,installator,NIBE,,
Aa Kyl,Energiteknik Ab  Savsjo,,,,,,SE3,B,5,NIBE,installator,NIBE,,
Ab Boras Rorinstallationer,Boras,,,,,,SE3,B,5,NIBE,installator,NIBE,,
Abk Vvs Installation,Kungsbacka,,,,,,SE3,B,5,NIBE,installator,NIBE,,
Adtec Vvs I Kalmar Ab,Kalmar,,,,,,SE3,B,5,NIBE,installator,NIBE,,
Ag Rorteknik Ab,Gislaved,,,,,,SE3,B,5,NIBE,installator,NIBE,,
Agesta Vvs,Huddinge,,,,,,SE3,B,5,NIBE,installator,NIBE,,
Agge,Oskars Ror Ab  Aneby,,,,,,SE3,B,5,NIBE,installator,NIBE,,
Akessons Rorteknik Ab,Vislanda,,,,,,SE3,B,5,NIBE,installator,NIBE,,
Almgren Karlsam Vvs Ab,Trollhattan,,,,,,SE3,B,5,NIBE,installator,NIBE,,
Alstermo Vvs Ab,Alstermo,,,,,,SE3,B,5,NIBE,installator,NIBE,,
Alvsborgs Vvs Hindas Lerum Ab,Hindas,,,,,,SE3,B,5,NIBE,installator,NIBE,,
Anders Johanssons Vvs,Energiteknik Ab  Ankarsrum,,,,,,SE3,B,5,NIBE,installator,NIBE,,
Anderssons Vvs Ab,Anderstorp,,,,,,SE3,B,5,NIBE,installator,NIBE,,
Angby Ror Ab,Saltsjo Boo,,,,,,SE3,B,5,NIBE,installator,NIBE,,
Anton O Simons Vvs Ab,Falkenberg,,,,,,SE3,B,5,NIBE,installator,NIBE,,
Arboga Rorservice Ab,Arboga,,,,,,SE3,B,5,NIBE,installator,NIBE,,
Arons Vvs Ab,Veddige,,,,,,SE3,B,5,NIBE,installator,NIBE,,
Ascy Ror,Industri Ab  Hagfors,,,,,,SE3,B,5,NIBE,installator,NIBE,,
Askersunds Brunnsborrning Ab,Askersund,,,,,,SE3,B,5,NIBE,installator,NIBE,,
Axelssons Rorservice,Ydre,,,,,,SE3,B,5,NIBE,installator,NIBE,,
B. Berghs Olje,Pannservice Hb  Vendelso,,,,,,SE3,B,5,NIBE,installator,NIBE,,
Bad,Varme Stromstad  Stromstad,,,,,,SE3,B,5,NIBE,installator,NIBE,,
Benor Solar Ab,Vastra Frolunda,,,,,,SE3,B,5,NIBE,installator,NIBE,,
Beo Vvs En Del Av Sandbackens Ror,Varberg,,,,,,SE3,B,5,NIBE,installator,NIBE,,
Bergstrands Vvs Ab,Kungsor,,,,,,SE3,B,5,NIBE,installator,NIBE,,
Bergvarme,Ventilation I Stockholm Ab  Jarfalla,,,,,,SE3,B,5,NIBE,installator,NIBE,,
Bj Varmemontage Ab,Kvicksund,,,,,,SE3,B,5,NIBE,installator,NIBE,,
Bohuslans Bergvarmepumpar Ab,Kungshamn,,,,,,SE3,B,5,NIBE,installator,NIBE,,
Boken Vvs Ab,Stromsholm,,,,,,SE3,B,5,NIBE,installator,NIBE,,
Boras Varme Ab,Boras,,,,,,SE3,B,5,NIBE,installator,NIBE,,
Boras Vvs Ab,Boras,,,,,,SE3,B,5,NIBE,installator,NIBE,,
Branninge Rorservice Ab,Norrtalje,,,,,,SE3,B,5,NIBE,installator,NIBE,,
Bredvikens Ror Ab,Varby,,,,,,SE3,B,5,NIBE,installator,NIBE,,
Brinnen Ror Ab,Lindas,,,,,,SE3,B,5,NIBE,installator,NIBE,,
Brotorps Vvs,Kil,,,,,,SE3,B,5,NIBE,installator,NIBE,,
Carlssons Vvs,Brottby,,,,,,SE3,B,5,NIBE,installator,NIBE,,
Christer Lindbloms Ror Ab,Skanninge,,,,,,SE3,B,5,NIBE,installator,NIBE,,
D J Rorsystem,Kungshamn,,,,,,SE3,B,5,NIBE,installator,NIBE,,
Dalaro Rorservice Ab,Dalarso,,,,,,SE3,B,5,NIBE,installator,NIBE,,
Dale Ror Ab,Dals Ed,,,,,,SE3,B,5,NIBE,installator,NIBE,,
Dk Ror Ab,Falkenberg,,,,,,SE3,B,5,NIBE,installator,NIBE,,
Dk Ror Ab,Halmstad,,,,,,SE3,B,5,NIBE,installator,NIBE,,
Dr Ror Ab,Gunnebo,,,,,,SE3,B,5,NIBE,installator,NIBE,,
E. M. Vvs Ab,Nacka,,,,,,SE3,B,5,NIBE,installator,NIBE,,
Ea Energi Ab,Upplands Vasby,,,,,,SE3,B,5,NIBE,installator,NIBE,,
Ea Vvs Installationer Ab,Enkoping,,,,,,SE3,B,5,NIBE,installator,NIBE,,
Ekbloms Rorinstallation Ab,Nassjo,,,,,,SE3,B,5,NIBE,installator,NIBE,,
Eklunds Vvs Ab,Oskarshamn,,,,,,SE3,B,5,NIBE,installator,NIBE,,
El,Vvs Vast Ab  Kungsbacka,,,,,,SE3,B,5,NIBE,installator,NIBE,,
Elcon Energi Ab,Katrineholm,,,,,,SE3,B,5,NIBE,installator,NIBE,,
Elektrus Ab,Goteborg,,,,,,SE3,B,5,NIBE,installator,NIBE,,
Emab Energi Ab,Mariestad,,,,,,SE3,B,5,NIBE,installator,NIBE,,
Emab Energi Ab,Lidkoping,,,,,,SE3,B,5,NIBE,installator,NIBE,,
Energi Akuten I Stockholm Ab,Stockholm,,,,,,SE3,B,5,NIBE,installator,NIBE,,
Energieffektiv Ab,Vasteras,,,,,,SE3,B,5,NIBE,installator,NIBE,,
Energikompaniet Ab,Gothenburg,,,,,,SE3,B,5,NIBE,installator,NIBE,,
Energipartner I Norden Ab,Solna,,,,,,SE3,B,5,NIBE,installator,NIBE,,
Enova Ab,Boras,,,,,,SE3,B,5,NIBE,installator,NIBE,,
Enova Ab,Gothenburg,,,,,,SE3,B,5,NIBE,installator,NIBE,,
F J Teknik Ab,Vetlanda,,,,,,SE3,B,5,NIBE,installator,NIBE,,
Falkenberg Ror Ab,Falkenberg,,,,,,SE3,B,5,NIBE,installator,NIBE,,
Falks Ror Vvs Ab,Eskilstuna,,,,,,SE3,B,5,NIBE,installator,NIBE,,
Falkvarme Ab,Falkenberg,,,,,,SE3,B,5,NIBE,installator,NIBE,,
Farstas Rorinstallatorer Ab,Stockholm,,,,,,SE3,B,5,NIBE,installator,NIBE,,
Filipstads Ror Ab,Filipstad,,,,,,SE3,B,5,NIBE,installator,NIBE,,
Fjaras Rorinstallationer Ab,Fjaras,,,,,,SE3,B,5,NIBE,installator,NIBE,,
Fjordans Ror Ab,Lysekil,,,,,,SE3,B,5,NIBE,installator,NIBE,,
Fjordans Ror Ab,Munkedal,,,,,,SE3,B,5,NIBE,installator,NIBE,,
Flen Rorservice Ab,Flen,,,,,,SE3,B,5,NIBE,installator,NIBE,,
Forsvaret Ab,Osthammar,,,,,,SE3,B,5,NIBE,installator,NIBE,,
Framtidens Uppvarmning Ab,Stockholm,,,,,,SE3,B,5,NIBE,installator,NIBE,,
Frisens Ror Ab,Linkoping,,,,,,SE3,B,5,NIBE,installator,NIBE,,
Frostrings Ror Ab,Gimo,,,,,,SE3,B,5,NIBE,installator,NIBE,,
Gardsby Ror Ab,Lenhovda,,,,,,SE3,B,5,NIBE,installator,NIBE,,
Gislavedsbygdens Ror Ab,Gislaved,,,,,,SE3,B,5,NIBE,installator,NIBE,,
Gisslarbo Ror Ab,Gisslarbo,,,,,,SE3,B,5,NIBE,installator,NIBE,,
Godings Vvs,Kungsholmen,,,,,,SE3,B,5,NIBE,installator,NIBE,,
Gotlands Ror Ab,Visby,,,,,,SE3,B,5,NIBE,installator,NIBE,,
Grabo Ror,El Ab  Grebbestad,,,,,,SE3,B,5,NIBE,installator,NIBE,,
Grabo Ror,El Ab  Tanumshede,,,,,,SE3,B,5,NIBE,installator,NIBE,,
Gronkulla Ror Ab,Nassjo,,,,,,SE3,B,5,NIBE,installator,NIBE,,
Gustafs Vvs,Ab  Torslanda,,,,,,SE3,B,5,NIBE,installator,NIBE,,
Hallands Bergvarme Ab,Kungsbacka,,,,,,SE3,B,5,NIBE,installator,NIBE,,
Hallands El,Vvs Ab  Laholm,,,,,,SE3,B,5,NIBE,installator,NIBE,,
Hallbo Vvs Ab,Hallsberg,,,,,,SE3,B,5,NIBE,installator,NIBE,,
Hallstahammars Ror Ab,Hallstahammar,,,,,,SE3,B,5,NIBE,installator,NIBE,,
Hammerbys Ror Ab,Stockholm,,,,,,SE3,B,5,NIBE,installator,NIBE,,
Hardemo Ror Ab,Hardemo,,,,,,SE3,B,5,NIBE,installator,NIBE,,
Heimdall Byggtjanst Ab,Akersberga,,,,,,SE3,B,5,NIBE,installator,NIBE,,
Hemvarmekonsulten Ab,Akersberga,,,,,,SE3,B,5,NIBE,installator,NIBE,,
Hogdalens Ror Ab,Stockholm,,,,,,SE3,B,5,NIBE,installator,NIBE,,
Humlevikens Ror,Ab  Kungsbacka,,,,,,SE3,B,5,NIBE,installator,NIBE,,
Husells El,Vvs Ab  Heby,,,,,,SE3,B,5,NIBE,installator,NIBE,,
Hylte Rorservice Ab,Torup,,,,,,SE3,B,5,NIBE,installator,NIBE,,
J L Vvs Ab,Sundbyberg,,,,,,SE3,B,5,NIBE,installator,NIBE,,
Jan Karlssons Ror Ab,Munkedal,,,,,,SE3,B,5,NIBE,installator,NIBE,,
Jkp Energi,Ab  Kopparberg,,,,,,SE3,B,5,NIBE,installator,NIBE,,
Johanneberg Ror Ab,Fjaras,,,,,,SE3,B,5,NIBE,installator,NIBE,,
Johanssons Vvs Ab,Strangnas,,,,,,SE3,B,5,NIBE,installator,NIBE,,
Jonkoping Installationstjanst Ab,Jonkoping,,,,,,SE3,B,5,NIBE,installator,NIBE,,
Jordens Basta Vvs Ab,Tranas,,,,,,SE3,B,5,NIBE,installator,NIBE,,
Js Vvs I Norrtalje Ab,Norrtalje,,,,,,SE3,B,5,NIBE,installator,NIBE,,
Kalmar Ror Ab,Kalmar,,,,,,SE3,B,5,NIBE,installator,NIBE,,
Kalmarsunds Ror Ab,Kalmar,,,,,,SE3,B,5,NIBE,installator,NIBE,,
Kangers Vvs Ab,Hyssna,,,,,,SE3,B,5,NIBE,installator,NIBE,,
Karlskoga Rorservice Ab,Karlskoga,,,,,,SE3,B,5,NIBE,installator,NIBE,,
Karlstads Vvs,Lantbrukstjanst Ab  Karlstad,,,,,,SE3,B,5,NIBE,installator,NIBE,,
Kungsors Ror Vvs Ab,Kungsor,,,,,,SE3,B,5,NIBE,installator,NIBE,,
Kyle Vvs Ab,Skara,,,,,,SE3,B,5,NIBE,installator,NIBE,,
Landora Ror Ab,Enkoping,,,,,,SE3,B,5,NIBE,installator,NIBE,,
Lejonet Ror Ab,Nassjo,,,,,,SE3,B,5,NIBE,installator,NIBE,,
Lena Vvs Ab,Lena,,,,,,SE3,B,5,NIBE,installator,NIBE,,
Lerums Rorservice Ab,Lerum,,,,,,SE3,B,5,NIBE,installator,NIBE,,
Lf Energi Och Kyla Ab,Orebro,,,,,,SE3,B,5,NIBE,installator,NIBE,,
Lindesberg Rostorp Ror Ab,Lindesberg,,,,,,SE3,B,5,NIBE,installator,NIBE,,
Lindkvists Vvs Ab,Nassjo,,,,,,SE3,B,5,NIBE,installator,NIBE,,
Lindqvists Ror Ab,Boras,,,,,,SE3,B,5,NIBE,installator,NIBE,,
Linkopings Vvs Ab,Linkoping,,,,,,SE3,B,5,NIBE,installator,NIBE,,
Lostagards Ror Ab,Boras,,,,,,SE3,B,5,NIBE,installator,NIBE,,
Magnus Peterssons Vvs Ab,Kungsbacka,,,,,,SE3,B,5,NIBE,installator,NIBE,,
Marsta Vvs Ab,Marsta,,,,,,SE3,B,5,NIBE,installator,NIBE,,
Mellbyns Rorservice Ab,Mellbystrand,,,,,,SE3,B,5,NIBE,installator,NIBE,,
Mellstrom Ror Ab,Skene,,,,,,SE3,B,5,NIBE,installator,NIBE,,
Mercurius Energi Ab,Nykoping,,,,,,SE3,B,5,NIBE,installator,NIBE,,
Mil El O Vvs I Ostergotland Ab,Linkoping,,,,,,SE3,B,5,NIBE,installator,NIBE,,
Mill Energi Ab,Nassjo,,,,,,SE3,B,5,NIBE,installator,NIBE,,
Molndals Varme Ab,Molndal,,,,,,SE3,B,5,NIBE,installator,NIBE,,
Morgonstjarnan Ror Ab,Sunne,,,,,,SE3,B,5,NIBE,installator,NIBE,,
Mossboda Vvs Ab,Haby,,,,,,SE3,B,5,NIBE,installator,NIBE,,
Motala Kylen Ab,Motala,,,,,,SE3,B,5,NIBE,installator,NIBE,,
Nibe Partner Aborred Ror,Ab  Munkedal,,,,,,SE3,B,5,NIBE,installator,NIBE,,
Nibe Partner Bjork,Lind Ror Ab  Tanumshede,,,,,,SE3,B,5,NIBE,installator,NIBE,,
Nibe Partner Fruktan Ab,Orust,,,,,,SE3,B,5,NIBE,installator,NIBE,,
Nibe Partner Installation I Brottby Ab,Brottby,,,,,,SE3,B,5,NIBE,installator,NIBE,,
Nibe Partner Kungsholmen Vvs Ab,Stockholm,,,,,,SE3,B,5,NIBE,installator,NIBE,,
Nibe Partner Malaxhuse Ror Ab,Lysekil,,,,,,SE3,B,5,NIBE,installator,NIBE,,
Nibe Partner Masab Ror Ab,Alingsas,,,,,,SE3,B,5,NIBE,installator,NIBE,,
Nibe Partner Rorstrom I Karlstad Ab,Karlstad,,,,,,SE3,B,5,NIBE,installator,NIBE,,
Nibe Partner Vattenfall Heat Pump Service Ab,Hagfors,,,,,,SE3,B,5,NIBE,installator,NIBE,,
Nibe Partner Vattenfall Heat Pump Service Ab,Karlstad,,,,,,SE3,B,5,NIBE,installator,NIBE,,
Nibe Partner Vattenfall Heat Pump Service Ab,Vasteras,,,,,,SE3,B,5,NIBE,installator,NIBE,,
Nordbergs Ror Ab,Falkenberg,,,,,,SE3,B,5,NIBE,installator,NIBE,,
Nordens Bergvarmepumpar Ab,Halmstad,,,,,,SE3,B,5,NIBE,installator,NIBE,,
Nordisk Kyl,Service Ab  Gothenburg,,,,,,SE3,B,5,NIBE,installator,NIBE,,
Norrkopings Kylen Ab,Norrkoping,,,,,,SE3,B,5,NIBE,installator,NIBE,,
Norskogs Ror Ab,Karlstad,,,,,,SE3,B,5,NIBE,installator,NIBE,,
Nossebro El,Vvs Ab  Nossebro,,,,,,SE3,B,5,NIBE,installator,NIBE,,
Odsmals Rorlaggeri Ab,Odsmal,,,,,,SE3,B,5,NIBE,installator,NIBE,,
Ola Westman Ror,Goteborg,,,,,,SE3,B,5,NIBE,installator,NIBE,,
Orebro Vvs Ab,Orebro,,,,,,SE3,B,5,NIBE,installator,NIBE,,
Oregrunds El,Vvs Ab  Oregrund,,,,,,SE3,B,5,NIBE,installator,NIBE,,
Oringe Ror Ab,Tyreso,,,,,,SE3,B,5,NIBE,installator,NIBE,,
Ostgota Varmepumpsteknik,Atvidaberg,,,,,,SE3,B,5,NIBE,installator,NIBE,,
Pagelmans Ror Ab,Stenungsund,,,,,,SE3,B,5,NIBE,installator,NIBE,,
Pagelmans Ror Ab,Gothenburg,,,,,,SE3,B,5,NIBE,installator,NIBE,,
Pelle Petter Ab,Huskvarna,,,,,,SE3,B,5,NIBE,installator,NIBE,,
Per Ols Ror,Kyla Ab  Nacka,,,,,,SE3,B,5,NIBE,installator,NIBE,,
Per Persons Vvs,Rottne,,,,,,SE3,B,5,NIBE,installator,NIBE,,
Perssons Ror Ab,Lessebo,,,,,,SE3,B,5,NIBE,installator,NIBE,,
Plc Miljo Ab,Norrkoping,,,,,,SE3,B,5,NIBE,installator,NIBE,,
Pmab Ror Ab,Gothenburg,,,,,,SE3,B,5,NIBE,installator,NIBE,,
Precis Energi Ab,Linkoping,,,,,,SE3,B,5,NIBE,installator,NIBE,,
Prima Rorinstallationer I Visby Ab,Visby,,,,,,SE3,B,5,NIBE,installator,NIBE,,
Pro Ror,Varme Ab  Herrljunga,,,,,,SE3,B,5,NIBE,installator,NIBE,,
Pro Ror,Varme Ab  Lidkoping,,,,,,SE3,B,5,NIBE,installator,NIBE,,
Pronordic Ab,Sollentuna,,,,,,SE3,B,5,NIBE,installator,NIBE,,
Provag Energi Ab,Vasteras,,,,,,SE3,B,5,NIBE,installator,NIBE,,
Pumpterminalen I Jonkoping Ab,Jonkoping,,,,,,SE3,B,5,NIBE,installator,NIBE,,
Rafael Fernandez Rorinstallationer Ab,Uppsala,,,,,,SE3,B,5,NIBE,installator,NIBE,,
Ragnar Graffman Vvs Ab,Vasteras,,,,,,SE3,B,5,NIBE,installator,NIBE,,
Rakt Ror Ab,Motala,,,,,,SE3,B,5,NIBE,installator,NIBE,,
Rakt Ror Ab,Mjolby,,,,,,SE3,B,5,NIBE,installator,NIBE,,
Rbd Ror Ab,Nacka,,,,,,SE3,B,5,NIBE,installator,NIBE,,
Restaurang Ror Ab,Gothenburg,,,,,,SE3,B,5,NIBE,installator,NIBE,,
Ro Installationer Ab,Gothenburg,,,,,,SE3,B,5,NIBE,installator,NIBE,,
Ror Gruppen Gotland Ab,Visby,,,,,,SE3,B,5,NIBE,installator,NIBE,,
Ror Halland Ab,Kungsbacka,,,,,,SE3,B,5,NIBE,installator,NIBE,,
Ror Tjansen I Norrtelje Ab,Norrtalje,,,,,,SE3,B,5,NIBE,installator,NIBE,,
Rors Rorstudio Ab,Vimmerby,,,,,,SE3,B,5,NIBE,installator,NIBE,,
Rorsmorpan Ab,Norrahammar,,,,,,SE3,B,5,NIBE,installator,NIBE,,
Rortekniken Ab,Halmstad,,,,,,SE3,B,5,NIBE,installator,NIBE,,
S Varme Ab,Hallsberg,,,,,,SE3,B,5,NIBE,installator,NIBE,,
Serneke Installation Ab,Gothenburg,,,,,,SE3,B,5,NIBE,installator,NIBE,,
Service Kyla Ab,Linkoping,,,,,,SE3,B,5,NIBE,installator,NIBE,,
Sjobergs Ror Ab,Linkoping,,,,,,SE3,B,5,NIBE,installator,NIBE,,
Skovde Rorservice Ab,Skovde,,,,,,SE3,B,5,NIBE,installator,NIBE,,
Smalands Rorservice Ab,Eksjo,,,,,,SE3,B,5,NIBE,installator,NIBE,,
Smalands Rorservice Ab,Nassjo,,,,,,SE3,B,5,NIBE,installator,NIBE,,
Soberg,Soderstrom Ror Ab  Gnesta,,,,,,SE3,B,5,NIBE,installator,NIBE,,
Sodra Vi Varmepumpservice Ab,Kisa,,,,,,SE3,B,5,NIBE,installator,NIBE,,
Sodregards Ror,Maskin Ab  Vaxjo,,,,,,SE3,B,5,NIBE,installator,NIBE,,
Sone El Ab,Lidkoping,,,,,,SE3,B,5,NIBE,installator,NIBE,,
Sp Rorservice,Svenljunga,,,,,,SE3,B,5,NIBE,installator,NIBE,,
Stallets Rorlaggeri Ab,Ytterby,,,,,,SE3,B,5,NIBE,installator,NIBE,,
Steffes Kyl,Varmepumpar Ternstedt Invent Ab  Linkoping,,,,,,SE3,B,5,NIBE,installator,NIBE,,
Stenso Varme,Sanitet Ab  Kalmar,,,,,,SE3,B,5,NIBE,installator,NIBE,,
Stetab Vvs,Brunnsborrning  Stjarnhov,,,,,,SE3,B,5,NIBE,installator,NIBE,,
Stigs Rorlaggeri Ab,Lindome,,,,,,SE3,B,5,NIBE,installator,NIBE,,
Stockholm Pool,Varme Ab  Huddinge,,,,,,SE3,B,5,NIBE,installator,NIBE,,
Stockholms Ror,Vvs Ab              Lidingo,,,,,,SE3,B,5,NIBE,installator,NIBE,,
Strangnas Rortjanst Ab,Strangnas,,,,,,SE3,B,5,NIBE,installator,NIBE,,
Stromlunds Ror Ab,Trollhattan,,,,,,SE3,B,5,NIBE,installator,NIBE,,
Stromstad Rorservice Ab,Stromstad,,,,,,SE3,B,5,NIBE,installator,NIBE,,
Stures Rorinstallationer Ab,Borensberg,,,,,,SE3,B,5,NIBE,installator,NIBE,,
Sundbyholms Vvs Ab,Eskilstuna,,,,,,SE3,B,5,NIBE,installator,NIBE,,
Sven Olovs El,Vvs  Upplands Vasby,,,,,,SE3,B,5,NIBE,installator,NIBE,,
Svenljunga El Ab,Svenljunga,,,,,,SE3,B,5,NIBE,installator,NIBE,,
Svensk Installation Vast Ab,Arjang,,,,,,SE3,B,5,NIBE,installator,NIBE,,
Svensk Kylservice I Goteborg Ab,Goteborg,,,,,,SE3,B,5,NIBE,installator,NIBE,,
Svensk Villavarme Ab,Hisings Backa,,,,,,SE3,B,5,NIBE,installator,NIBE,,
Svenssons Ror Ab,Bor,,,,,,SE3,B,5,NIBE,installator,NIBE,,
Sweror Ab,Eskilstuna,,,,,,SE3,B,5,NIBE,installator,NIBE,,
Taby Vvs,Service Ab  Taby,,,,,,SE3,B,5,NIBE,installator,NIBE,,
Talje Vvs Ab,Sodertalje,,,,,,SE3,B,5,NIBE,installator,NIBE,,
Taussons Ror Ab,Uddevalla,,,,,,SE3,B,5,NIBE,installator,NIBE,,
Tbb Ror,Vvs Service Ab  Taby,,,,,,SE3,B,5,NIBE,installator,NIBE,,
Themptander Vvs Ab,Skogas,,,,,,SE3,B,5,NIBE,installator,NIBE,,
Thimsfors Vvs Ab,Skummeslovstrand,,,,,,SE3,B,5,NIBE,installator,NIBE,,
Tjallmo Vatten,Varme Ab  Tjallmo,,,,,,SE3,B,5,NIBE,installator,NIBE,,
Tomas Enoksson Rormokeri & Fast.Service,Ostervala,,,,,,SE3,B,5,NIBE,installator,NIBE,,
Torbjornsgardens Vvs Ab,Vara,,,,,,SE3,B,5,NIBE,installator,NIBE,,
Trs,Tingdahls Rorservice Ab  Tingsryd,,,,,,SE3,B,5,NIBE,installator,NIBE,,
Ts Ror Ab,Heby,,,,,,SE3,B,5,NIBE,installator,NIBE,,
Tullinge Ror Ab,Tullinge,,,,,,SE3,B,5,NIBE,installator,NIBE,,
Tunabergs Vvs Ab,Nykoping,,,,,,SE3,B,5,NIBE,installator,NIBE,,
Turex Ror Ab,Saltsjo Boo,,,,,,SE3,B,5,NIBE,installator,NIBE,,
Unnaryds Varme,Sanitet Ab  Unnaryd,,,,,,SE3,B,5,NIBE,installator,NIBE,,
Upplands Energi Produkt,Miljo Ab  Uppsala,,,,,,SE3,B,5,NIBE,installator,NIBE,,
Upplands Kyl,Varme Ab  Uppsala,,,,,,SE3,B,5,NIBE,installator,NIBE,,
Vadsbo Kylteknik Ab,Moholm,,,,,,SE3,B,5,NIBE,installator,NIBE,,
Vallsater Ror Ab,Alunda,,,,,,SE3,B,5,NIBE,installator,NIBE,,
Vanersnas Rorservice Ab,Vanersnas,,,,,,SE3,B,5,NIBE,installator,NIBE,,
Vargarda Vvs Ab,Vargarda,,,,,,SE3,B,5,NIBE,installator,NIBE,,
Varme,Konstruktionskansla I Trosa Ab  Trosa,,,,,,SE3,B,5,NIBE,installator,NIBE,,
Varme,Sanitet I Huskvarna Ab  Huskvarna,,,,,,SE3,B,5,NIBE,installator,NIBE,,
Varme & Sanitet A. Palmer Ab,Vimmerby,,,,,,SE3,B,5,NIBE,installator,NIBE,,
Varmepumpsgruppen Mitt Ab,Eskilstuna,,,,,,SE3,B,5,NIBE,installator,NIBE,,
Varmeservice I Veddige Ab,Veddige,,,,,,SE3,B,5,NIBE,installator,NIBE,,
Varmeservice Uddevalla Ab,Uddevalla,,,,,,SE3,B,5,NIBE,installator,NIBE,,
Varmespecialisten Ab,Kungsbacka,,,,,,SE3,B,5,NIBE,installator,NIBE,,
Varnamo Forsheda Ror Ab,Varnamo,,,,,,SE3,B,5,NIBE,installator,NIBE,,
Vastkustkyl,Varme Ab  Alvangen,,,,,,SE3,B,5,NIBE,installator,NIBE,,
Vastsvenska Varme,Sanitet Ab  Ed,,,,,,SE3,B,5,NIBE,installator,NIBE,,
Vatten,Varme I Norberg  Norberg,,,,,,SE3,B,5,NIBE,installator,NIBE,,
Vatten,Varmeteknik Ab  Hogsater,,,,,,SE3,B,5,NIBE,installator,NIBE,,
Vfs Varberg Ab,Varberg,,,,,,SE3,B,5,NIBE,installator,NIBE,,
Vi Varmer Sverige Ab,Huddinge,,,,,,SE3,B,5,NIBE,installator,NIBE,,
Vi Varmer Sverige Ab,Hagersten,,,,,,SE3,B,5,NIBE,installator,NIBE,,
Vi Varmer Sverige Ab,Sollentuna,,,,,,SE3,B,5,NIBE,installator,NIBE,,
Vi Varmer Sverige Ab,Taby,,,,,,SE3,B,5,NIBE,installator,NIBE,,
Villavarme I Ostergotland Ab,Motala,,,,,,SE3,B,5,NIBE,installator,NIBE,,
Villavarme I Ostergotlandab,Norrkoping,,,,,,SE3,B,5,NIBE,installator,NIBE,,
Votab Vvs,Varmeinstallation Ab  Varberg,,,,,,SE3,B,5,NIBE,installator,NIBE,,
Vs Installation I Kalmar Ab,Kalmar,,,,,,SE3,B,5,NIBE,installator,NIBE,,
Vvs Akuten I Sodertorn Ab,Segersang,,,,,,SE3,B,5,NIBE,installator,NIBE,,
Vvs Kompaniet Ab,Saffle,,,,,,SE3,B,5,NIBE,installator,NIBE,,
Wahlgren Ror Ab,Norrtalje,,,,,,SE3,B,5,NIBE,installator,NIBE,,
Walfridssons Ror Ab,Lessebo,,,,,,SE3,B,5,NIBE,installator,NIBE,,
Walthers Kyl,Varmepumpservice  Nykoping,,,,,,SE3,B,5,NIBE,installator,NIBE,,
Wastvinds Vvs Ab,Koping,,,,,,SE3,B,5,NIBE,installator,NIBE,,
Wiklunds Kylteknik Ab,Kungsbacka,,,,,,SE3,B,5,NIBE,installator,NIBE,,
Wikmans Vvs Ab,Ekero,,,,,,SE3,B,5,NIBE,installator,NIBE,,
Wrandings Rormokeri Ab,Balsta,,,,,,SE3,B,5,NIBE,installator,NIBE,,
Yttergrens Ror Ab,Visby,,,,,,SE3,B,5,NIBE,installator,NIBE,,
IVT-Center Vimmerby,Vimmerby,0702044073,,,,,SE3,B,5,IVT,IVT Center,IVT,SE3 + IVT Center; liten ort men aktiv,
Värme & Kylteknik i Vassmolösa AB,Kalmar,048032190,,,,,SE3,B,5,IVT,IVT Center,IVT,SE3 + IVT Center; Kalmar,
IVT Center/Miljö- VVS- & Energicent (MVE),Linköping,013106000,,,,,SE3,B,5,IVT,IVT Center,IVT,SE3 + IVT Center; stor stad,
IVT Center Värnamo,Värnamo,037026165,,,,,SE3,B,5,IVT,IVT Center,IVT,SE3 + IVT Center,
IVT Center/Team PTL AB,Växjö,047021190,,,,,SE3,B,5,IVT,IVT Center,IVT,SE3 + IVT Center,
IVT-Center Väst / Trestad,Trollhättan,0520526461,,,,,SE3,B,5,IVT,IVT Center,IVT,SE3 + IVT Center; täcker Trestad,
Energirör (IVT Center 7H),Borås,033139410,,,,,SE3,B,5,IVT,IVT Center,IVT,SE3 + IVT Center; Sjuhärad,
IVT Center Köping,Köping,022124040,,,,,SE3,B,5,IVT,IVT Center,IVT,SE3 + IVT Center,
Mälardalens Värmepumpscenter AB,Eskilstuna,020510200,,,,,SE3,B,5,IVT,IVT Center,IVT,SE3 + IVT Center; No1 service,
Mälardalens Värmepumpscenter,Liljeholmen,020510200,,,,,SE3,B,5,IVT,IVT Center,IVT,SE3 + IVT Center; Stockholm,
Rördoktorn/IVT-Center,Haninge,087771500,,,,,SE3,B,5,IVT,IVT Center,IVT,SE3 + IVT Center; Stockholm,
Värmekällan Väst AB,Sävedalen (Göteborg),0313369050,,,,,SE3,B,5,IVT,IVT Center,IVT,SE3 + IVT Center; Nordens första IVT Center; täcker halva Sverige väster,
Aircontrol I Boras Ab,Boras,,,,,,SE3,B,4,NIBE,service,NIBE,,
Anders Johanssons Energiteknik Vvs,Ab  Ankarsrum,,,,,,SE3,B,4,NIBE,service,NIBE,,
Beckmanns Vvs,Energiteknik  Jonkoping,,,,,,SE3,B,4,NIBE,service,NIBE,,
Steffes Kyl,Varmepumpar Ternstedt Invent Ab  Atvidaberg,,,,,,SE3,B,4,NIBE,service,NIBE,,
Steffes Kyl,Varmepumpar Ternstedt Invent Ab  Rimforsa,,,,,,SE3,B,4,NIBE,service,NIBE,,
Upplands Energi Produkt,Miljo Ab  Bjorklinge,,,,,,SE3,B,4,NIBE,service,NIBE,,
Walthers Kyl,Varmepumpservice Ab  Norrkoping,,,,,,SE3,B,4,NIBE,service,NIBE,,
Walthers Kyl,Varmepumpservice Ab  Nykoping,,,,,,SE3,B,4,NIBE,service,NIBE,,
Westheat Ab,Hisings Backa,,,,,,SE3,B,4,NIBE,service,NIBE,,
Johan Wirsén AB,Uppsala,0187501188,,,,,SE3,B,4,IVT,Standard,IVT,SE3 + Standard,
Evepe AB,Bro,0858175544,,,,,SE3,B,4,IVT,Standard,IVT,SE3,
Huddinge Maskinservice,Huddinge,087116606,,,,,SE3,B,4,IVT,Standard,IVT,SE3,
Revider Energi AB,Sollentuna,0840832634,,2,29947000,556485-3405,SE3,B,4,IVT,Standard,"IVT, Sparc",SE3,
Värmedynamik i Södertälje AB,Södertälje,0855807580,,,,,SE3,B,4,IVT,Standard,IVT,SE3,
Team Wåhlin Värmeteknik AB,Vallentuna,0851170499,,,,,SE3,B,4,IVT,Standard,IVT,SE3; IVT-serviceombud sedan 1999,
Energipartner Sverige AB,Bromma,08802805,,,,,SE3,B,4,"Daikin, IVT",Standard,"Daikin, IVT",SE3; även Daikin-partner,
Kyl & Värmepumpservice i Sthlm AB,Järfälla,0858010030,,,,,SE3,B,4,IVT,Standard,IVT,SE3,
VärmeKompaniet Stockholm AB,Saltsjö-Boo,087182838,,,,,SE3,B,4,IVT,Standard,IVT,SE3,
Effektiv Energi Stockholm AB,Märsta,0859118400,,,,,SE3,B,4,IVT,Standard,IVT,SE3; täcker Sigtuna/Märsta,
Energikomfort Sverige AB,Täby,0858867150,,,,,SE3,B,4,IVT,Standard,IVT,SE3; Täby/Stockholm,
Energieffektivisering i Sverige AB,Lidingö,08279200,,,,,SE3,B,4,IVT,Standard,IVT,SE3,
Inneklimat AB,Skå,0856024800,,,,,SE3,B,4,IVT,Standard,IVT,SE3,
Relax Rör,Tyresö,087703332,,,,,SE3,B,4,IVT,Standard,IVT,SE3,
BST Värmepumpar,Älvsjö,0707286095,,,,,SE3,B,4,IVT,Standard,IVT,SE3,
Perssons Rör & Värme AB,Jönköping,036349240,,,,,SE3,B,4,IVT,Standard,IVT,SE3,
Energihuset Försäljnings AB Hardy H,Norrköping,,,,,,SE3,B,4,IVT,Standard,IVT,SE3,
GS Kylservice AB,Linköping,013212010,,,,,SE3,B,4,IVT,Standard,IVT,SE3,
Västgötarör AB,Skövde,,,,,,SE3,B,4,IVT,Standard,IVT,SE3,
Lundgrens Rör i Vedum AB,Vedum,,,,,,SE3,B,4,IVT,Standard,IVT,SE3,
Värmepumpcenter Örebro,Örebro,,,,,,SE3,B,4,IVT,Standard,IVT,SE3; ej Enwell,
Energioptimering i Norden AB,Skene,0301770050,,,,,SE3,B,4,Daikin,Auktoriserad Daikin,Daikin,,SE3; Göteborg-täckning; luft/vatten + berg
Energilagret - Halmstad,Halmstad,0102022330,,,,,SE3,B,4,Daikin,Auktoriserad Daikin,Daikin,,SE3; Halmstad; luft/vatten + berg
Värme Konsulten i Sverige AB,Norberg,0706663610,,,,,SE3,B,4,Daikin,Auktoriserad Daikin,Daikin,,SE3; luft/vatten + berg
JZ Service AB,Kungsbacka,0733820097,,,,,SE3,B,4,Daikin,Auktoriserad Daikin,Daikin,,SE3; Kungsbacka; full-service
Kyl och Värmepumpsbolaget i Sverige,Uppsala,018101718,,,,,SE3,B,4,Daikin,Auktoriserad Daikin,Daikin,,SE3; Uppsala; luft/vatten
AM Kyla Värmeteknik AB,Enköping,0739089600,,,,,SE3,B,4,Daikin,Auktoriserad Daikin,Daikin,,SE3; Enköping
Mälardalens Elektriska AB,Kungsör,0706005622,,,,,SE3,B,4,Daikin,Auktoriserad Daikin,Daikin,,SE3; Kungsör
Energi Värmeteknik i Östra Sverige AB,Mantorp,0708298590,,,,,SE3,B,4,Daikin,Auktoriserad Daikin,Daikin,,SE3; Mantorp
Värmekällan i Sverige AB,Tranås,014012875,,,,,SE3,B,4,Daikin,Auktoriserad Daikin,Daikin,,SE3; Tranås
Avent Kyl AB,Kalmar,+46480493131,,,,,SE3,B,4,Mitsubishi,Auktoriserad ME,Mitsubishi,,SE3; brett vattenburet fokus; stark OPTi-relevans
Kyl-Bergman AB,Västervik,+4649021551,,,,,SE3,B,4,Mitsubishi,Auktoriserad ME,Mitsubishi,,SE3; Västervik
Berglunds Rör i Vegby AB,Gällstad,+4632172031,,,,,SE3,B,4,Mitsubishi,Auktoriserad ME,Mitsubishi,,SE3; Borås/Ulricehamn; berg-specialister
Borgätningen Borås Elektrokyl-Energiteknik,Borås,+4633205520,,,,,SE3,B,4,Mitsubishi,Auktoriserad ME,Mitsubishi,,SE3; Borås; sol-el + styrsystem → nära OPTi-världen
Svensk Kylservice AB,Göteborg,031824818,,,,,SE3,B,4,Mitsubishi,Auktoriserad ME,Mitsubishi,,SE3; Göteborg + 16 kommuner; luft/vatten + berg
KylKontroll Göteborg AB,Västra Frölunda,031685720,,,,,SE3,B,4,Mitsubishi,Auktoriserad ME,Mitsubishi,,SE3; Göteborg; certifierat kylteknikföretag
S-VÄRME AB,Hallsberg,+4619582130,,,,,SE3,B,4,Mitsubishi,Auktoriserad ME,Mitsubishi,,SE3; Hallsberg; 30 år; luft/vatten + berg
Klimatpartner i Sverige AB,Örebro,+46191210121,,,,,SE3,B,4,Mitsubishi,Auktoriserad ME,Mitsubishi,,SE3; Örebro; grundat 2016; 80+ år sammanlagd erfarenhet
Kyl & Värmepumpservice i Halmstad AB,Halmstad,+4635173910,,,,,SE3,B,4,Mitsubishi,Auktoriserad ME,Mitsubishi,,SE3; Halmstad
Varma Huset i Sollentuna AB,Järfälla,+46858350053,,,,,SE3,B,4,Mitsubishi,Auktoriserad ME,Mitsubishi,,SE3; Järfälla/Trosa; tyst ME = luft/vatten
Upplands Kyl & Värme AB,Uppsala,+46184444040,,,,,SE3,B,4,Mitsubishi,Auktoriserad ME,Mitsubishi,,SE3; Uppsala
Allklimat Fastigheter AB,Upplands Väsby,0851496250,,,,,SE3,B,4,Mitsubishi,Auktoriserad ME,Mitsubishi,,SE3; Sthlm-region; bergvärme-specialist (Geodan)
Din värmepump Gotland AB,Visby,0498241129,,,,,SE3,B,4,Mitsubishi,Auktoriserad ME,Mitsubishi,,SE3; Gotland; ej topprioritet
Martin Palmqvist VVS,Fagersta,022316110,https://www.bad-varme.se/ort/fagersta/,6,,,SE3,B,,Bad & Värme,Bad & Värme,Bad & Värme,aukt. VP-märke,
VVS-Service i Knislinge,Hanaskog,044–61411,https://www.bad-varme.se/ort/hanaskog/,14,,,SE3,B,,Bad & Värme,Bad & Värme,Bad & Värme,aukt. VP-märke,
Hova Rörledningsaffär,Hova,050630795,https://www.bad-varme.se/ort/hova/,47,,,SE3,B,,Bad & Värme,Bad & Värme,Bad & Värme,VVS/värme,
Service & Fastighet i Skåne,Hörby,0707128734,https://www.bad-varme.se/ort/horby/,46,,,SE3,B,,Bad & Värme,Bad & Värme,Bad & Värme,VVS/värme,
Bad & Värme i Laholm,Laholm,043010000(09:00–16:00),https://www.bad-varme.se/ort/laholm/,79,,,SE3,B,,Bad & Värme,Bad & Värme,Bad & Värme,VVS/värme,
Installationsgruppen,Sälen,028020775,https://www.bad-varme.se/ort/salen/,43,,,SE3,B,,Bad & Värme,Bad & Värme,Bad & Värme,VVS/värme,
Installationgruppen Bohuslän,Uddevalla,0104520840,https://www.bad-varme.se/ort/uddevalla/,43,,,SE3,B,,Bad & Värme,Bad & Värme,Bad & Värme,VVS/värme,
Idala Rörtjänst,Veberöd,04650098,https://www.bad-varme.se/ort/veberod/,9,,,SE3,B,,Bad & Värme,Bad & Värme,Bad & Värme,aukt. VP-märke,
Gnosjö Rörledningsaffär,Gnosjö,0370332290,https://www.bad-varme.se/ort/gnosjo/,22,,,SE3,B,,Bad & Värme,Bad & Värme,Bad & Värme,VVS/värme,
ManTor,Jönköping,0103300560,https://www.bad-varme.se/ort/jonkoping/,18,,,SE3,B,,Bad & Värme,Bad & Värme,Bad & Värme,VVS/värme,
NM Rör AB,Norrtälje,0176224700,https://www.bad-varme.se/ort/norrtalje/,18,,,SE3,B,,Bad & Värme,Bad & Värme,Bad & Värme,VVS/värme,
Forsmans VVS,Skogås,087708500,https://www.bad-varme.se/ort/vendelso/,31,,,SE3,B,,Bad & Värme,Bad & Värme,Bad & Värme,VVS/värme,
Bad & Värme Tingsryd,Tingsryd,047713050,https://www.bad-varme.se/ort/tingsryd/,16,,,SE3,B,,Bad & Värme,Bad & Värme,Bad & Värme,VVS/värme,
Nya Rörbolaget,Västerås,021380430,https://www.bad-varme.se/ort/vasteras/,20,,,SE3,B,,Bad & Värme,Bad & Värme,Bad & Värme,VVS/värme,
Djupedals Rör Kvänum,Kvänum,051292100,https://www.bad-varme.se/ort/kvanum-djupedal/,132,,,SE3,B,,Bad & Värme,Bad & Värme,Bad & Värme,VVS/värme,
Radiator VVS,Ludvika,024013565,https://www.bad-varme.se/ort/ludvika/,470,,,SE3,B,,Bad & Värme,Bad & Värme,Bad & Värme,VVS/värme,
RSAB Rörservice,Arvika,057080803,https://www.bad-varme.se/ort/arvika/,7,,,SE3,B,,Bad & Värme,Bad & Värme,Bad & Värme,aukt. VP-märke,
Ekenäs Rör AB,Ekenässjön,038334780,https://www.bad-varme.se/ort/vetlanda/,7,,,SE3,B,,Bad & Värme,Bad & Värme,Bad & Värme,aukt. VP-märke,
Rörfixarna i Hjo,Hjo,050312222,https://www.bad-varme.se/ort/hjo/,15,,,SE3,B,,Bad & Värme,Bad & Värme,Bad & Värme,VVS/värme,
Söders Olja & Rör,Rottne,047092550,https://www.bad-varme.se/ort/rottne/,14,,,SE3,B,,Bad & Värme,Bad & Värme,Bad & Värme,VVS/värme,
Rörfixarna i Hjo AB,Tibro,050412988,https://www.bad-varme.se/ort/tibro/,15,,,SE3,B,,Bad & Värme,Bad & Värme,Bad & Värme,VVS/värme,
Janne Carlson Rör,Vålberg/Karlstad,054547180,https://www.bad-varme.se/ort/karlstad-jc/,9,,,SE3,B,,Bad & Värme,Bad & Värme,Bad & Värme,aukt. VP-märke,
Bad & Värme Årjäng,Årjäng,057310003,https://www.bad-varme.se/ort/arjang/,14,,,SE3,B,,Bad & Värme,Bad & Värme,Bad & Värme,aukt. VP-märke,
TermoRör,Botkyrka/Tumba,0851819010,https://www.bad-varme.se/ort/tumba/,23,,,SE3,B,,Bad & Värme,Bad & Värme,Bad & Värme,VVS/värme,
Bad & Värme i Norrköping/Kolmården,Norrköping/Kolmården,01169663,https://www.bad-varme.se/ort/norrkoping-kolmarden/,22,,,SE3,B,,Bad & Värme,Bad & Värme,Bad & Värme,VVS/värme,
Enwell AB (Dalarna),Falun / Mora,02328341,,,,,SE2,B,8,"IVT, NIBE",IVT Center,Enwell,SE2-zon ger lägre elprisargument — pitcha på solsurplus + komfort,Enwell-kedja (Vattenfall). Centralt avtal rekommenderas.
BorrEnergi Sweden AB,Ludvika,024080900,borrenergi.se,7,7900000,556998-4395,SE2,B,7,Bosch,Bosch Climate Partner,Bosch,19,
Malms Rör i Sundsvall AB,Sundsvall,0702788588,,4,9688000,556908-1341,SE2,B,7,Bosch,Bosch Climate Partner,Bosch,21,
Blombergs VVS AB,Östersund,ejhittat,blombergsvvs.nu,1,2098000,556881-6747,SE2,B,6,Bosch,Bosch Climate Partner,Bosch,20,
A. Wiklund Vvs,Stugun,,,,,,SE2,B,4,NIBE,installator,NIBE,,
A.J.Ws Lift,Rorteknik Ab  Sundsvall,,,,,,SE2,B,4,NIBE,installator,NIBE,,
Ake Lindkvist Ror Ab,Mora,,,,,,SE2,B,4,NIBE,installator,NIBE,,
Alno Vvs Ab,Alno,,,,,,SE2,B,4,NIBE,installator,NIBE,,
Andersson Jan Olof Peter,Gallo,,,,,,SE2,B,4,NIBE,installator,NIBE,,
Are Rorteam Ab,Undersaker,,,,,,SE2,B,4,NIBE,installator,NIBE,,
Bergvarme Ab,Timra,,,,,,SE2,B,4,NIBE,installator,NIBE,,
Bgs Kyl,Varmeservice Ab  Matfors,,,,,,SE2,B,4,NIBE,installator,NIBE,,
Borlange Vvs Ab,Borlange,,,,,,SE2,B,4,NIBE,installator,NIBE,,
Bruksvallens Ror Ab,Bruksvallarna,,,,,,SE2,B,4,NIBE,installator,NIBE,,
Dala Ror Ab,Falun,,,,,,SE2,B,4,NIBE,installator,NIBE,,
Dalarnas Ror Ab,Avesta,,,,,,SE2,B,4,NIBE,installator,NIBE,,
Daldala Ab,Ljusnarsberg,,,,,,SE2,B,4,NIBE,installator,NIBE,,
Dalmarken Ror Ab,Rattvik,,,,,,SE2,B,4,NIBE,installator,NIBE,,
Djupa Ror Ab,Djuras,,,,,,SE2,B,4,NIBE,installator,NIBE,,
Elite Energi Ab,Sundsvall,,,,,,SE2,B,4,NIBE,installator,NIBE,,
Expert Rad Vvs Ab,Gavle,,,,,,SE2,B,4,NIBE,installator,NIBE,,
Fagerlids Vvs Ab,Leksand,,,,,,SE2,B,4,NIBE,installator,NIBE,,
Falun Varme Ab,Falun,,,,,,SE2,B,4,NIBE,installator,NIBE,,
Faluns Rorservice Ab,Falun,,,,,,SE2,B,4,NIBE,installator,NIBE,,
Frosunda Ror Ab,Harnosand,,,,,,SE2,B,4,NIBE,installator,NIBE,,
Gavle Ror Ab,Gavle,,,,,,SE2,B,4,NIBE,installator,NIBE,,
Hedemoras Ror Ab,Hedemora,,,,,,SE2,B,4,NIBE,installator,NIBE,,
Helgums Ror,Ventilation Ab  Helgum,,,,,,SE2,B,4,NIBE,installator,NIBE,,
Hogbergs Ror,Ventilation Ab  Leksand,,,,,,SE2,B,4,NIBE,installator,NIBE,,
Hogstens Rorservice Ab,Hogsten,,,,,,SE2,B,4,NIBE,installator,NIBE,,
Hohanssons Ror Ab,Fagersta,,,,,,SE2,B,4,NIBE,installator,NIBE,,
Hosjo Ror Ab,Ostersund,,,,,,SE2,B,4,NIBE,installator,NIBE,,
Hudiksvalls Rorservice Ab,Hudiksvall,,,,,,SE2,B,4,NIBE,installator,NIBE,,
Indals Vvs Ab,Indal,,,,,,SE2,B,4,NIBE,installator,NIBE,,
J E Rorinstallationer Ab,Soderhamn,,,,,,SE2,B,4,NIBE,installator,NIBE,,
J J Rorservice Ab,Ockelbo,,,,,,SE2,B,4,NIBE,installator,NIBE,,
Larssons Vvs Ab,Nusnas,,,,,,SE2,B,4,NIBE,installator,NIBE,,
Ljusne Ror Ab,Ljusne,,,,,,SE2,B,4,NIBE,installator,NIBE,,
Malungs Ror Ab,Malung,,,,,,SE2,B,4,NIBE,installator,NIBE,,
Masen Ror Ab,Ornskoldsvik,,,,,,SE2,B,4,NIBE,installator,NIBE,,
Melander Ror Ab,Borlange,,,,,,SE2,B,4,NIBE,installator,NIBE,,
Morkoms Vvs Ab,Sveg,,,,,,SE2,B,4,NIBE,installator,NIBE,,
Nibe Partner Granens Ror Ab,Ornskoldsvik,,,,,,SE2,B,4,NIBE,installator,NIBE,,
Nibe Partner John Eklund Borrning Ab,Ornskoldsvik,,,,,,SE2,B,4,NIBE,installator,NIBE,,
Nibe Partner Lindgrens Ror Ab,Kramfors,,,,,,SE2,B,4,NIBE,installator,NIBE,,
Nibe Partner Nordkust Ror Och Vvs Ab,Sundsvall,,,,,,SE2,B,4,NIBE,installator,NIBE,,
Nibe Partner Sandsvikens Ror Ab,Sandviken,,,,,,SE2,B,4,NIBE,installator,NIBE,,
Nibe Partner Vasternorrlands Bergvarmepumpar Ab,Harnosand,,,,,,SE2,B,4,NIBE,installator,NIBE,,
Nibe Partner Vattenfall Heat Pump Service Ab,Borlange,,,,,,SE2,B,4,NIBE,installator,NIBE,,
Nibe Partner Vattenfall Heat Pump Service Ab,Falun,,,,,,SE2,B,4,NIBE,installator,NIBE,,
Nordvik Vvs Ab,Harnosand,,,,,,SE2,B,4,NIBE,installator,NIBE,,
Norra Dalarnas Ror Ab,Orsa,,,,,,SE2,B,4,NIBE,installator,NIBE,,
Orsa Ror Ab,Orsa,,,,,,SE2,B,4,NIBE,installator,NIBE,,
Rattviks Ror Ab,Rattvik,,,,,,SE2,B,4,NIBE,installator,NIBE,,
Ror Service Dala Ab,Sala,,,,,,SE2,B,4,NIBE,installator,NIBE,,
Rorstrom Ab,Borlange,,,,,,SE2,B,4,NIBE,installator,NIBE,,
Sala Rorservice Ab,Sala,,,,,,SE2,B,4,NIBE,installator,NIBE,,
Sandvikens Ror Ab,Sandviken,,,,,,SE2,B,4,NIBE,installator,NIBE,,
Soderbloms Ror Ab,Gavle,,,,,,SE2,B,4,NIBE,installator,NIBE,,
Sorens Ror,Stode,,,,,,SE2,B,4,NIBE,installator,NIBE,,
Stenstans Varme,Sanitet  Sundsvall,,,,,,SE2,B,4,NIBE,installator,NIBE,,
Stora Skedvi Ror Ab,Stora Skedvi,,,,,,SE2,B,4,NIBE,installator,NIBE,,
Tinbak Ab,Hammerdal,,,,,,SE2,B,4,NIBE,installator,NIBE,,
Vattenhuset Ab,Borlange,,,,,,SE2,B,4,NIBE,installator,NIBE,,
Vvs Installatoren I Gavle Ab,Gavle,,,,,,SE2,B,4,NIBE,installator,NIBE,,
Vvs Teknik I Jamtland Ab,Stenstavik,,,,,,SE2,B,4,NIBE,installator,NIBE,,
Vvs Tjanst I Falun Ab,Falun,,,,,,SE2,B,4,NIBE,installator,NIBE,,
Rex Rör & Värmepumpsteknik AB,Sundsvall,060554700,,,,,SE2,B,4,IVT,IVT Center,IVT,SE2 + IVT Center; No1 service,
Värmepumpcenter i Gävle AB,Gävle,026142901,,,,,SE2,B,4,IVT,IVT Center,IVT,SE2 + IVT Center,
IVT Center/Falun,Falun,02328341,,,,,SE2,B,4,IVT,IVT Center,IVT,SE2 + IVT Center,
Eklunds Mora,Mora,0250–585000,https://www.bad-varme.se/ort/mora/,37,,,SE2,B,,Bad & Värme,Bad & Värme,Bad & Värme,aukt. VP-märke,
Bryngels,Sundsvall,060668855,https://www.bad-varme.se/ort/sundsvall/,25,,,SE2,B,,Bad & Värme,Bad & Värme,Bad & Värme,aukt. VP-märke,
Installationsgruppen,Malung,028013075,https://www.bad-varme.se/ort/malung/,43,,,SE2,B,,Bad & Värme,Bad & Värme,Bad & Värme,VVS/värme,
Söderbloms Rör,Gävle,026601010,https://www.bad-varme.se/ort/gavle/,16,,,SE2,B,,Bad & Värme,Bad & Värme,Bad & Värme,VVS/värme,
Bryngels,Hudiksvall,065010790,https://www.bad-varme.se/ort/hudiksvall/,25,,,SE2,B,,Bad & Värme,Bad & Värme,Bad & Värme,VVS/värme,
Hortlax Rör AB,Piteå,ejhittat,,6,10463000,556891-0961,SE1,B,6,Bosch,Bosch Climate Partner,Bosch,22,
Dalarnas VVS & Värmeteknik AB,Ludvika,+46240406021,,,,,SE2,C,3,Mitsubishi,Auktoriserad ME,Mitsubishi,,SE2; Dalarna; lägre prioritet
Värme & Kylteknik i Jämtland AB,Östersund,+466321271,,,,,SE2,C,3,Mitsubishi,Auktoriserad ME,Mitsubishi,,SE2; Östersund
Gustafssons Rör i Sundsvall AB,Umeå,,,,,,SE1,C,2,IVT,Standard,IVT,SE1; låg prioritet,
Jäders Värme i Umeå,Umeå,,,,,,SE1,C,2,IVT,Standard,IVT,SE1,
Norrlandsexperten,Umeå,,,,,,SE1,C,2,IVT,Standard,IVT,SE1,
Umeå Tvätt & Värmepumpsservice AB,Umeå,,,,,,SE1,C,2,IVT,Standard,IVT,SE1,
Teknisk Fastighetsservice Umeå,Umeå,090122600,,,,,SE1,C,2,Daikin,Auktoriserad Daikin,Daikin,,SE1; Umeå; luft/vatten + berg men låg elzonavkastning
Kiruna Kyla & Värme AB,Kiruna,+4698016080,,,,,SE1,C,2,Mitsubishi,Auktoriserad ME,Mitsubishi,,SE1; Kiruna; lägst prioritet
