org_nr,bolagsnamn,ort,elzon,tier,poang,vd_namn,epost,telefon,webb,anstallda,omsattning_kkr,marken,partner_niva,kalla,pitch_vinkel,anteckning
559018-1300,Sandbäckens Rör i Ronneby AB,Ronneby,SE4,A,11,Sonny Ingemar Lennart Johansson,info.ronneby@sandbackens.se,0457635540,,36,93784,Thermia,Värmepumpcenter,Thermia,,
556791-8825,Kyl- & värmepumpservice Ängelholm AB,Ängelholm,SE4,A,10,Sven Rune Lennart Starnert,rune@kylvarmeservice.se,043129070,,10,30175,"Daikin, Thermia",Värmepumpcenter,"Daikin, Thermia",,
556657-1369,Francks Kylindustri,Hässleholm,SE4,A,10,Sture Mikael Eriksson,ola.olsson@francksref.se,0451381150,https://francksref.com/applikationer/varmepumpar/kopa/,36,177022,Thermia,Standard,Thermia,,
556276-3374,Thörnquist Rör AB,Karlskrona,SE4,A,10,Henrik Birger Hjalmarsson,henrik@thror.se,045520682,,16,50078,Thermia,Standard,Thermia,,
,Enwell AB (Skåne),Everöd,SE4,A,10,Michael Gozzi,skane@enwell.se,044238350,,,,"IVT, NIBE",IVT Center,Enwell,SE4 + fullstack värmepumpsexpert — högsta elprisexponering,Enwell-kedja (Vattenfall). Centralt avtal rekommenderas.
556458-5437,Roland Johanssons Rörservice AB,Södra Sandby,SE4,A,9,Daniel Petrus Mattias Johansson,rorservice@telia.com,0706340676,,8,10767,Thermia,Värmepumpcenter,Thermia,,
556525-4462,Hässleholms & Tyringes VVS-Team AB,Hässleholm,SE4,A,9,Hans Patrik Johansson,percy@vvs-teamet.se,045146700,,15,35394,Thermia,Standard,Thermia,,
556117-8244,AB Sture Anderssons Rörinstallation,Ystad,SE4,A,9,Per-Olof Andersson,richard.bagger@sa-rorinst.se,041119980,,50,87279,Bosch,Bosch Climate Partner,Bosch,3,
556499-3532,4T Energy Consulting AB,Hollviken,SE4,A,6,Mattias Jens Thylander,lars@4tec.se,070-381 67 82,,2,8587,NIBE,installator,NIBE,,
,Åkerbo VVS AB,Lottorp,SE4,A,6,,info@akerbovvs.se,073-0752507,,,,NIBE,installator,NIBE,,
556745-5877,AM Villabutiken AB,Limhamn,SE4,A,6,Viktor Patrik Ljungberg,info@villabutiken.nu,040423042,,1,11608,NIBE,installator,NIBE,,
,"Anderssons Rörinstallationer AB, Sture",Ystad,SE4,A,6,,kontor@sa-rorinst.se,0733562299,,,,NIBE,installator,NIBE,,
556053-6194,Assemblin VS AB,Kristianstad,SE4,A,6,Andreas Aristiadis,jimmy.hildinggren@assemblin.se,0104753000,,1059,2464455,NIBE,installator,NIBE,,
556053-6194,Assemblin VS AB,Ronneby,SE4,A,6,Andreas Aristiadis,Henric.Thornsund@assemblin.se,0104753000,,1059,2464455,NIBE,installator,NIBE,,
556053-6194,Assemblin VS AB,Trelleborg,SE4,A,6,Andreas Aristiadis,johan.andersson@assemblin.se,0104753000,,1059,2464455,NIBE,installator,NIBE,,
,Backaryds VVS AB,Backaryd,SE4,A,6,,Gundelheinz5@gmail.com,,,,,NIBE,installator,NIBE,,
,BeNor Solar AB,Vaxjo,SE4,A,6,,marie@benor.se,,,,,NIBE,installator,NIBE,,
,Blekinge Rörtjänst AB,Ronneby,SE4,A,6,,johan@blekingerortjanst.se,0457 26220,,,,NIBE,installator,NIBE,,
,Blekinge Värmeservice AB,Asarum,SE4,A,6,,blekinge@varmeservice.org,,,,,NIBE,installator,NIBE,,
,Bo Gustavssons Ror Ab,Ljungbyhed,SE4,A,6,,,0435-761140,,,,NIBE,installator,NIBE,,
,Bunkeflo Ror Ab,Vellinge,SE4,A,6,,,0733-42 96 36,,,,NIBE,installator,NIBE,,
,Ekerums Ror Ab,Borgholm,SE4,A,6,,,070-7356902,,,,NIBE,installator,NIBE,,
556236-2631,ELAN EL & VVS AB,Vvs Ab  Ystad,SE4,A,6,André Pierre Robert Stridh,info@elanelvvs.se,041129880,,71,145109,NIBE,installator,NIBE,,
556236-2631,ELAN EL & VVS AB,Vvs Ab  Simrishamn,SE4,A,6,André Pierre Robert Stridh,info@elanelvvs.se,041129880,,71,145109,NIBE,installator,NIBE,,
,Eorb Ab,Ljungby,SE4,A,6,,,0372-25200,,,,NIBE,installator,NIBE,,
,Espinge El,Vvs Ab  Osby,SE4,A,6,,,047917853,,,,NIBE,installator,NIBE,,
,Hassleholms Rorservice Ab,Hassleholm,SE4,A,6,,,,,,,NIBE,installator,NIBE,,
,J Thompsons Vvs Ab,Tingsryd,SE4,A,6,,,070-61 192 48,,,,NIBE,installator,NIBE,,
,Jannes Vvs Ab,Hoor,SE4,A,6,,,0415-14540,,,,NIBE,installator,NIBE,,
,K G Johanssons Ror Ab,Nyhro,SE4,A,6,,,0481-45176,,,,NIBE,installator,NIBE,,
559244-5018,Karlshamns Vvs Ab,Karlshamn,SE4,A,6,Karl Magnus Olsson,,0454-81900,,2,4167,NIBE,installator,NIBE,,
,Lakerols Ror Ab,Kolboda,SE4,A,6,,,,,,,NIBE,installator,NIBE,,
,Linero Ror Ab,Lund,SE4,A,6,,,070 353 68 89,,,,NIBE,installator,NIBE,,
,M A Bergstrom Vvs Ab,Ljungby,SE4,A,6,,,0372-25200,,,,NIBE,installator,NIBE,,
,Magle Ror Ab,Kavlinge,SE4,A,6,,,,,,,NIBE,installator,NIBE,,
,Maglehems Ror Ab,Kristianstad,SE4,A,6,,,044-126320,,,,NIBE,installator,NIBE,,
,Mellstroms Ror Ab,Hoganas,SE4,A,6,,,042-338000,,,,NIBE,installator,NIBE,,
,Mns Ror,Energi Ab  Sodra Sandby,SE4,A,6,,,,,,,NIBE,installator,NIBE,,
,Ny Rorservice Ab,Ekeby,SE4,A,6,,,042-250410,,,,NIBE,installator,NIBE,,
559558-6552,Nybro Vvs Ab,Nybro,SE4,A,6,Kenny Burt Jerry Wallh,,0480-38880,,1-4,,NIBE,installator,NIBE,,
,O Lindqvists Ror Ab,Hassleholm,SE4,A,6,,,,,,,NIBE,installator,NIBE,,
,Osby Rorservice Ab,Osby,SE4,A,6,,,0479-17750,,,,NIBE,installator,NIBE,,
,Osterlens Rorinstallationer Ab,Simrishamn,SE4,A,6,,,0414-28790,,,,NIBE,installator,NIBE,,
,Per Johanssons Vvs,Eslov,SE4,A,6,,,0413 33112,,,,NIBE,installator,NIBE,,
,Polhems Ror Ab,Horby,SE4,A,6,,,070-5480611,,,,NIBE,installator,NIBE,,
,R H Vvs Ab,Malmo,SE4,A,6,,,,,,,NIBE,installator,NIBE,,
,Rokestads Ror,Kyla Ab  Eslov,SE4,A,6,,,,,,,NIBE,installator,NIBE,,
,Ronnebyortens El,Vvs Ab  Ronneby,SE4,A,6,,,,,,,NIBE,installator,NIBE,,
,Rorbolaget I Malmo Ab,Malmo,SE4,A,6,,,,,,,NIBE,installator,NIBE,,
,Sa Rorinstallation Ab,Hoganas,SE4,A,6,,,042-338000,,,,NIBE,installator,NIBE,,
,Simrishamns Ror Ab,Simrishamn,SE4,A,6,,,0414-28790,,,,NIBE,installator,NIBE,,
,Soback Rorinstallation Ab,Svalov,SE4,A,6,,,,,,,NIBE,installator,NIBE,,
,Söderåkra VVS AB,Soderakra,SE4,A,6,,soderakravvs@gmail.com,,,,,NIBE,installator,NIBE,,
559132-6078,Stensborg VVS AB,Fagelmara,SE4,A,6,Carl Ola Sandgren,,,,3,8045,NIBE,installator,NIBE,,
,Sturkö-Jämjö Rör och Värmeinstallationer AB,Jamjo,SE4,A,6,,info@sjror.se,,,,,NIBE,installator,NIBE,,
,Termoklimat Skåne AB,Svedala,SE4,A,6,,,040406600,,,,NIBE,installator,NIBE,,
556489-1231,Thimsfors VVS AB,Bastad,SE4,A,6,Per Ingemar Håkan Jonsson,info@thimsforsvvs.se,043316201,,51,104663,NIBE,installator,NIBE,,
556489-1231,Thimsfors VVS AB,Almhult,SE4,A,6,Per Ingemar Håkan Jonsson,info@thimsforsvvs.se,043316201,,51,104663,NIBE,installator,NIBE,,
,Tim Svenssons Rör AB,Alvesta,SE4,A,6,,tim@hsvenssonsror.se,,,,,NIBE,installator,NIBE,,
,Trelleborgs Rörservice AB,Trelleborg,SE4,A,6,,info@trelleborgsrorservice.se,,,,,NIBE,installator,NIBE,,
,Tuvessons VVS AB,Billinge,SE4,A,6,,info@tuvessonsvvs.se,,,,,NIBE,installator,NIBE,,
,Värmepumpsbolaget i Kristianstad AB,Kristianstad,SE4,A,6,,varmepumpsbolaget@bikab.net,,,,,NIBE,installator,NIBE,,
,Värmia Syd AB,Harslov,SE4,A,6,,Info@varmia.se,,,,,NIBE,installator,NIBE,,
,Varmitek Energisystem AB,Helsingborg,SE4,A,6,,info@varmitek.se,,,,,NIBE,installator,NIBE,,
,Vvs-Cirkeln i Lund AB,Staffanstorp,SE4,A,6,,info@vvscirkeln.se,,,,,NIBE,installator,NIBE,,
,VVS Svepet AB,Loddekopinge,SE4,A,6,,vvssvepet@gmail.com,,,,,NIBE,installator,NIBE,,
,VVS-Teknik Kristianstad AB,Kristianstad,SE4,A,6,,info@vvs-teknik-ksd.se,,,,,NIBE,installator,NIBE,,
,VVS-Tjänst i Gualöv AB,Gualov,SE4,A,6,,vvstjanst@telia.com,,,,,NIBE,installator,NIBE,,
,VVS-Tjänst i Sölvesborg AB,Solvesborg,SE4,A,6,,vvs-tjanst@telia.com,,,,,NIBE,installator,NIBE,,
,VVSar’n i Blekinge AB,Svangsta,SE4,A,6,,simon@vvsarniblekinge.com,,,,,NIBE,installator,NIBE,,
,Wickmans Rör,Vellinge,SE4,A,6,,info@wickmansror.se,,,,,NIBE,installator,NIBE,,
,WIDERBERGS RÖR,Garsnas,SE4,A,6,,johan@widerbergsror.se,,,,,NIBE,installator,NIBE,,
,Energitjänst VK AB,Limhamn (Malmö),SE4,A,6,,info@energitjanst.nu,040159696,,,,IVT,IVT Center,IVT,SE4 + IVT Center; No1 Service; säljer även Mitsubishi → hög öppenhet för OPTi,
,Skånska Energilösningar AB,Södra Sandby,SE4,A,6,,,046120024,,,,IVT,IVT Center,IVT,SE4 + IVT Center; Skåne-täckning,
,Åseda Värme & Sanitet AB,Åseda,SE4,A,,Jan Jan Gunnar Magnus Johansson,info@asedavarme.se,047410152,https://www.comfort.se/butiker/1083,21,,Comfort,Comfort-butik,Comfort,"värmepump (vatten), energioptimering",
,Infjärdens Värme AB Kristianstad,Kristianstad,SE4,A,,Anders Anders Per-Ole Ekdahl,kristianstad@ivab.com,0446200060,https://www.comfort.se/butiker/1159,24,,Comfort,Comfort-butik,Comfort,"värmepump (vatten), energioptimering",
,Rör-Karlsson Mönsterås,Mönsterås,SE4,A,,Jörgen Jörgen Martin Forslund,info@ror-karlsson.se,049943032,https://www.comfort.se/butiker/1111,20,,Comfort,Comfort-butik,Comfort,"värmepump (vatten), energioptimering",
,Erikssons VVS AB,Asarum,SE4,A,,Jan Jan Emil Andreas Andersson,filip@erikssonsvvs.se,045450770,https://www.comfort.se/butiker/1170,23,,Comfort,Comfort-butik,Comfort,"värmepump (vatten), energioptimering",
,Carl-Philips VVS AB,Landskrona,SE4,A,,Kenth Kenth Stefan Nilsson,carina.nilsson@carlphilipsvvs.se,0418446130,https://www.comfort.se/butiker/1186,27,,Comfort,Comfort-butik,Comfort,"värmepump (vatten), energioptimering",
,CN Gruppen AB,Malmö,SE4,A,,Bo Bo Johan Andersson,info@cn-gruppen.se,040380870,https://www.comfort.se/butiker/1185,27,,Comfort,Comfort-butik,Comfort,"värmepump (vatten), energioptimering",
,Newmans VVS AB,Osby,SE4,A,,Bengt-Ored Bengt-Ored Oredsson,elisabeth.ahlberg@newmansvvs.se,047913441,https://www.comfort.se/butiker/1127,19,,Comfort,Comfort-butik,Comfort,"värmepump (vatten), energioptimering",
,Comfort - butiken Vinbergs Rör,Falkenberg,SE4,A,,Karl Karl Gustav Hampus Giertz,susanne@vinbergsror.se,0346717155,https://www.comfort.se/butiker/1184,93,,Comfort,Comfort-butik,Comfort,"värmepump (vatten), energioptimering",
,Aderbys Rör AB,Kungsbacka,SE4,A,,Patrik Patrik Andreas Molander,service@aderbys.se,030033700,https://www.comfort.se/butiker/1194,62,,Comfort,Comfort-butik,Comfort,"värmepump (vatten), energioptimering",
,Rör-Karlsson Oskarshamn,Oskarshamn,SE4,A,,Anna Anna Josefina Axelsson,info@ror-karlsson.se,049118991,https://www.comfort.se/butiker/1110,6,,Comfort,Comfort-butik,Comfort,"värmepump (vatten), energioptimering",
,Infjärdens Värme AB Hässleholm,Hässleholm,SE4,A,,Hans Hans Magnus Hagberg,hassleholm@ivab.com,0451381360,https://www.comfort.se/butiker/1160,7,,Comfort,Comfort-butik,Comfort,"värmepump (vatten), energioptimering",
,Comfort i Limhamn,Limhamn,SE4,A,,Jan Jan Bertil Tobias Jakobsson,info@bad-energi.se,040162424,https://www.comfort.se/butiker/1181,9,,Comfort,Comfort-butik,Comfort,"värmepump (vatten), energioptimering",
,Comfort VVS & EL Öland Löttorp,Löttorp,SE4,A,,Simon Simon Arne Gustav Andersson,jenny@comfortoland.se,048536383,https://www.comfort.se/butiker/1198,6,,Comfort,Comfort-butik,Comfort,"värmepump (vatten), solceller, energioptimering",
,Comfort VVS & EL Öland Färjestaden,Färjestaden,SE4,A,,Ida Ida Margarita Hellström,peter@comfortoland.se,048536383,https://www.comfort.se/butiker/1199,10,,Comfort,Comfort-butik,Comfort,"värmepump (vatten), solceller, energioptimering",
,Newmans VVS AB Helsingborg,Helsingborg,SE4,A,,Per Per Erik Martin Persson,elisabeth.ahlberg@newmansvvs.se,047913441,https://www.comfort.se/butiker/1071,15,,Comfort,Comfort-butik,Comfort,"värmepump (vatten), energioptimering",
,Newmans VVS i Värnamo - Ljungby,Ljungby,SE4,A,,Håkan Håkan Steimer Larsson,elisabeth.ahlberg@newmansvvs.se,0730789950,https://www.comfort.se/butiker/1126,135,,Comfort,Comfort-butik,Comfort,"värmepump (vatten), energioptimering",
,Ternstedt Invent AB - Västervik,Västervik,SE4,A,,Paul Paul Rolf David Robertsson,Henrik.johansson@ternstedtinvent.se,049069700,https://www.comfort.se/butiker/1094,7,,Comfort,Comfort-butik,Comfort,"värmepump (vatten), solceller, energioptimering",
,Comfort i Halmstad,Halmstad,SE4,A,,Per Per Mikael Sjölin,info@halmstad.comfort.se,035106288,https://www.comfort.se/butiker/1182,6,,Comfort,Comfort-butik,Comfort,"värmepump (vatten), energioptimering",
,Rör-Karlsson Kalmar,Kalmar,SE4,A,,Adam Adam Persson,info@ror-karlsson.se,0480989350,https://www.comfort.se/butiker/1048,4,,Comfort,Comfort-butik,Comfort,"värmepump (vatten), energioptimering",
,NG Nilsson Rör AB,Sjöbo,SE4,A,,Hans Hans Stefan Seaton Jacobsson,info@ngnilsson.se,041619615,https://www.comfort.se/butiker/1125,2,,Comfort,Comfort-butik,Comfort,"värmepump (vatten), energioptimering",
,Comfort Visby,Visby,SE4,A,,Birgitta Birgitta Anna Emelie Amér,kontakt@comfortvisby.se,0498201770,https://www.comfort.se/butiker/1179,1,,Comfort,Comfort-butik,Comfort,"värmepump (vatten), energioptimering",
,Comfort VVS & EL Öland Mörbylånga,Mörbylånga,SE4,A,,,emil@comfortoland.se,048536383,https://www.comfort.se/butiker/1128,0,,Comfort,Comfort-butik,Comfort,"värmepump (vatten), solceller, energioptimering",
,Falkenbergs Rör AB,Falkenberg,SE4,A,,Johan Johan Martin Dahl,order@falkenbergsror.se,0346714750,https://www.comfort.se/butiker/1167,47,,Comfort,Comfort-butik,Comfort,energioptimering,
,VOTAB VVS & Värmeinstallation,Varberg,SE4,A,,Erik Erik Linus Gustafsson,info@votab.se,0340646800,https://www.bad-varme.se/ort/varberg-votab/,20,,Bad & Värme,Bad & Värme,Bad & Värme,VVS/värme,
,Enwell AB (Mälardalen),Nacka,SE3,A,10,Michael Gozzi,malardalen@enwell.se,020510200,,,,"IVT, NIBE",IVT Center,Enwell,Stor region (3 kontor) — nära Effiras hemmamarknad,Enwell-kedja (Vattenfall). Centralt avtal rekommenderas.
,Enwell AB (Stockholm),Stockholm / Täby,SE3,A,10,Michael Gozzi,stockholm@enwell.se,020778855,,,,"IVT, NIBE",IVT Center,Enwell,Nationellt HQ-läge — strategisk ingång via VD/VP,Enwell-kedja (Vattenfall). Centralt avtal rekommenderas.
,Enwell AB (Östergötland),Söderköping,SE3,A,10,Michael Gozzi,ostergotland@enwell.se,0104986400,,,,"IVT, NIBE",IVT Center,Enwell,4 kontor inkl Linköping + Norrköping,Enwell-kedja (Vattenfall). Centralt avtal rekommenderas.
,Enwell AB (Göteborg),Kungälv / Mölnlycke,SE3,A,10,Michael Gozzi,kungalv@enwell.se,0313384140,,,,"IVT, NIBE",IVT Center,Enwell,Goteborgsbältet — hög husvolym och villamarknad,Enwell-kedja (Vattenfall). Centralt avtal rekommenderas.
,Enwell AB (Småland),Nässjö,SE3,A,10,Michael Gozzi,smaland@enwell.se,0380373770,,,,"IVT, NIBE",IVT Center,Enwell,3 kontor täcker tät villamarknad i Jönköpings-Kronobergs-bältet,Enwell-kedja (Vattenfall). Centralt avtal rekommenderas.
,Enwell AB (Västmanland),Västerås,SE3,A,10,Michael Gozzi,vastmanland@enwell.se,0224677000,,,,"IVT, NIBE",IVT Center,Enwell,3 kontor inkl Västerås — stark elprisexponering SE3,Enwell-kedja (Vattenfall). Centralt avtal rekommenderas.
559350-9176,Klimio AB,Stockholm,SE3,A,9,Johan Lind,kontakt@klimio.com,021149400,klimio.com,10,34756,Bosch,Bosch Climate Partner,Bosch,2,
556451-4502,Carlaplans Rör AB,Tvååker,SE3,A,9,ej hittat,carlaplansror.micke@gmail.com,034040233,,12,23824,Bosch,Bosch Climate Partner,Bosch,4,
,Enwell AB (Uppland),Uppsala,SE3,A,9,Michael Gozzi,uppland@enwell.se,020103232,,,,"IVT, NIBE",IVT Center,Enwell,Uppsala + Gävle — universitetsstad med hög villaandel,Enwell-kedja (Vattenfall). Centralt avtal rekommenderas.
,Enwell AB (Närke),Örebro,SE3,A,9,Michael Gozzi,narke@enwell.se,0101221200,,,,"IVT, NIBE",IVT Center,Enwell,Örebro + Katrineholm — bra marknad centrala Sverige,Enwell-kedja (Vattenfall). Centralt avtal rekommenderas.
,Enwell AB (Värmland),Karlstad,SE3,A,9,Michael Gozzi,varmland@enwell.se,0101221200,,,,"IVT, NIBE",IVT Center,Enwell,Karlstad-regionen — delvis SE2 närhetszon men SE3 prissatt,Enwell-kedja (Vattenfall). Centralt avtal rekommenderas.
,Infjärdens Värme AB Tierp,Tierp,SE3,A,,Per Per Magnus Dahlström,tierp@ivab.com,0104144060,https://www.comfort.se/butiker/1153,24,,Comfort,Comfort-butik,Comfort,"värmepump (vatten), solceller, energioptimering",
,Söderlunds Rör AB Tierp,Tierp,SE3,A,,Per Per Magnus Dahlström,order@sratierp.se,0104550340,https://www.comfort.se/butiker/1098,24,,Comfort,Comfort-butik,Comfort,"värmepump (vatten), solceller, energioptimering",
,Knut Svenssons Rör AB,Huskvarna,SE3,A,,Bjarne Bjarne Gunnar Svensson,info@svenssonsror.com,036130851,https://www.comfort.se/butiker/1142,27,,Comfort,Comfort-butik,Comfort,"värmepump (vatten), solceller, energioptimering",
,Sälles Rör AB,Götene,SE3,A,,Carl Carl Magnus Liljestam,info@sallesror.se,051150800,https://www.comfort.se/butiker/1099,56,,Comfort,Comfort-butik,Comfort,"värmepump (vatten), solceller, energioptimering",
,Comfort Kinna AB,Kinna,SE3,A,,Rolf Rolf Tom Ola Månsson,robin.johnsson@comfortkinna.se,032018000,https://www.comfort.se/butiker/1188,47,,Comfort,Comfort-butik,Comfort,"värmepump (vatten), solceller, energioptimering",
,K-B Rör AB,Alafors,SE3,A,,Daniel Daniel Tobias Karlsson,butik@kbror.se,0303742020,https://www.comfort.se/butiker/1150,30,,Comfort,Comfort-butik,Comfort,"värmepump (vatten), energioptimering",
,Alingsås Rör AB,Alingsås,SE3,A,,Emma Emma Johanna Caroline Nyström,order.alingsas@mellbyror.se,0322611980,https://www.comfort.se/butiker/1193,21,,Comfort,Comfort-butik,Comfort,"värmepump (vatten), energioptimering",
,Djupedals Rör Alingsås,Alingsås,SE3,A,,Emma Emma Johanna Caroline Nyström,info@djupedalsror.se,032210106,https://www.comfort.se/butiker/1173,21,,Bad & Värme,Comfort-butik,"Bad & Värme, Comfort","värmepump (vatten), energioptimering",
556414-8715,Hovby Rör AB,Lidköping,SE3,A,,Elsa Elsa Marianne Kristoffersson,order@hovbygruppen.se,051086500,https://www.comfort.se/butiker/1165,28,54808,Bosch,Comfort-butik,"Bosch, Comfort","värmepump (vatten), energioptimering",
,Stora Mellby Rör AB,Sollebrunn,SE3,A,,Anna Anna Helena Dahllöf Karlsson,order@mellbyror.se,032241880,https://www.comfort.se/butiker/1105,25,,Comfort,Comfort-butik,Comfort,"värmepump (vatten), energioptimering",
,Kjellners Rör AB Vara,Vara,SE3,A,,Karl Karl Emil David Kjellner,weborder@kjellnersror.se,051210198,https://www.comfort.se/butiker/1143,39,,Comfort,Comfort-butik,Comfort,"värmepump (vatten), energioptimering",
,Mählqvist Rör AB Vingåker,Vingåker,SE3,A,,Emil Emil Erik Gustav Appelqvist,weborder@mahlqvist.se,0151518150,https://www.comfort.se/butiker/1130,28,,Comfort,Comfort-butik,Comfort,"värmepump (vatten), energioptimering",
,Mählqvist Rör AB Flen,Flen,SE3,A,,Guy Guy Johan Anders Rickard Brännman,weborder@mahlqvist.se,015724460,https://www.comfort.se/butiker/1132,50,,Comfort,Comfort-butik,Comfort,"värmepump (vatten), energioptimering",
,Vetlanda Rör,Vetlanda,SE3,A,,Magnus Magnus Lennart Gustav Teodorsson,johan@vetlandaror.se,038315849,https://www.comfort.se/butiker/1082,45,,Comfort,Comfort-butik,Comfort,"värmepump (vatten), energioptimering",
,Infjärdens Värme AB Köping,Köping,SE3,A,,Bengt Bengt Fredrik Wahlqvist,koping@ivab.com,0104144090,https://www.comfort.se/butiker/1158,18,,Comfort,Comfort-butik,Comfort,"värmepump (vatten), energioptimering",
,Limmareds Rör AB,Limmared,SE3,A,,Patrik Patrik Gunnar Carlsson,anna-karin@limmaredsror.se,032571600,https://www.comfort.se/butiker/1137,17,,Comfort,Comfort-butik,Comfort,"värmepump (vatten), energioptimering",
,Mälardalens Energi & VVS AB,Eskilstuna,SE3,A,,Carl Carl Johan Hedbäck,Carl.hedback@malardalensvvs.se,0165512220,https://www.comfort.se/butiker/1129,10,,Comfort,Comfort-butik,Comfort,"värmepump (vatten), energioptimering",
,Br Perssons Rör AB,Gullspång,SE3,A,,Erik Erik Peter Hoffman,info@brperssons.se,055121010,https://www.comfort.se/butiker/1189,11,,Comfort,Comfort-butik,Comfort,"värmepump (vatten), energioptimering",
,Clavis AB,Jönköping,SE3,A,,Ulf Ulf Klas Mikael Vallin,hej@clavisvvs.se,03640200,https://www.comfort.se/butiker/1449,12,,Comfort,Comfort-butik,Comfort,"värmepump (vatten), energioptimering",
,Oppunda VVS-Service AB,Katrineholm,SE3,A,,Viktoria Viktoria Linnéa Margaretha Hansson,info@oppundavvs.se,015055530,https://www.comfort.se/butiker/1120,51,,Comfort,Comfort-butik,Comfort,"värmepump (vatten), energioptimering",
,Landsbro Rör,Landsbro,SE3,A,,Carl Carl Andreas Lundgren,susanna@rorservice.com,038360818,https://www.comfort.se/butiker/1140,10,,Comfort,Comfort-butik,Comfort,"värmepump (vatten), energioptimering",
,Lindesbergs VVS/EL AB,Lindesberg,SE3,A,,Arna Arna Thöll Arnardottir Lindberg,lina@lindesbergsvvs.se,058183640,https://www.comfort.se/butiker/1136,15,,Comfort,Comfort-butik,Comfort,"värmepump (vatten), solceller, energioptimering",
,Sköldsbergs VVS AB,Stenkullen,SE3,A,,Simon Simon David Knoks,ehandel@skoldsbergs.se,030222174,https://www.comfort.se/butiker/1106,10,,Comfort,Comfort-butik,Comfort,"värmepump (vatten), energioptimering",
,Lurs Rör,Tanumshede,SE3,A,,Björn Björn Patrik Berntsson,robert.collin@comfort-stromstad.com,052529160,https://www.comfort.se/butiker/1135,10,,Comfort,Comfort-butik,Comfort,"värmepump (vatten), energioptimering",
,Comfort Söderlunds Rör AB Uppsala,Uppsala,SE3,A,,Carl Carl Magnus Christian Bonthron,order@sratierp.se,0104550340,https://www.comfort.se/butiker/1180,13,,Comfort,Comfort-butik,Comfort,"värmepump (vatten), solceller, energioptimering",
,Ternstedt Invent AB - Linköping,Linköping,SE3,A,,Klas Klas Henrik Gyllenhammar,service@ternstedtinvent.se,01368400,https://www.comfort.se/butiker/1096,130,,Comfort,Comfort-butik,Comfort,"värmepump (vatten), solceller, energioptimering",
,Ternstedt Invent AB - Norrköping,Norrköping,SE3,A,,Klas Klas Henrik Gyllenhammar,ewa@ternstedtinvent.se,0106822500,https://www.comfort.se/butiker/1459,130,,Comfort,Comfort-butik,Comfort,"värmepump (vatten), solceller, energioptimering",
,Kjellners Rör AB Floby,Floby,SE3,A,,Roy Roy Magnus Prim,weborder@kjellnersror.se,051540710,https://www.comfort.se/butiker/1147,386,,Comfort,Comfort-butik,Comfort,"värmepump (vatten), energioptimering",
,Projektrör Väst AB,Göteborg,SE3,A,,Lars Lars Erik Edström,info@projektror.se,031143939,https://www.comfort.se/butiker/1117,155,,Comfort,Comfort-butik,Comfort,"värmepump (vatten), energioptimering",
,Kjellners Rör AB Herrljunga,Herrljunga,SE3,A,,Joakim Joakim Sven-Inge Backlund,weborder@kjellnersror.se,051321065,https://www.comfort.se/butiker/1146,292,,Comfort,Comfort-butik,Comfort,"värmepump (vatten), energioptimering",
,Ronnys VVS och Energiservice AB,Jönköping,SE3,A,,Karl Karl Ronny Alexander Löfgren,info@ronnysvvs.se,036313240,https://www.comfort.se/butiker/1115,12,,Comfort,Comfort-butik,Comfort,"värmepump (vatten), energioptimering",
,Ternstedt Invent AB - Kisa,Kisa,SE3,A,,Kent Kent Erik Berg,service-kinda@ternstedtinvent.se,0494699100,https://www.comfort.se/butiker/1097,6,,Comfort,Comfort-butik,Comfort,"värmepump (vatten), solceller, energioptimering",
,Kjellners Rör AB Kvänum,Kvänum,SE3,A,,Johan Johan Niklas Efraimsson,weborder@kjellnersror.se,051292675,https://www.comfort.se/butiker/1145,132,,Comfort,Comfort-butik,Comfort,"värmepump (vatten), energioptimering",
,Lundstedts Rör,Motala,SE3,A,,Krister Krister Arne Fogelin,info@lundstedtsror.se,014154560,https://www.comfort.se/butiker/1046,11,,Comfort,Comfort-butik,Comfort,"värmepump (vatten), energioptimering",
,Oxelösunds Rör AB,Oxelösund,SE3,A,,Kurt Kurt Mikael Nilsson,info@ox-ror.se,015530425,https://www.comfort.se/butiker/1119,7,,Comfort,Comfort-butik,Comfort,"värmepump (vatten), energioptimering",
,Rörab Infra AB,Sollentuna,SE3,A,,Ulf Ulf Eric Örnberg,eric@rorab.se,0859034130,https://www.comfort.se/butiker/1113,15,,Comfort,Comfort-butik,Comfort,"värmepump (vatten), energioptimering",
,Infjärdens Värme AB Uppsala,Uppsala,SE3,A,,Carl Carl Magnus Christian Bonthron,uppsala@ivab.com,0104144080,https://www.comfort.se/butiker/1152,13,,Comfort,Comfort-butik,Comfort,"värmepump (vatten), energioptimering",
,Närkes Energiteknik AB,Örebro,SE3,A,,Carl Carl Marcus Bergfalk,info@narkesenergiteknik.se,0196117885,https://www.comfort.se/butiker/1123,8,,Comfort,Comfort-butik,Comfort,"värmepump (vatten), energioptimering",
,Värme & Sanitet A Palmér AB,Vimmerby,SE3,A,,Peder Peder Mattias Eek,mattias@comfortvby.se,049215090,https://www.comfort.se/butiker/1085,10,,Comfort,Comfort-butik,Comfort,"värmepump (vatten), energioptimering",
,Ternstedt Invent AB - Åtvidaberg,Åtvidaberg,SE3,A,,Ann-Sofie Ann-Sofie Cecilia Stål,Henrik.johansson@ternstedtinvent.se,012029590,https://www.comfort.se/butiker/1093,4,,Comfort,Comfort-butik,Comfort,"värmepump (vatten), solceller, energioptimering",
,Söderlunds Rör AB Öregrund,Öregrund,SE3,A,,Daniel Daniel Åke Sjulander,order@sra.nu,0104550340,https://www.comfort.se/butiker/1208,3,,Comfort,Comfort-butik,Comfort,"värmepump (vatten), solceller, energioptimering",
,Ternstedt Invent AB - Rimforsa,Rimforsa,SE3,A,,Sten Sten Gustaf Håkan Ekerå,service-kinda@ternstedtinvent.se,0494699100,https://www.comfort.se/butiker/1095,1,,Comfort,Comfort-butik,Comfort,"värmepump (vatten), solceller, energioptimering",
,Högbergs Rör i Borås AB,Borås,SE3,A,,Ömer Ömer Muameleci,butiken@hogbergs.se,0334303040,https://www.comfort.se/butiker/1163,3,,Comfort,Comfort-butik,Comfort,"värmepump (vatten), energioptimering",
,Mählqvist Rör AB Katrineholm,Katrineholm,SE3,A,,Lars Lars Victor Håkansson,weborder@mahlqvist.se,0150669550,https://www.comfort.se/butiker/1131,2,,Comfort,Comfort-butik,Comfort,"värmepump (vatten), energioptimering",
,Infjärdens Värme AB Sala,Sala,SE3,A,,Linda Linda Sofie Bohlin,sala@ivab.com,0104144150,https://www.comfort.se/butiker/1155,2,,Comfort,Comfort-butik,Comfort,"värmepump (vatten), energioptimering",
,Strömstads Värme & Sanitet AB,Strömstad,SE3,A,,Ingrid Ingrid Maria-Lisa Gustafsson,robert.collin@comfort-stromstad.com,052613075,https://www.comfort.se/butiker/1103,3,,Mitsubishi,Comfort-butik,"Comfort, Mitsubishi","värmepump (vatten), energioptimering",
,Simonssons Rör Branäs,Sysslebäck,SE3,A,,Pär Pär John Morgan Jönsson,info@simonssonsror.se,028031231,https://www.comfort.se/butiker/1445,1,,Comfort,Comfort-butik,Comfort,"värmepump (vatten), energioptimering",
,Tranås Rörservice AB,Tranås,SE3,A,,Thomas Thomas Emil Gillis Wennerlund,susanna@rorservice.com,014065055,https://www.comfort.se/butiker/1089,2,,Comfort,Comfort-butik,Comfort,"värmepump (vatten), energioptimering",
,Stora Mellby Rör i Trollhättan AB,Trollhättan,SE3,A,,Lena Lena Marie Lindell Ljusell,order.trollhattan@mellbyror.se,052082384,https://www.comfort.se/butiker/1104,3,,Comfort,Comfort-butik,Comfort,"värmepump (vatten), energioptimering",
,Projektrör Väst AB  Uddevalla,Uddevalla,SE3,A,,Alastair Alastair John Ross,info@projektror.se,052229199,https://www.comfort.se/butiker/1205,1,,Comfort,Comfort-butik,Comfort,"värmepump (vatten), energioptimering",
,BP VVS och EL AB,Vendelsö,SE3,A,,Sara Sara Margareta Bylund,info@bpvvs.se,087761256,https://www.comfort.se/butiker/1112,1,,Comfort,Comfort-butik,Comfort,"värmepump (vatten), energioptimering",
,Nya Söberg & Söderström Rör AB,Gnesta,SE3,A,,,order@rorhuset.se,015813660,https://www.comfort.se/butiker/1124,0,,Comfort,Comfort-butik,Comfort,"värmepump (vatten), energioptimering",
,M J  Fjärrvärme & VVS AB,Linköping,SE3,A,,Carl Carl Ludvig Mikael Elebring,info@mjvvs.se,013299542,https://www.comfort.se/butiker/1134,40,,Comfort,Comfort-butik,Comfort,energioptimering,
,Elterm,Alingsås,SE3,A,,Peter Peter Joakim Andrén,info@elterm.se,032212324,https://www.bad-varme.se/ort/alingsas/,11,,Bad & Värme,Bad & Värme,Bad & Värme,"aukt. VP-märke, solceller, elbilsladdning",
,Hammarstedts VVS,Nybro,SE3,A,,Enar Enar Bertil Edvardsson,erik@hammarstedtsvvs.se,0481766000,https://www.bad-varme.se/ort/nybro/,14,,Bad & Värme,Bad & Värme,Bad & Värme,aukt. VP-märke,
,Bad & Värme Filipstad,Filipstad,SE3,A,,Birger Birger Hans Christian Liljestrand,filipstad@bad-varme.se,059013014,https://www.bad-varme.se/ort/filipstad/,34,,Bad & Värme,Bad & Värme,Bad & Värme,VVS/värme,
,Bad & Energicenter AB,Hudiksvall,SE2,A,,Hans Hans Jakob Landström,info@badenergi.se,065076920,https://www.comfort.se/butiker/1191,22,,Comfort,Comfort-butik,Comfort,"värmepump (vatten), energioptimering",
,Infjärdens Värme AB Holmsund,Holmsund,SE2,A,,Per Per Magnus Johansson,umea@ivab.com,0104144130,https://www.comfort.se/butiker/1161,15,,Comfort,Comfort-butik,Comfort,"värmepump (vatten), energioptimering",
,Curt Petterssons Värme AB,Arnäsvall,SE2,A,,Sven Sven Tommy Nilsson,info@petterssonsvarme.se,066082270,https://www.comfort.se/butiker/1175,14,,Comfort,Comfort-butik,Comfort,"värmepump (vatten), energioptimering",
,Simonssons Rör AB,Lima,SE2,A,,Erik Erik Sture Simonsson,erik@simonssonsror.se,028031231,https://www.comfort.se/butiker/1107,15,,Comfort,Comfort-butik,Comfort,"värmepump (vatten), energioptimering",
,"Olja & Sanitet, AB",Sollefteå,SE2,A,,Leif Leif Gustav Medin,leif@oljasanitet.nu,062014715,https://www.comfort.se/butiker/1122,15,,Comfort,Comfort-butik,Comfort,"värmepump (vatten), energioptimering",
,Wiiks Rör AB,Storvik,SE2,A,,Elisabeth Elisabeth Johanna Wik,info@wiiksror.se,029031700,https://www.comfort.se/butiker/1087,14,,Comfort,Comfort-butik,Comfort,"värmepump (vatten), energioptimering",
,Tärnaby Rör,Tärnaby,SE2,A,,Magnus Magnus Karl Fredrik Larsson,joakim@tarnabyror.com,0738182920,https://www.comfort.se/butiker/1472,9,,Comfort,Comfort-butik,Comfort,"värmepump (vatten), solceller, energioptimering",
,Lars Anders VVS AB,Vindeln,SE2,A,,Lars Lars Joakim Rudolfsson,info@larsandersvvs.se,0902025000,https://www.comfort.se/butiker/1465,10,,Comfort,Comfort-butik,Comfort,"värmepump (vatten), solceller, energioptimering",
,Thomas Rör,Ljusdal,SE2,A,,Dario Dario Aganovic,kontor@thomasror.se,065110368,https://www.comfort.se/butiker/1091,129,,Comfort,Comfort-butik,Comfort,"värmepump (vatten), solceller, energioptimering",
,Vattenhuset AB,Borlänge,SE2,A,,Ellen Ellen Hillevi Liselotte Michelotti,ehandel@vattenhuset.se,0243226060,https://www.comfort.se/butiker/1088,15,,Comfort,Comfort-butik,Comfort,"värmepump (vatten), energioptimering",
,"Erikssons VVS-Shop, AB",Härnösand,SE2,A,,Nils Nils Adrian Lindvall,comfort@harnosand.comfort.se,061120720,https://www.comfort.se/butiker/1169,14,,Comfort,Comfort-butik,Comfort,"värmepump (vatten), energioptimering",
,Lars Sundström AB,Linghed,SE2,A,,Erik Erik Stefan Heed,info@larssundstromab.se,024622400,https://www.comfort.se/butiker/1138,11,,Comfort,Comfort-butik,Comfort,"värmepump (vatten), energioptimering",
,Rör-Teknik AB,Östersund,SE2,A,,Nils Nils Sören Mårtensson,butik@rorteknik.nu,063199190,https://www.comfort.se/butiker/1109,13,,Comfort,Comfort-butik,Comfort,"värmepump (vatten), energioptimering",
,Gustafssons Rör i Sundsvall,Sundsvall,SE2,A,,Lars Lars Peter Gustafsson,liselott@gustafssonsror.se,0606066580,https://www.comfort.se/butiker/1052,15,,Comfort,Comfort-butik,Comfort,"värmepump (vatten), energioptimering",
,Hälsinge Rör AB,Bollnäs,SE2,A,,Knut Knut Anders Eriksson,e-handel@halsingeror.se,0278636000,https://www.comfort.se/butiker/1164,8,,Comfort,Comfort-butik,Comfort,"värmepump (vatten), energioptimering",
,Kramfors Värme & Sanitet AB,Kramfors,SE2,A,,Hans Hans Arvid Bjurström,kramfors.varme@telia.com,061213270,https://www.comfort.se/butiker/1141,5,,Comfort,Comfort-butik,Comfort,"värmepump (vatten), energioptimering",
,Jäders Värme & Sanitet Malå,Malå,SE2,A,,Lars Lars Johan Martin Norlund,info@jadersvarme.se,0953809910,https://www.comfort.se/butiker/1454,1,,Comfort,Comfort-butik,Comfort,"värmepump (vatten), energioptimering",
,Comfort Åre AB,Skellefteå,SE2,A,,Per Per Åke Mattias Broman,hej@comfortare.se,064776000,https://www.comfort.se/butiker/1462,1,,Comfort,Comfort-butik,Comfort,"värmepump (vatten), solceller, energioptimering",
,Jäders Värme & Sanitet Haparanda,Haparanda,SE1,A,,Stefan Stefan Patrik Palmelind,info@jadersvarme.se,092210808,https://www.comfort.se/butiker/1455,71,,Comfort,Comfort-butik,Comfort,"värmepump (vatten), energioptimering",
,Infjärdens Värme AB Roknäs,Piteå,SE1,A,,Anna Anna Mari Nilsson,roknas@ivab.com,0104144040,https://www.comfort.se/butiker/1156,270,,Comfort,Comfort-butik,Comfort,"värmepump (vatten), energioptimering",
556674-2408,AB Redmos Rör,Karlskrona,SE4,B,8,Kenth Roland Redmo,info@redmos.se,045516800,http://www.redmos.se/,3,8345,Thermia,Standard,Thermia,,
556741-5905,Degeberga Rör AB,Degeberga,SE4,B,8,Benkt Niklas Lööv,degebergaror@gmail.com,0708352386,,1,5806,Thermia,Standard,Thermia,,
556941-3130,VVS-Installationer Rydsgård AB,Rydsgård,SE4,B,8,Wictor Eric Bergkvist,vvsinstallationer@icloud.com,041144330,,4,6782,Thermia,Standard,Thermia,,
556669-5408,Värmepumpcenter Rotek AB,Vellinge,SE4,B,8,Hans Gunnar Tjernberg,rotek@rotek.se,040424130,http://www.rotek.se,2,18712,Thermia,Standard,Thermia,,
556995-4182,Constructor Bohman AB,Kävlinge,SE4,B,8,Bengt-Göran Bohman,bengt@constructorab.se,046712070,constructorab.se,3,3568,Bosch,Bosch Climate Partner,Bosch,9,
559202-2957,JJ VVS i Sölvesborg AB,Sölvesborg,SE4,B,7,Carl Johan Greger Jönsson,johan@jjvvs.se,+46735463797,,1,4040,Thermia,Standard,Thermia,,
556833-6118,Johannishus Värmeinstallation AB,Listerby,SE4,B,7,Andreas Kjell Morgan Olsson,sok.olsson@telia.com,045730560,,1,3522,Thermia,Standard,Thermia,,
559228-6537,Peterssons VVS AB,Johannishus,SE4,B,7,Mikael Lars Lennart Petersson,peterssonvvs@gmail.com,0730812667,,1,3211,Thermia,Standard,Thermia,,
,SA VVS Service i Knislinge AB,Hanaskog,SE4,B,6,,info@savvs.se,04461411,,,,Thermia,Värmepumpcenter,Thermia,,
ej hittat,Stig Hilmersson El-Service AB,Kristianstad,SE4,B,6,ej hittat,info@hilmersson-el.se,0447818080,,,,Bosch,Bosch Climate Partner,Bosch,10,
ej hittat,Kirk VVS & Konsult AB,Lund,SE4,B,6,ej hittat,knud@kirk.se,0702697736,,,,Bosch,Bosch Climate Partner,Bosch,11,
ej hittat,El & Kyl i Hbg AB,Helsingborg,SE4,B,6,ej hittat,elochkyl@gmail.com,0768554440,,,,Bosch,Bosch Climate Partner,Bosch,12,
ej hittat,Sandbäckens Rör i Halmstad AB,Ängelholm,SE4,B,6,ej hittat,order.vp@sandbackens.se,0431473030,sandbackens.se,,,Bosch,Bosch Climate Partner,Bosch,13,
,Termoklimat I Skane Ab,Ystad,SE4,B,5,,,,,,,NIBE,service,NIBE,,
,Thimsfors Vvs Ab,Markaryd,SE4,B,5,,,,,,,NIBE,service,NIBE,,
,Zero Energi Ab,Lund,SE4,B,5,,,,,,,NIBE,service,NIBE,,
,Centralservice i Osby AB,Osby,SE4,B,5,,info@ocsab.se,047913048,,,,Daikin,Auktoriserad Daikin,Daikin,,SE4; Osby; luft/vatten + berg = OPTi-relevant
,Klimatkyl i Malmö AB,Malmö,SE4,B,5,,info@klimatkyl.se,040394800,,,,Daikin,Auktoriserad Daikin,Daikin,,SE4; Malmö; primärt luft/luft men stor räckvidd
,El och Kyl i Helsingborg AB,Helsingborg,SE4,B,5,,,0768554440,,,,Daikin,Auktoriserad Daikin,Daikin,,SE4; Helsingborg; epost saknas
,Kylkraft Skåne AB,Helsingborg,SE4,B,5,,info@kylkraft.se,0760661221,,,,Daikin,Auktoriserad Daikin,Daikin,,SE4; Helsingborg; luft/vatten + berg = OPTi-relevant
,Siverssons VVS & Värme AB,Åhus,SE4,B,5,,info@siverssonsvvs.se,+464455015,,,,Mitsubishi,Auktoriserad ME,Mitsubishi,,SE4 + luft/vatten + berg = starkt OPTi-case
,JS Energi / JS Energi Service AB,Helsingborg,SE4,B,5,,service@jsenergi.com,+46424001001,,,,Mitsubishi,Auktoriserad ME,Mitsubishi,,SE4; 20+ tekniker; luft/vatten + berg; hög kapacitet
,Lindsells AB,Löddeköpinge,SE4,B,5,,info@lindsells.se,+4646713005,,,,Mitsubishi,Auktoriserad ME (kat 1),Mitsubishi,,SE4; kat 1 = högsta behörighet; 50+ år erfarenhet
,EkoEnergi AB,Lomma,SE4,B,5,,info@ekoenergi.se,+4640534630,,,,Mitsubishi,Auktoriserad ME,Mitsubishi,,SE4; Skåne; luft/vatten + berg
,A4U I Skåne AB,Teckomatorp,SE4,B,5,,info@a4uab.se,+46728582939,,,,Mitsubishi,Auktoriserad ME,Mitsubishi,,SE4; 400+ installationer; lokalt fokus
,Energitjänst VK AB,Limhamn,SE4,B,5,,info@energitjanst.nu,040159696,,,,Mitsubishi,Auktoriserad ME,Mitsubishi,,SE4; Skåne; säljer IVT + ME + Bosch - multi-brand partner
,VVS Butiken Lindsdals Rör,Kalmar,SE4,B,,Kennerth Kennerth Joakim Karlström,kalmar@bad-varme.se,048069600,https://www.bad-varme.se/ort/kalmar/,6,,Bad & Värme,Bad & Värme,Bad & Värme,VVS/värme,
,Förlösa Rör,Kalmar,SE4,B,,Simon Simon Jakob Hansson,forlosaror@gmail.com,0708–791988,https://www.bad-varme.se/ort/kalmar-forlosa/,6,,Bad & Värme,Bad & Värme,Bad & Värme,VVS/värme,
,Sahlins Rör,Osby,SE4,B,,Per Per Olof Sahlin,osby@bad-varme.se,047914604,https://www.bad-varme.se/ort/osby/,10,,Bad & Värme,Bad & Värme,Bad & Värme,VVS/värme,
556292-0719,Tälje VVS AB,Södertälje,SE3,B,8,Mikael Sigren,info@taljevvs.se,0855010464,,8,20732,Bosch,Bosch Climate Partner,Bosch,5,
5503351,Bogi Värme AB,Sollentuna,SE3,B,8,ej hittat,info@bogivarme.se,08810490,bogivarme.se,5,7814,Bosch,Bosch Climate Partner,Bosch,6,
556943-7493,24 Rör AB,Täby,SE3,B,8,Enrique Mussa Valdes,info@24ror.se,08242420,24jour.se,9,15263,Bosch,Bosch Climate Partner,Bosch,8,
556823-5260,Westheat AB,Göta,SE3,B,8,Kjell Lennart Stefan Karlsson,info@westheatab.se,0762139901,,3,10706,Bosch,Bosch Climate Partner,Bosch,14,
556769-3576,Söderköpings Energi & VVS AB,Söderköping,SE3,B,8,Torbjörn Andersson,torbjorn@sevvs.se,012113130,sevvs.se,5,12883,Bosch,Bosch Climate Partner,Bosch,15,
556763-7854,Silverstadens Rör AB,Sala,SE3,B,8,ej hittat,silverstadensror@gmail.com,022418190,,9,11251,Bosch,Bosch Climate Partner,Bosch,16,
559245-3186,Värmis AB,Västerås,SE3,B,8,ej hittat,info@varmisab.se,0707252568,varmisab.se,7,18466,"Bosch, Daikin",Bosch Climate Partner,"Bosch, Daikin",17,
556260-9791,Rörteknik i Farsta AB,Bandhagen (Stockholm),SE3,B,8,Ordf: Erik Björklund; Per Nordén,,,,33,146161,Sparc,Sparc Group-dotterbolag,Sparc,,Stor VVS Sthlm; möjlig OPTi-volym via servicekontrakt; hög omsättning men fokus inte renodlat VP
559067-9139,Erlandsson & Berghs AB,Österhaninge (Haninge),SE3,B,8,Ordf: Erik Björklund,,,,24,60600,Sparc,Sparc Group-dotterbolag,Sparc,,Värmepumpstjänst explicit; 24 anst; omsättning 60 Mkr; svag lönsamhet 2024
556728-2487,MPL Värmepumpspartner AB,Österskär,SE3,B,7,ej hittat,mpl@varmepumpspartner.se,0706116160,varmepumpspartner.se,3,4703,Bosch,Bosch Climate Partner,Bosch,7,
556662-0331,Eskilstuna Brunnsborrning AB,Ärla,SE3,B,7,Kurt Anders Swahn,kundtjanst@borra.se,0707697295,,1,3092,Bosch,Bosch Climate Partner,Bosch,18,
556654-8730,Miljö- VVS & Energicenter i Östergötland AB,Motala,SE3,B,7,Ordf: Erik Björklund; Michael Malmgren,,,,12,46880,Sparc,Sparc Group-dotterbolag,Sparc,,IVT Center + solceller = energiprofilerat; VD Michael Malmgren nyckelkontakt
556611-5456,GreenPeak Energi AB,Sävedalen,SE3,B,7,VD: Hans-Göran Wernberg,,,,9,27901,Sparc,Sparc Group-dotterbolag,Sparc,,Renodlad VP-specialist Gbg; Thermia/Comfortzone/Mitsubishi; ~3500 install; bäst OPTi-fit
556963-7571,Rörkompaniet i Jönköping AB,Jönköping,SE3,B,7,Ordf: Erik Björklund,,,,9,26182,Sparc,Sparc Group-dotterbolag,Sparc,,VP-service + fjärrvärme; Jönköping SE3; VD okänd — kontakta via Sparc-struktur
556232-3492,Bodafors VVS Aktiebolag,Bodafors,SE3,B,7,Ordf: Erik Björklund; Mattias Vändal,,,,9,26201,Sparc,Sparc Group-dotterbolag,Sparc,,Explicit VP-sortiment IVT; lokal marknad; Mattias Vändal trolig driftansvarig
556679-7261,Lindevalls Rör i Enköping AB,Enköping,SE3,B,6,Ordf: Erik Björklund; Mikael Lindevall,,,,11,20649,Sparc,Sparc Group-dotterbolag,Sparc,,NIBE-partner; 11 anst; 20 Mkr; Mikael Lindevall nyckelkontakt
556740-7266,Calle Nilssons VVS i Falkenberg AB,Falkenberg,SE3,B,6,Ordf: Erik Björklund; Carl Nilsson,,,,12,21216,Sparc,Sparc Group-dotterbolag,Sparc,,Lokal VP Halland; Carl Nilsson nyckelkontakt; marginaltapp 2023
556889-7978,Norrstrands VVS Entreprenad AB,Karlstad,SE3,B,6,VD: Simon Ola Forsberg,,,,8,15000,Sparc,Sparc Group-dotterbolag,Sparc,,VD Simon Forsberg direktkontakt; Karlstad SE3; omsättning ~15 Mkr
559023-9843,Kristensons VVS AB,Varberg,SE3,B,6,Okänd,,,,9,16100,Sparc,Sparc Group-dotterbolag,Sparc,,Halland SE3; 9 anst; kontakt via webb
,A J Thermopump Ab,Bankeryd,SE3,B,5,,,,,,,NIBE,installator,NIBE,,
,Aa Kyl,Energiteknik Ab  Savsjo,SE3,B,5,,,,,,,NIBE,installator,NIBE,,
,Ab Boras Rorinstallationer,Boras,SE3,B,5,,,,,,,NIBE,installator,NIBE,,
,Abk Vvs Installation,Kungsbacka,SE3,B,5,,,,,,,NIBE,installator,NIBE,,
,Adtec Vvs I Kalmar Ab,Kalmar,SE3,B,5,,,,,,,NIBE,installator,NIBE,,
,Ag Rorteknik Ab,Gislaved,SE3,B,5,,,,,,,NIBE,installator,NIBE,,
,Agesta Vvs,Huddinge,SE3,B,5,,,,,,,NIBE,installator,NIBE,,
,Agge,Oskars Ror Ab  Aneby,SE3,B,5,,,,,,,NIBE,installator,NIBE,,
,Akessons Rorteknik Ab,Vislanda,SE3,B,5,,,,,,,NIBE,installator,NIBE,,
,Almgren Karlsam Vvs Ab,Trollhattan,SE3,B,5,,,,,,,NIBE,installator,NIBE,,
,Alstermo Vvs Ab,Alstermo,SE3,B,5,,,,,,,NIBE,installator,NIBE,,
,Alvsborgs Vvs Hindas Lerum Ab,Hindas,SE3,B,5,,,,,,,NIBE,installator,NIBE,,
,Anders Johanssons Vvs,Energiteknik Ab  Ankarsrum,SE3,B,5,,,,,,,NIBE,installator,NIBE,,
,Anderssons Vvs Ab,Anderstorp,SE3,B,5,,,,,,,NIBE,installator,NIBE,,
,Angby Ror Ab,Saltsjo Boo,SE3,B,5,,,,,,,NIBE,installator,NIBE,,
,Anton O Simons Vvs Ab,Falkenberg,SE3,B,5,,,,,,,NIBE,installator,NIBE,,
,Arboga Rorservice Ab,Arboga,SE3,B,5,,,,,,,NIBE,installator,NIBE,,
,Arons Vvs Ab,Veddige,SE3,B,5,,,,,,,NIBE,installator,NIBE,,
,Ascy Ror,Industri Ab  Hagfors,SE3,B,5,,,,,,,NIBE,installator,NIBE,,
,Askersunds Brunnsborrning Ab,Askersund,SE3,B,5,,,,,,,NIBE,installator,NIBE,,
,Axelssons Rorservice,Ydre,SE3,B,5,,,,,,,NIBE,installator,NIBE,,
,B. Berghs Olje,Pannservice Hb  Vendelso,SE3,B,5,,,,,,,NIBE,installator,NIBE,,
,Bad,Varme Stromstad  Stromstad,SE3,B,5,,,,,,,NIBE,installator,NIBE,,
,Benor Solar Ab,Vastra Frolunda,SE3,B,5,,,,,,,NIBE,installator,NIBE,,
,Beo Vvs En Del Av Sandbackens Ror,Varberg,SE3,B,5,,,,,,,NIBE,installator,NIBE,,
,Bergstrands Vvs Ab,Kungsor,SE3,B,5,,,,,,,NIBE,installator,NIBE,,
,Bergvarme,Ventilation I Stockholm Ab  Jarfalla,SE3,B,5,,,,,,,NIBE,installator,NIBE,,
,Bj Varmemontage Ab,Kvicksund,SE3,B,5,,,,,,,NIBE,installator,NIBE,,
,Bohuslans Bergvarmepumpar Ab,Kungshamn,SE3,B,5,,,,,,,NIBE,installator,NIBE,,
,Boken Vvs Ab,Stromsholm,SE3,B,5,,,,,,,NIBE,installator,NIBE,,
,Boras Varme Ab,Boras,SE3,B,5,,,,,,,NIBE,installator,NIBE,,
,Boras Vvs Ab,Boras,SE3,B,5,,,,,,,NIBE,installator,NIBE,,
,Branninge Rorservice Ab,Norrtalje,SE3,B,5,,,,,,,NIBE,installator,NIBE,,
,Bredvikens Ror Ab,Varby,SE3,B,5,,,,,,,NIBE,installator,NIBE,,
,Brinnen Ror Ab,Lindas,SE3,B,5,,,,,,,NIBE,installator,NIBE,,
,Brotorps Vvs,Kil,SE3,B,5,,,,,,,NIBE,installator,NIBE,,
,Carlssons Vvs,Brottby,SE3,B,5,,,,,,,NIBE,installator,NIBE,,
,Christer Lindbloms Ror Ab,Skanninge,SE3,B,5,,,,,,,NIBE,installator,NIBE,,
,D J Rorsystem,Kungshamn,SE3,B,5,,,,,,,NIBE,installator,NIBE,,
,Dalaro Rorservice Ab,Dalarso,SE3,B,5,,,,,,,NIBE,installator,NIBE,,
,Dale Ror Ab,Dals Ed,SE3,B,5,,,,,,,NIBE,installator,NIBE,,
,Dk Ror Ab,Falkenberg,SE3,B,5,,,,,,,NIBE,installator,NIBE,,
,Dk Ror Ab,Halmstad,SE3,B,5,,,,,,,NIBE,installator,NIBE,,
,Dr Ror Ab,Gunnebo,SE3,B,5,,,,,,,NIBE,installator,NIBE,,
,E. M. Vvs Ab,Nacka,SE3,B,5,,,,,,,NIBE,installator,NIBE,,
,Ea Energi Ab,Upplands Vasby,SE3,B,5,,,,,,,NIBE,installator,NIBE,,
,Ea Vvs Installationer Ab,Enkoping,SE3,B,5,,,,,,,NIBE,installator,NIBE,,
,Ekbloms Rorinstallation Ab,Nassjo,SE3,B,5,,,,,,,NIBE,installator,NIBE,,
,Eklunds Vvs Ab,Oskarshamn,SE3,B,5,,,,,,,NIBE,installator,NIBE,,
,El,Vvs Vast Ab  Kungsbacka,SE3,B,5,,,,,,,NIBE,installator,NIBE,,
,Elcon Energi Ab,Katrineholm,SE3,B,5,,,,,,,NIBE,installator,NIBE,,
,Elektrus Ab,Goteborg,SE3,B,5,,,,,,,NIBE,installator,NIBE,,
,Emab Energi Ab,Mariestad,SE3,B,5,,,,,,,NIBE,installator,NIBE,,
,Emab Energi Ab,Lidkoping,SE3,B,5,,,,,,,NIBE,installator,NIBE,,
,Energi Akuten I Stockholm Ab,Stockholm,SE3,B,5,,,,,,,NIBE,installator,NIBE,,
,Energieffektiv Ab,Vasteras,SE3,B,5,,,,,,,NIBE,installator,NIBE,,
,Energikompaniet Ab,Gothenburg,SE3,B,5,,,,,,,NIBE,installator,NIBE,,
,Energipartner I Norden Ab,Solna,SE3,B,5,,,,,,,NIBE,installator,NIBE,,
,Enova Ab,Boras,SE3,B,5,,,,,,,NIBE,installator,NIBE,,
,Enova Ab,Gothenburg,SE3,B,5,,,,,,,NIBE,installator,NIBE,,
,F J Teknik Ab,Vetlanda,SE3,B,5,,,,,,,NIBE,installator,NIBE,,
,Falkenberg Ror Ab,Falkenberg,SE3,B,5,,,,,,,NIBE,installator,NIBE,,
,Falks Ror Vvs Ab,Eskilstuna,SE3,B,5,,,,,,,NIBE,installator,NIBE,,
,Falkvarme Ab,Falkenberg,SE3,B,5,,,,,,,NIBE,installator,NIBE,,
,Farstas Rorinstallatorer Ab,Stockholm,SE3,B,5,,,,,,,NIBE,installator,NIBE,,
,Filipstads Ror Ab,Filipstad,SE3,B,5,,,,,,,NIBE,installator,NIBE,,
,Fjaras Rorinstallationer Ab,Fjaras,SE3,B,5,,,,,,,NIBE,installator,NIBE,,
,Fjordans Ror Ab,Lysekil,SE3,B,5,,,,,,,NIBE,installator,NIBE,,
,Fjordans Ror Ab,Munkedal,SE3,B,5,,,,,,,NIBE,installator,NIBE,,
,Flen Rorservice Ab,Flen,SE3,B,5,,,,,,,NIBE,installator,NIBE,,
,Forsvaret Ab,Osthammar,SE3,B,5,,,,,,,NIBE,installator,NIBE,,
,Framtidens Uppvarmning Ab,Stockholm,SE3,B,5,,,,,,,NIBE,installator,NIBE,,
,Frisens Ror Ab,Linkoping,SE3,B,5,,,,,,,NIBE,installator,NIBE,,
,Frostrings Ror Ab,Gimo,SE3,B,5,,,,,,,NIBE,installator,NIBE,,
,Gardsby Ror Ab,Lenhovda,SE3,B,5,,,,,,,NIBE,installator,NIBE,,
,Gislavedsbygdens Ror Ab,Gislaved,SE3,B,5,,,,,,,NIBE,installator,NIBE,,
,Gisslarbo Ror Ab,Gisslarbo,SE3,B,5,,,,,,,NIBE,installator,NIBE,,
,Godings Vvs,Kungsholmen,SE3,B,5,,,,,,,NIBE,installator,NIBE,,
,Gotlands Ror Ab,Visby,SE3,B,5,,,,,,,NIBE,installator,NIBE,,
,Grabo Ror,El Ab  Grebbestad,SE3,B,5,,,,,,,NIBE,installator,NIBE,,
,Grabo Ror,El Ab  Tanumshede,SE3,B,5,,,,,,,NIBE,installator,NIBE,,
,Gronkulla Ror Ab,Nassjo,SE3,B,5,,,,,,,NIBE,installator,NIBE,,
,Gustafs Vvs,Ab  Torslanda,SE3,B,5,,,,,,,NIBE,installator,NIBE,,
,Hallands Bergvarme Ab,Kungsbacka,SE3,B,5,,,,,,,NIBE,installator,NIBE,,
,Hallands El,Vvs Ab  Laholm,SE3,B,5,,,,,,,NIBE,installator,NIBE,,
,Hallbo Vvs Ab,Hallsberg,SE3,B,5,,,,,,,NIBE,installator,NIBE,,
,Hallstahammars Ror Ab,Hallstahammar,SE3,B,5,,,,,,,NIBE,installator,NIBE,,
,Hammerbys Ror Ab,Stockholm,SE3,B,5,,,,,,,NIBE,installator,NIBE,,
,Hardemo Ror Ab,Hardemo,SE3,B,5,,,,,,,NIBE,installator,NIBE,,
,Heimdall Byggtjanst Ab,Akersberga,SE3,B,5,,,,,,,NIBE,installator,NIBE,,
,Hemvarmekonsulten Ab,Akersberga,SE3,B,5,,,,,,,NIBE,installator,NIBE,,
,Hogdalens Ror Ab,Stockholm,SE3,B,5,,,,,,,NIBE,installator,NIBE,,
,Humlevikens Ror,Ab  Kungsbacka,SE3,B,5,,,,,,,NIBE,installator,NIBE,,
,Husells El,Vvs Ab  Heby,SE3,B,5,,,,,,,NIBE,installator,NIBE,,
,Hylte Rorservice Ab,Torup,SE3,B,5,,,,,,,NIBE,installator,NIBE,,
,J L Vvs Ab,Sundbyberg,SE3,B,5,,,,,,,NIBE,installator,NIBE,,
,Jan Karlssons Ror Ab,Munkedal,SE3,B,5,,,,,,,NIBE,installator,NIBE,,
,Jkp Energi,Ab  Kopparberg,SE3,B,5,,,,,,,NIBE,installator,NIBE,,
,Johanneberg Ror Ab,Fjaras,SE3,B,5,,,,,,,NIBE,installator,NIBE,,
,Johanssons Vvs Ab,Strangnas,SE3,B,5,,,,,,,NIBE,installator,NIBE,,
,Jonkoping Installationstjanst Ab,Jonkoping,SE3,B,5,,,,,,,NIBE,installator,NIBE,,
,Jordens Basta Vvs Ab,Tranas,SE3,B,5,,,,,,,NIBE,installator,NIBE,,
,Js Vvs I Norrtalje Ab,Norrtalje,SE3,B,5,,,,,,,NIBE,installator,NIBE,,
,Kalmar Ror Ab,Kalmar,SE3,B,5,,,,,,,NIBE,installator,NIBE,,
,Kalmarsunds Ror Ab,Kalmar,SE3,B,5,,,,,,,NIBE,installator,NIBE,,
,Kangers Vvs Ab,Hyssna,SE3,B,5,,,,,,,NIBE,installator,NIBE,,
,Karlskoga Rorservice Ab,Karlskoga,SE3,B,5,,,,,,,NIBE,installator,NIBE,,
,Karlstads Vvs,Lantbrukstjanst Ab  Karlstad,SE3,B,5,,,,,,,NIBE,installator,NIBE,,
,Kungsors Ror Vvs Ab,Kungsor,SE3,B,5,,,,,,,NIBE,installator,NIBE,,
,Kyle Vvs Ab,Skara,SE3,B,5,,,,,,,NIBE,installator,NIBE,,
,Landora Ror Ab,Enkoping,SE3,B,5,,,,,,,NIBE,installator,NIBE,,
,Lejonet Ror Ab,Nassjo,SE3,B,5,,,,,,,NIBE,installator,NIBE,,
,Lena Vvs Ab,Lena,SE3,B,5,,,,,,,NIBE,installator,NIBE,,
,Lerums Rorservice Ab,Lerum,SE3,B,5,,,,,,,NIBE,installator,NIBE,,
,Lf Energi Och Kyla Ab,Orebro,SE3,B,5,,,,,,,NIBE,installator,NIBE,,
,Lindesberg Rostorp Ror Ab,Lindesberg,SE3,B,5,,,,,,,NIBE,installator,NIBE,,
,Lindkvists Vvs Ab,Nassjo,SE3,B,5,,,,,,,NIBE,installator,NIBE,,
,Lindqvists Ror Ab,Boras,SE3,B,5,,,,,,,NIBE,installator,NIBE,,
,Linkopings Vvs Ab,Linkoping,SE3,B,5,,,,,,,NIBE,installator,NIBE,,
,Lostagards Ror Ab,Boras,SE3,B,5,,,,,,,NIBE,installator,NIBE,,
,Magnus Peterssons Vvs Ab,Kungsbacka,SE3,B,5,,,,,,,NIBE,installator,NIBE,,
,Marsta Vvs Ab,Marsta,SE3,B,5,,,,,,,NIBE,installator,NIBE,,
,Mellbyns Rorservice Ab,Mellbystrand,SE3,B,5,,,,,,,NIBE,installator,NIBE,,
,Mellstrom Ror Ab,Skene,SE3,B,5,,,,,,,NIBE,installator,NIBE,,
,Mercurius Energi Ab,Nykoping,SE3,B,5,,,,,,,NIBE,installator,NIBE,,
,Mil El O Vvs I Ostergotland Ab,Linkoping,SE3,B,5,,,,,,,NIBE,installator,NIBE,,
,Mill Energi Ab,Nassjo,SE3,B,5,,,,,,,NIBE,installator,NIBE,,
,Molndals Varme Ab,Molndal,SE3,B,5,,,,,,,NIBE,installator,NIBE,,
,Morgonstjarnan Ror Ab,Sunne,SE3,B,5,,,,,,,NIBE,installator,NIBE,,
,Mossboda Vvs Ab,Haby,SE3,B,5,,,,,,,NIBE,installator,NIBE,,
,Motala Kylen Ab,Motala,SE3,B,5,,,,,,,NIBE,installator,NIBE,,
,Nibe Partner Aborred Ror,Ab  Munkedal,SE3,B,5,,,,,,,NIBE,installator,NIBE,,
,Nibe Partner Bjork,Lind Ror Ab  Tanumshede,SE3,B,5,,,,,,,NIBE,installator,NIBE,,
,Nibe Partner Fruktan Ab,Orust,SE3,B,5,,,,,,,NIBE,installator,NIBE,,
,Nibe Partner Installation I Brottby Ab,Brottby,SE3,B,5,,,,,,,NIBE,installator,NIBE,,
,Nibe Partner Kungsholmen Vvs Ab,Stockholm,SE3,B,5,,,,,,,NIBE,installator,NIBE,,
,Nibe Partner Malaxhuse Ror Ab,Lysekil,SE3,B,5,,,,,,,NIBE,installator,NIBE,,
,Nibe Partner Masab Ror Ab,Alingsas,SE3,B,5,,,,,,,NIBE,installator,NIBE,,
,Nibe Partner Rorstrom I Karlstad Ab,Karlstad,SE3,B,5,,,,,,,NIBE,installator,NIBE,,
,Nibe Partner Vattenfall Heat Pump Service Ab,Hagfors,SE3,B,5,,,,,,,NIBE,installator,NIBE,,
,Nibe Partner Vattenfall Heat Pump Service Ab,Karlstad,SE3,B,5,,,,,,,NIBE,installator,NIBE,,
,Nibe Partner Vattenfall Heat Pump Service Ab,Vasteras,SE3,B,5,,,,,,,NIBE,installator,NIBE,,
,Nordbergs Ror Ab,Falkenberg,SE3,B,5,,,,,,,NIBE,installator,NIBE,,
,Nordens Bergvarmepumpar Ab,Halmstad,SE3,B,5,,,,,,,NIBE,installator,NIBE,,
,Nordisk Kyl,Service Ab  Gothenburg,SE3,B,5,,,,,,,NIBE,installator,NIBE,,
,Norrkopings Kylen Ab,Norrkoping,SE3,B,5,,,,,,,NIBE,installator,NIBE,,
,Norskogs Ror Ab,Karlstad,SE3,B,5,,,,,,,NIBE,installator,NIBE,,
,Nossebro El,Vvs Ab  Nossebro,SE3,B,5,,,,,,,NIBE,installator,NIBE,,
,Odsmals Rorlaggeri Ab,Odsmal,SE3,B,5,,,,,,,NIBE,installator,NIBE,,
,Ola Westman Ror,Goteborg,SE3,B,5,,,,,,,NIBE,installator,NIBE,,
,Orebro Vvs Ab,Orebro,SE3,B,5,,,,,,,NIBE,installator,NIBE,,
,Oregrunds El,Vvs Ab  Oregrund,SE3,B,5,,,,,,,NIBE,installator,NIBE,,
,Oringe Ror Ab,Tyreso,SE3,B,5,,,,,,,NIBE,installator,NIBE,,
,Ostgota Varmepumpsteknik,Atvidaberg,SE3,B,5,,,,,,,NIBE,installator,NIBE,,
,Pagelmans Ror Ab,Stenungsund,SE3,B,5,,,,,,,NIBE,installator,NIBE,,
,Pagelmans Ror Ab,Gothenburg,SE3,B,5,,,,,,,NIBE,installator,NIBE,,
,Pelle Petter Ab,Huskvarna,SE3,B,5,,,,,,,NIBE,installator,NIBE,,
,Per Ols Ror,Kyla Ab  Nacka,SE3,B,5,,,,,,,NIBE,installator,NIBE,,
,Per Persons Vvs,Rottne,SE3,B,5,,,,,,,NIBE,installator,NIBE,,
,Perssons Ror Ab,Lessebo,SE3,B,5,,,,,,,NIBE,installator,NIBE,,
,Plc Miljo Ab,Norrkoping,SE3,B,5,,,,,,,NIBE,installator,NIBE,,
,Pmab Ror Ab,Gothenburg,SE3,B,5,,,,,,,NIBE,installator,NIBE,,
,Precis Energi Ab,Linkoping,SE3,B,5,,,,,,,NIBE,installator,NIBE,,
,Prima Rorinstallationer I Visby Ab,Visby,SE3,B,5,,,,,,,NIBE,installator,NIBE,,
,Pro Ror,Varme Ab  Herrljunga,SE3,B,5,,,,,,,NIBE,installator,NIBE,,
,Pro Ror,Varme Ab  Lidkoping,SE3,B,5,,,,,,,NIBE,installator,NIBE,,
,Pronordic Ab,Sollentuna,SE3,B,5,,,,,,,NIBE,installator,NIBE,,
,Provag Energi Ab,Vasteras,SE3,B,5,,,,,,,NIBE,installator,NIBE,,
,Pumpterminalen I Jonkoping Ab,Jonkoping,SE3,B,5,,,,,,,NIBE,installator,NIBE,,
,Rafael Fernandez Rorinstallationer Ab,Uppsala,SE3,B,5,,,,,,,NIBE,installator,NIBE,,
,Ragnar Graffman Vvs Ab,Vasteras,SE3,B,5,,,,,,,NIBE,installator,NIBE,,
,Rakt Ror Ab,Motala,SE3,B,5,,,,,,,NIBE,installator,NIBE,,
,Rakt Ror Ab,Mjolby,SE3,B,5,,,,,,,NIBE,installator,NIBE,,
,Rbd Ror Ab,Nacka,SE3,B,5,,,,,,,NIBE,installator,NIBE,,
,Restaurang Ror Ab,Gothenburg,SE3,B,5,,,,,,,NIBE,installator,NIBE,,
,Ro Installationer Ab,Gothenburg,SE3,B,5,,,,,,,NIBE,installator,NIBE,,
,Ror Gruppen Gotland Ab,Visby,SE3,B,5,,,,,,,NIBE,installator,NIBE,,
,Ror Halland Ab,Kungsbacka,SE3,B,5,,,,,,,NIBE,installator,NIBE,,
,Ror Tjansen I Norrtelje Ab,Norrtalje,SE3,B,5,,,,,,,NIBE,installator,NIBE,,
,Rors Rorstudio Ab,Vimmerby,SE3,B,5,,,,,,,NIBE,installator,NIBE,,
,Rorsmorpan Ab,Norrahammar,SE3,B,5,,,,,,,NIBE,installator,NIBE,,
,Rortekniken Ab,Halmstad,SE3,B,5,,,,,,,NIBE,installator,NIBE,,
,S Varme Ab,Hallsberg,SE3,B,5,,,,,,,NIBE,installator,NIBE,,
,Serneke Installation Ab,Gothenburg,SE3,B,5,,,,,,,NIBE,installator,NIBE,,
,Service Kyla Ab,Linkoping,SE3,B,5,,,,,,,NIBE,installator,NIBE,,
,Sjobergs Ror Ab,Linkoping,SE3,B,5,,,,,,,NIBE,installator,NIBE,,
,Skovde Rorservice Ab,Skovde,SE3,B,5,,,,,,,NIBE,installator,NIBE,,
,Smalands Rorservice Ab,Eksjo,SE3,B,5,,,,,,,NIBE,installator,NIBE,,
,Smalands Rorservice Ab,Nassjo,SE3,B,5,,,,,,,NIBE,installator,NIBE,,
,Soberg,Soderstrom Ror Ab  Gnesta,SE3,B,5,,,,,,,NIBE,installator,NIBE,,
,Sodra Vi Varmepumpservice Ab,Kisa,SE3,B,5,,,,,,,NIBE,installator,NIBE,,
,Sodregards Ror,Maskin Ab  Vaxjo,SE3,B,5,,,,,,,NIBE,installator,NIBE,,
,Sone El Ab,Lidkoping,SE3,B,5,,,,,,,NIBE,installator,NIBE,,
,Sp Rorservice,Svenljunga,SE3,B,5,,,,,,,NIBE,installator,NIBE,,
,Stallets Rorlaggeri Ab,Ytterby,SE3,B,5,,,,,,,NIBE,installator,NIBE,,
,Steffes Kyl,Varmepumpar Ternstedt Invent Ab  Linkoping,SE3,B,5,,,,,,,NIBE,installator,NIBE,,
,Stenso Varme,Sanitet Ab  Kalmar,SE3,B,5,,,,,,,NIBE,installator,NIBE,,
,Stetab Vvs,Brunnsborrning  Stjarnhov,SE3,B,5,,,,,,,NIBE,installator,NIBE,,
,Stigs Rorlaggeri Ab,Lindome,SE3,B,5,,,,,,,NIBE,installator,NIBE,,
,Stockholm Pool,Varme Ab  Huddinge,SE3,B,5,,,,,,,NIBE,installator,NIBE,,
,Stockholms Ror,Vvs Ab              Lidingo,SE3,B,5,,,,,,,NIBE,installator,NIBE,,
,Strangnas Rortjanst Ab,Strangnas,SE3,B,5,,,,,,,NIBE,installator,NIBE,,
,Stromlunds Ror Ab,Trollhattan,SE3,B,5,,,,,,,NIBE,installator,NIBE,,
,Stromstad Rorservice Ab,Stromstad,SE3,B,5,,,,,,,NIBE,installator,NIBE,,
,Stures Rorinstallationer Ab,Borensberg,SE3,B,5,,,,,,,NIBE,installator,NIBE,,
,Sundbyholms Vvs Ab,Eskilstuna,SE3,B,5,,,,,,,NIBE,installator,NIBE,,
,Sven Olovs El,Vvs  Upplands Vasby,SE3,B,5,,,,,,,NIBE,installator,NIBE,,
,Svenljunga El Ab,Svenljunga,SE3,B,5,,,,,,,NIBE,installator,NIBE,,
,Svensk Installation Vast Ab,Arjang,SE3,B,5,,,,,,,NIBE,installator,NIBE,,
,Svensk Kylservice I Goteborg Ab,Goteborg,SE3,B,5,,,,,,,NIBE,installator,NIBE,,
,Svensk Villavarme Ab,Hisings Backa,SE3,B,5,,,,,,,NIBE,installator,NIBE,,
,Svenssons Ror Ab,Bor,SE3,B,5,,,,,,,NIBE,installator,NIBE,,
,Sweror Ab,Eskilstuna,SE3,B,5,,,,,,,NIBE,installator,NIBE,,
,Taby Vvs,Service Ab  Taby,SE3,B,5,,,,,,,NIBE,installator,NIBE,,
,Talje Vvs Ab,Sodertalje,SE3,B,5,,,,,,,NIBE,installator,NIBE,,
,Taussons Ror Ab,Uddevalla,SE3,B,5,,,,,,,NIBE,installator,NIBE,,
,Tbb Ror,Vvs Service Ab  Taby,SE3,B,5,,,,,,,NIBE,installator,NIBE,,
,Themptander Vvs Ab,Skogas,SE3,B,5,,,,,,,NIBE,installator,NIBE,,
,Thimsfors Vvs Ab,Skummeslovstrand,SE3,B,5,,,,,,,NIBE,installator,NIBE,,
,Tjallmo Vatten,Varme Ab  Tjallmo,SE3,B,5,,,,,,,NIBE,installator,NIBE,,
,Tomas Enoksson Rormokeri & Fast.Service,Ostervala,SE3,B,5,,,,,,,NIBE,installator,NIBE,,
,Torbjornsgardens Vvs Ab,Vara,SE3,B,5,,,,,,,NIBE,installator,NIBE,,
,Trs,Tingdahls Rorservice Ab  Tingsryd,SE3,B,5,,,,,,,NIBE,installator,NIBE,,
,Ts Ror Ab,Heby,SE3,B,5,,,,,,,NIBE,installator,NIBE,,
,Tullinge Ror Ab,Tullinge,SE3,B,5,,,,,,,NIBE,installator,NIBE,,
,Tunabergs Vvs Ab,Nykoping,SE3,B,5,,,,,,,NIBE,installator,NIBE,,
,Turex Ror Ab,Saltsjo Boo,SE3,B,5,,,,,,,NIBE,installator,NIBE,,
,Unnaryds Varme,Sanitet Ab  Unnaryd,SE3,B,5,,,,,,,NIBE,installator,NIBE,,
,Upplands Energi Produkt,Miljo Ab  Uppsala,SE3,B,5,,,,,,,NIBE,installator,NIBE,,
,Upplands Kyl,Varme Ab  Uppsala,SE3,B,5,,,,,,,NIBE,installator,NIBE,,
,Vadsbo Kylteknik Ab,Moholm,SE3,B,5,,,,,,,NIBE,installator,NIBE,,
,Vallsater Ror Ab,Alunda,SE3,B,5,,,,,,,NIBE,installator,NIBE,,
,Vanersnas Rorservice Ab,Vanersnas,SE3,B,5,,,,,,,NIBE,installator,NIBE,,
,Vargarda Vvs Ab,Vargarda,SE3,B,5,,,,,,,NIBE,installator,NIBE,,
,Varme,Konstruktionskansla I Trosa Ab  Trosa,SE3,B,5,,,,,,,NIBE,installator,NIBE,,
,Varme,Sanitet I Huskvarna Ab  Huskvarna,SE3,B,5,,,,,,,NIBE,installator,NIBE,,
,Varme & Sanitet A. Palmer Ab,Vimmerby,SE3,B,5,,,,,,,NIBE,installator,NIBE,,
,Varmepumpsgruppen Mitt Ab,Eskilstuna,SE3,B,5,,,,,,,NIBE,installator,NIBE,,
,Varmeservice I Veddige Ab,Veddige,SE3,B,5,,,,,,,NIBE,installator,NIBE,,
,Varmeservice Uddevalla Ab,Uddevalla,SE3,B,5,,,,,,,NIBE,installator,NIBE,,
,Varmespecialisten Ab,Kungsbacka,SE3,B,5,,,,,,,NIBE,installator,NIBE,,
,Varnamo Forsheda Ror Ab,Varnamo,SE3,B,5,,,,,,,NIBE,installator,NIBE,,
,Vastkustkyl,Varme Ab  Alvangen,SE3,B,5,,,,,,,NIBE,installator,NIBE,,
,Vastsvenska Varme,Sanitet Ab  Ed,SE3,B,5,,,,,,,NIBE,installator,NIBE,,
,Vatten,Varme I Norberg  Norberg,SE3,B,5,,,,,,,NIBE,installator,NIBE,,
,Vatten,Varmeteknik Ab  Hogsater,SE3,B,5,,,,,,,NIBE,installator,NIBE,,
,Vfs Varberg Ab,Varberg,SE3,B,5,,,,,,,NIBE,installator,NIBE,,
,Vi Varmer Sverige Ab,Huddinge,SE3,B,5,,,,,,,NIBE,installator,NIBE,,
,Vi Varmer Sverige Ab,Hagersten,SE3,B,5,,,,,,,NIBE,installator,NIBE,,
,Vi Varmer Sverige Ab,Sollentuna,SE3,B,5,,,,,,,NIBE,installator,NIBE,,
,Vi Varmer Sverige Ab,Taby,SE3,B,5,,,,,,,NIBE,installator,NIBE,,
,Villavarme I Ostergotland Ab,Motala,SE3,B,5,,,,,,,NIBE,installator,NIBE,,
,Villavarme I Ostergotlandab,Norrkoping,SE3,B,5,,,,,,,NIBE,installator,NIBE,,
,Votab Vvs,Varmeinstallation Ab  Varberg,SE3,B,5,,,,,,,NIBE,installator,NIBE,,
,Vs Installation I Kalmar Ab,Kalmar,SE3,B,5,,,,,,,NIBE,installator,NIBE,,
,Vvs Akuten I Sodertorn Ab,Segersang,SE3,B,5,,,,,,,NIBE,installator,NIBE,,
,Vvs Kompaniet Ab,Saffle,SE3,B,5,,,,,,,NIBE,installator,NIBE,,
,Wahlgren Ror Ab,Norrtalje,SE3,B,5,,,,,,,NIBE,installator,NIBE,,
,Walfridssons Ror Ab,Lessebo,SE3,B,5,,,,,,,NIBE,installator,NIBE,,
,Walthers Kyl,Varmepumpservice  Nykoping,SE3,B,5,,,,,,,NIBE,installator,NIBE,,
,Wastvinds Vvs Ab,Koping,SE3,B,5,,,,,,,NIBE,installator,NIBE,,
,Wiklunds Kylteknik Ab,Kungsbacka,SE3,B,5,,,,,,,NIBE,installator,NIBE,,
,Wikmans Vvs Ab,Ekero,SE3,B,5,,,,,,,NIBE,installator,NIBE,,
,Wrandings Rormokeri Ab,Balsta,SE3,B,5,,,,,,,NIBE,installator,NIBE,,
,Yttergrens Ror Ab,Visby,SE3,B,5,,,,,,,NIBE,installator,NIBE,,
,IVT-Center Vimmerby,Vimmerby,SE3,B,5,,,0702044073,,,,IVT,IVT Center,IVT,SE3 + IVT Center; liten ort men aktiv,
,Värme & Kylteknik i Vassmolösa AB,Kalmar,SE3,B,5,,,048032190,,,,IVT,IVT Center,IVT,SE3 + IVT Center; Kalmar,
,IVT Center/Miljö- VVS- & Energicent (MVE),Linköping,SE3,B,5,,,013106000,,,,IVT,IVT Center,IVT,SE3 + IVT Center; stor stad,
,IVT Center Värnamo,Värnamo,SE3,B,5,,,037026165,,,,IVT,IVT Center,IVT,SE3 + IVT Center,
,IVT Center/Team PTL AB,Växjö,SE3,B,5,,,047021190,,,,IVT,IVT Center,IVT,SE3 + IVT Center,
,IVT-Center Väst / Trestad,Trollhättan,SE3,B,5,,,0520526461,,,,IVT,IVT Center,IVT,SE3 + IVT Center; täcker Trestad,
,Energirör (IVT Center 7H),Borås,SE3,B,5,,,033139410,,,,IVT,IVT Center,IVT,SE3 + IVT Center; Sjuhärad,
,IVT Center Köping,Köping,SE3,B,5,,,022124040,,,,IVT,IVT Center,IVT,SE3 + IVT Center,
,Mälardalens Värmepumpscenter AB,Eskilstuna,SE3,B,5,,,020510200,,,,IVT,IVT Center,IVT,SE3 + IVT Center; No1 service,
,Mälardalens Värmepumpscenter,Liljeholmen,SE3,B,5,,,020510200,,,,IVT,IVT Center,IVT,SE3 + IVT Center; Stockholm,
,Rördoktorn/IVT-Center,Haninge,SE3,B,5,,,087771500,,,,IVT,IVT Center,IVT,SE3 + IVT Center; Stockholm,
,Värmekällan Väst AB,Sävedalen (Göteborg),SE3,B,5,,info@ivtcenter.se,0313369050,,,,IVT,IVT Center,IVT,SE3 + IVT Center; Nordens första IVT Center; täcker halva Sverige väster,
,Aircontrol I Boras Ab,Boras,SE3,B,4,,,,,,,NIBE,service,NIBE,,
,Anders Johanssons Energiteknik Vvs,Ab  Ankarsrum,SE3,B,4,,,,,,,NIBE,service,NIBE,,
,Beckmanns Vvs,Energiteknik  Jonkoping,SE3,B,4,,,,,,,NIBE,service,NIBE,,
,Steffes Kyl,Varmepumpar Ternstedt Invent Ab  Atvidaberg,SE3,B,4,,,,,,,NIBE,service,NIBE,,
,Steffes Kyl,Varmepumpar Ternstedt Invent Ab  Rimforsa,SE3,B,4,,,,,,,NIBE,service,NIBE,,
,Upplands Energi Produkt,Miljo Ab  Bjorklinge,SE3,B,4,,,,,,,NIBE,service,NIBE,,
,Walthers Kyl,Varmepumpservice Ab  Norrkoping,SE3,B,4,,,,,,,NIBE,service,NIBE,,
,Walthers Kyl,Varmepumpservice Ab  Nykoping,SE3,B,4,,,,,,,NIBE,service,NIBE,,
,Westheat Ab,Hisings Backa,SE3,B,4,,,,,,,NIBE,service,NIBE,,
,Johan Wirsén AB,Uppsala,SE3,B,4,,,0187501188,,,,IVT,Standard,IVT,SE3 + Standard,
,Evepe AB,Bro,SE3,B,4,,,0858175544,,,,IVT,Standard,IVT,SE3,
,Huddinge Maskinservice,Huddinge,SE3,B,4,,,087116606,,,,IVT,Standard,IVT,SE3,
556485-3405,Revider Energi AB,Sollentuna,SE3,B,4,Ordf: Erik Björklund,,0840832634,,2,29947,IVT,Standard,"IVT, Sparc",SE3,
,Värmedynamik i Södertälje AB,Södertälje,SE3,B,4,,,0855807580,,,,IVT,Standard,IVT,SE3,
,Team Wåhlin Värmeteknik AB,Vallentuna,SE3,B,4,,,0851170499,,,,IVT,Standard,IVT,SE3; IVT-serviceombud sedan 1999,
,Energipartner Sverige AB,Bromma,SE3,B,4,,kontakt@energipartner.se,08802805,,,,"Daikin, IVT",Standard,"Daikin, IVT",SE3; även Daikin-partner,
,Kyl & Värmepumpservice i Sthlm AB,Järfälla,SE3,B,4,,,0858010030,,,,IVT,Standard,IVT,SE3,
,VärmeKompaniet Stockholm AB,Saltsjö-Boo,SE3,B,4,,,087182838,,,,IVT,Standard,IVT,SE3,
,Effektiv Energi Stockholm AB,Märsta,SE3,B,4,,,0859118400,,,,IVT,Standard,IVT,SE3; täcker Sigtuna/Märsta,
,Energikomfort Sverige AB,Täby,SE3,B,4,,,0858867150,,,,IVT,Standard,IVT,SE3; Täby/Stockholm,
,Energieffektivisering i Sverige AB,Lidingö,SE3,B,4,,,08279200,,,,IVT,Standard,IVT,SE3,
,Inneklimat AB,Skå,SE3,B,4,,,0856024800,,,,IVT,Standard,IVT,SE3,
,Relax Rör,Tyresö,SE3,B,4,,,087703332,,,,IVT,Standard,IVT,SE3,
,BST Värmepumpar,Älvsjö,SE3,B,4,,,0707286095,,,,IVT,Standard,IVT,SE3,
,Perssons Rör & Värme AB,Jönköping,SE3,B,4,,,036349240,,,,IVT,Standard,IVT,SE3,
,Energihuset Försäljnings AB Hardy H,Norrköping,SE3,B,4,,,,,,,IVT,Standard,IVT,SE3,
,GS Kylservice AB,Linköping,SE3,B,4,,,013212010,,,,IVT,Standard,IVT,SE3,
,Västgötarör AB,Skövde,SE3,B,4,,,,,,,IVT,Standard,IVT,SE3,
,Lundgrens Rör i Vedum AB,Vedum,SE3,B,4,,,,,,,IVT,Standard,IVT,SE3,
,Värmepumpcenter Örebro,Örebro,SE3,B,4,,,,,,,IVT,Standard,IVT,SE3; ej Enwell,
,Energioptimering i Norden AB,Skene,SE3,B,4,,info@eoptimering.se,0301770050,,,,Daikin,Auktoriserad Daikin,Daikin,,SE3; Göteborg-täckning; luft/vatten + berg
,Energilagret - Halmstad,Halmstad,SE3,B,4,,hej@energilagret.se,0102022330,,,,Daikin,Auktoriserad Daikin,Daikin,,SE3; Halmstad; luft/vatten + berg
,Värme Konsulten i Sverige AB,Norberg,SE3,B,4,,varmekonsultenab@gmail.com,0706663610,,,,Daikin,Auktoriserad Daikin,Daikin,,SE3; luft/vatten + berg
,JZ Service AB,Kungsbacka,SE3,B,4,,info@jzkylovarme.se,0733820097,,,,Daikin,Auktoriserad Daikin,Daikin,,SE3; Kungsbacka; full-service
,Kyl och Värmepumpsbolaget i Sverige,Uppsala,SE3,B,4,,info@kylochvarme.nu,018101718,,,,Daikin,Auktoriserad Daikin,Daikin,,SE3; Uppsala; luft/vatten
,AM Kyla Värmeteknik AB,Enköping,SE3,B,4,,info@amkylavarme.se,0739089600,,,,Daikin,Auktoriserad Daikin,Daikin,,SE3; Enköping
,Mälardalens Elektriska AB,Kungsör,SE3,B,4,,malardalensel@telia.com,0706005622,,,,Daikin,Auktoriserad Daikin,Daikin,,SE3; Kungsör
,Energi Värmeteknik i Östra Sverige AB,Mantorp,SE3,B,4,,evt.stefan@gmail.com,0708298590,,,,Daikin,Auktoriserad Daikin,Daikin,,SE3; Mantorp
,Värmekällan i Sverige AB,Tranås,SE3,B,4,,info@varmekallan.se,014012875,,,,Daikin,Auktoriserad Daikin,Daikin,,SE3; Tranås
,Avent Kyl AB,Kalmar,SE3,B,4,,info@avent.se,+46480493131,,,,Mitsubishi,Auktoriserad ME,Mitsubishi,,SE3; brett vattenburet fokus; stark OPTi-relevans
,Kyl-Bergman AB,Västervik,SE3,B,4,,info@kyl-bergman.nu,+4649021551,,,,Mitsubishi,Auktoriserad ME,Mitsubishi,,SE3; Västervik
,Berglunds Rör i Vegby AB,Gällstad,SE3,B,4,,jakob@berglundsror.se,+4632172031,,,,Mitsubishi,Auktoriserad ME,Mitsubishi,,SE3; Borås/Ulricehamn; berg-specialister
,Borgätningen Borås Elektrokyl-Energiteknik,Borås,SE3,B,4,,info@elektrokyl.se,+4633205520,,,,Mitsubishi,Auktoriserad ME,Mitsubishi,,SE3; Borås; sol-el + styrsystem → nära OPTi-världen
,Svensk Kylservice AB,Göteborg,SE3,B,4,,info@svenskkylservice.se,031824818,,,,Mitsubishi,Auktoriserad ME,Mitsubishi,,SE3; Göteborg + 16 kommuner; luft/vatten + berg
,KylKontroll Göteborg AB,Västra Frölunda,SE3,B,4,,info@kylkontroll.se,031685720,,,,Mitsubishi,Auktoriserad ME,Mitsubishi,,SE3; Göteborg; certifierat kylteknikföretag
,S-VÄRME AB,Hallsberg,SE3,B,4,,svarme@telia.com,+4619582130,,,,Mitsubishi,Auktoriserad ME,Mitsubishi,,SE3; Hallsberg; 30 år; luft/vatten + berg
,Klimatpartner i Sverige AB,Örebro,SE3,B,4,,info@klimatpartner.com,+46191210121,,,,Mitsubishi,Auktoriserad ME,Mitsubishi,,SE3; Örebro; grundat 2016; 80+ år sammanlagd erfarenhet
,Kyl & Värmepumpservice i Halmstad AB,Halmstad,SE3,B,4,,info@kylservice.se,+4635173910,,,,Mitsubishi,Auktoriserad ME,Mitsubishi,,SE3; Halmstad
,Varma Huset i Sollentuna AB,Järfälla,SE3,B,4,,john@varmahuset.se,+46858350053,,,,Mitsubishi,Auktoriserad ME,Mitsubishi,,SE3; Järfälla/Trosa; tyst ME = luft/vatten
,Upplands Kyl & Värme AB,Uppsala,SE3,B,4,,info@upplandskylovarme.se,+46184444040,,,,Mitsubishi,Auktoriserad ME,Mitsubishi,,SE3; Uppsala
,Allklimat Fastigheter AB,Upplands Väsby,SE3,B,4,,info@allklimat.se,0851496250,,,,Mitsubishi,Auktoriserad ME,Mitsubishi,,SE3; Sthlm-region; bergvärme-specialist (Geodan)
,Din värmepump Gotland AB,Visby,SE3,B,4,,info@dinvarmepump.se,0498241129,,,,Mitsubishi,Auktoriserad ME,Mitsubishi,,SE3; Gotland; ej topprioritet
,Martin Palmqvist VVS,Fagersta,SE3,B,,Per Per Martin Palmqvist,offert@palmqvistvvs.se,022316110,https://www.bad-varme.se/ort/fagersta/,6,,Bad & Värme,Bad & Värme,Bad & Värme,aukt. VP-märke,
,VVS-Service i Knislinge,Hanaskog,SE3,B,,Carl Carl Oskar Roger Nordström,oskar@savvs.se,044–61411,https://www.bad-varme.se/ort/hanaskog/,14,,Bad & Värme,Bad & Värme,Bad & Värme,aukt. VP-märke,
,Hova Rörledningsaffär,Hova,SE3,B,,Anna Anna Ingeborg Danielsson,info@hovaror.com,050630795,https://www.bad-varme.se/ort/hova/,47,,Bad & Värme,Bad & Värme,Bad & Värme,VVS/värme,
,Service & Fastighet i Skåne,Hörby,SE3,B,,Jacob Jacob Killian Grubits,sofror.og@gmail.com,0707128734,https://www.bad-varme.se/ort/horby/,46,,Bad & Värme,Bad & Värme,Bad & Värme,VVS/värme,
,Bad & Värme i Laholm,Laholm,SE3,B,,Peter Peter Willhelm Johansson,butik.laholm@bad-varme.se,043010000(09:00–16:00),https://www.bad-varme.se/ort/laholm/,79,,Bad & Värme,Bad & Värme,Bad & Värme,VVS/värme,
,Installationsgruppen,Sälen,SE3,B,,Anders Anders Erik Valter Karlsson,badovarme@installationsgruppen.com,028020775,https://www.bad-varme.se/ort/salen/,43,,Bad & Värme,Bad & Värme,Bad & Värme,VVS/värme,
,Installationgruppen Bohuslän,Uddevalla,SE3,B,,Anders Anders Erik Valter Karlsson,info@instgruppen.se,0104520840,https://www.bad-varme.se/ort/uddevalla/,43,,Bad & Värme,Bad & Värme,Bad & Värme,VVS/värme,
,Idala Rörtjänst,Veberöd,SE3,B,,Patrik Patrik Sven Åke Andersson,info@idalaror.se,04650098,https://www.bad-varme.se/ort/veberod/,9,,Bad & Värme,Bad & Värme,Bad & Värme,aukt. VP-märke,
,Gnosjö Rörledningsaffär,Gnosjö,SE3,B,,Erik Erik Anders Sveningsson,info@gnosjoror.se,0370332290,https://www.bad-varme.se/ort/gnosjo/,22,,Bad & Värme,Bad & Värme,Bad & Värme,VVS/värme,
,ManTor,Jönköping,SE3,B,,Martin Martin Vincent Schildt,info@mantor.se,0103300560,https://www.bad-varme.se/ort/jonkoping/,18,,Bad & Värme,Bad & Värme,Bad & Värme,VVS/värme,
,NM Rör AB,Norrtälje,SE3,B,,Lennart Lennart Niklas Ragnarsson,info@nmror.se,0176224700,https://www.bad-varme.se/ort/norrtalje/,18,,Bad & Värme,Bad & Värme,Bad & Värme,VVS/värme,
,Forsmans VVS,Skogås,SE3,B,,Fredrik Fredrik King Richard L Forsman,order@forsmansvvs.se,087708500,https://www.bad-varme.se/ort/vendelso/,31,,Bad & Värme,Bad & Värme,Bad & Värme,VVS/värme,
,Bad & Värme Tingsryd,Tingsryd,SE3,B,,Ulf Ulf Anders Vilhelm Sjöström,tingsryd@bad-varme.se,047713050,https://www.bad-varme.se/ort/tingsryd/,16,,Bad & Värme,Bad & Värme,Bad & Värme,VVS/värme,
,Nya Rörbolaget,Västerås,SE3,B,,Clas-Göran Clas-Göran Israelsson,vasteras@bad-varme.se,021380430,https://www.bad-varme.se/ort/vasteras/,20,,Bad & Värme,Bad & Värme,Bad & Värme,VVS/värme,
,Djupedals Rör Kvänum,Kvänum,SE3,B,,Johan Johan Niklas Efraimsson,info@djupedalsror.se,051292100,https://www.bad-varme.se/ort/kvanum-djupedal/,132,,Bad & Värme,Bad & Värme,Bad & Värme,VVS/värme,
,Radiator VVS,Ludvika,SE3,B,,Andreas Andreas Lars Erik Bogren,ludvika@bad-varme.se,024013565,https://www.bad-varme.se/ort/ludvika/,470,,Bad & Värme,Bad & Värme,Bad & Värme,VVS/värme,
,RSAB Rörservice,Arvika,SE3,B,,Stefan Stefan Joachim Per-Håkan Nordin,info@rs-ab.com,057080803,https://www.bad-varme.se/ort/arvika/,7,,Bad & Värme,Bad & Värme,Bad & Värme,aukt. VP-märke,
,Ekenäs Rör AB,Ekenässjön,SE3,B,,Klas Klas Fredrik Liljegren,info@ekenasror.se,038334780,https://www.bad-varme.se/ort/vetlanda/,7,,Bad & Värme,Bad & Värme,Bad & Värme,aukt. VP-märke,
,Rörfixarna i Hjo,Hjo,SE3,B,,Stefan Stefan Gunnar Joakim Alexandersson,hjo@bad-varme.se,050312222,https://www.bad-varme.se/ort/hjo/,15,,Bad & Värme,Bad & Värme,Bad & Värme,VVS/värme,
,Söders Olja & Rör,Rottne,SE3,B,,Niklas Niklas Magnus Johansson,niklas@sodersror.se,047092550,https://www.bad-varme.se/ort/rottne/,14,,Bad & Värme,Bad & Värme,Bad & Värme,VVS/värme,
,Rörfixarna i Hjo AB,Tibro,SE3,B,,Stefan Stefan Gunnar Joakim Alexandersson,tibro@bad-varme.se,050412988,https://www.bad-varme.se/ort/tibro/,15,,Bad & Värme,Bad & Värme,Bad & Värme,VVS/värme,
,Janne Carlson Rör,Vålberg/Karlstad,SE3,B,,Hans Hans Erik Karlsson,herman.karlsson@nor-schakt.se,054547180,https://www.bad-varme.se/ort/karlstad-jc/,9,,Bad & Värme,Bad & Värme,Bad & Värme,aukt. VP-märke,
,Bad & Värme Årjäng,Årjäng,SE3,B,,Henrik Henrik Torbjörn Hedefur,henrik@kakelbutikenab.se,057310003,https://www.bad-varme.se/ort/arjang/,14,,Bad & Värme,Bad & Värme,Bad & Värme,aukt. VP-märke,
,TermoRör,Botkyrka/Tumba,SE3,B,,Kent Kent Magnus Johansson,service@termoror.se,0851819010,https://www.bad-varme.se/ort/tumba/,23,,Bad & Värme,Bad & Värme,Bad & Värme,VVS/värme,
,Bad & Värme i Norrköping/Kolmården,Norrköping/Kolmården,SE3,B,,Martin Martin Karl Bernhard Calderon,order@hertzmansvvs.se,01169663,https://www.bad-varme.se/ort/norrkoping-kolmarden/,22,,Bad & Värme,Bad & Värme,Bad & Värme,VVS/värme,
,Enwell AB (Dalarna),Falun / Mora,SE2,B,8,Michael Gozzi,dalarna@enwell.se,02328341,,,,"IVT, NIBE",IVT Center,Enwell,SE2-zon ger lägre elprisargument — pitcha på solsurplus + komfort,Enwell-kedja (Vattenfall). Centralt avtal rekommenderas.
556998-4395,BorrEnergi Sweden AB,Ludvika,SE2,B,7,ej hittat,info@borrenergi.se,024080900,borrenergi.se,7,7900,Bosch,Bosch Climate Partner,Bosch,19,
556908-1341,Malms Rör i Sundsvall AB,Sundsvall,SE2,B,7,Stefan Malm,stefan@malmsror.se,0702788588,,4,9688,Bosch,Bosch Climate Partner,Bosch,21,
556881-6747,Blombergs VVS AB,Östersund,SE2,B,6,ej hittat,blomberg70@hotmail.com,ejhittat,blombergsvvs.nu,1,2098,Bosch,Bosch Climate Partner,Bosch,20,
,A. Wiklund Vvs,Stugun,SE2,B,4,,,,,,,NIBE,installator,NIBE,,
,A.J.Ws Lift,Rorteknik Ab  Sundsvall,SE2,B,4,,,,,,,NIBE,installator,NIBE,,
,Ake Lindkvist Ror Ab,Mora,SE2,B,4,,,,,,,NIBE,installator,NIBE,,
,Alno Vvs Ab,Alno,SE2,B,4,,,,,,,NIBE,installator,NIBE,,
,Andersson Jan Olof Peter,Gallo,SE2,B,4,,,,,,,NIBE,installator,NIBE,,
,Are Rorteam Ab,Undersaker,SE2,B,4,,,,,,,NIBE,installator,NIBE,,
,Bergvarme Ab,Timra,SE2,B,4,,,,,,,NIBE,installator,NIBE,,
,Bgs Kyl,Varmeservice Ab  Matfors,SE2,B,4,,,,,,,NIBE,installator,NIBE,,
,Borlange Vvs Ab,Borlange,SE2,B,4,,,,,,,NIBE,installator,NIBE,,
,Bruksvallens Ror Ab,Bruksvallarna,SE2,B,4,,,,,,,NIBE,installator,NIBE,,
,Dala Ror Ab,Falun,SE2,B,4,,,,,,,NIBE,installator,NIBE,,
,Dalarnas Ror Ab,Avesta,SE2,B,4,,,,,,,NIBE,installator,NIBE,,
,Daldala Ab,Ljusnarsberg,SE2,B,4,,,,,,,NIBE,installator,NIBE,,
,Dalmarken Ror Ab,Rattvik,SE2,B,4,,,,,,,NIBE,installator,NIBE,,
,Djupa Ror Ab,Djuras,SE2,B,4,,,,,,,NIBE,installator,NIBE,,
,Elite Energi Ab,Sundsvall,SE2,B,4,,,,,,,NIBE,installator,NIBE,,
,Expert Rad Vvs Ab,Gavle,SE2,B,4,,,,,,,NIBE,installator,NIBE,,
,Fagerlids Vvs Ab,Leksand,SE2,B,4,,,,,,,NIBE,installator,NIBE,,
,Falun Varme Ab,Falun,SE2,B,4,,,,,,,NIBE,installator,NIBE,,
,Faluns Rorservice Ab,Falun,SE2,B,4,,,,,,,NIBE,installator,NIBE,,
,Frosunda Ror Ab,Harnosand,SE2,B,4,,,,,,,NIBE,installator,NIBE,,
,Gavle Ror Ab,Gavle,SE2,B,4,,,,,,,NIBE,installator,NIBE,,
,Hedemoras Ror Ab,Hedemora,SE2,B,4,,,,,,,NIBE,installator,NIBE,,
,Helgums Ror,Ventilation Ab  Helgum,SE2,B,4,,,,,,,NIBE,installator,NIBE,,
,Hogbergs Ror,Ventilation Ab  Leksand,SE2,B,4,,,,,,,NIBE,installator,NIBE,,
,Hogstens Rorservice Ab,Hogsten,SE2,B,4,,,,,,,NIBE,installator,NIBE,,
,Hohanssons Ror Ab,Fagersta,SE2,B,4,,,,,,,NIBE,installator,NIBE,,
,Hosjo Ror Ab,Ostersund,SE2,B,4,,,,,,,NIBE,installator,NIBE,,
,Hudiksvalls Rorservice Ab,Hudiksvall,SE2,B,4,,,,,,,NIBE,installator,NIBE,,
,Indals Vvs Ab,Indal,SE2,B,4,,,,,,,NIBE,installator,NIBE,,
,J E Rorinstallationer Ab,Soderhamn,SE2,B,4,,,,,,,NIBE,installator,NIBE,,
,J J Rorservice Ab,Ockelbo,SE2,B,4,,,,,,,NIBE,installator,NIBE,,
,Larssons Vvs Ab,Nusnas,SE2,B,4,,,,,,,NIBE,installator,NIBE,,
,Ljusne Ror Ab,Ljusne,SE2,B,4,,,,,,,NIBE,installator,NIBE,,
,Malungs Ror Ab,Malung,SE2,B,4,,,,,,,NIBE,installator,NIBE,,
,Masen Ror Ab,Ornskoldsvik,SE2,B,4,,,,,,,NIBE,installator,NIBE,,
,Melander Ror Ab,Borlange,SE2,B,4,,,,,,,NIBE,installator,NIBE,,
,Morkoms Vvs Ab,Sveg,SE2,B,4,,,,,,,NIBE,installator,NIBE,,
,Nibe Partner Granens Ror Ab,Ornskoldsvik,SE2,B,4,,,,,,,NIBE,installator,NIBE,,
,Nibe Partner John Eklund Borrning Ab,Ornskoldsvik,SE2,B,4,,,,,,,NIBE,installator,NIBE,,
,Nibe Partner Lindgrens Ror Ab,Kramfors,SE2,B,4,,,,,,,NIBE,installator,NIBE,,
,Nibe Partner Nordkust Ror Och Vvs Ab,Sundsvall,SE2,B,4,,,,,,,NIBE,installator,NIBE,,
,Nibe Partner Sandsvikens Ror Ab,Sandviken,SE2,B,4,,,,,,,NIBE,installator,NIBE,,
,Nibe Partner Vasternorrlands Bergvarmepumpar Ab,Harnosand,SE2,B,4,,,,,,,NIBE,installator,NIBE,,
,Nibe Partner Vattenfall Heat Pump Service Ab,Borlange,SE2,B,4,,,,,,,NIBE,installator,NIBE,,
,Nibe Partner Vattenfall Heat Pump Service Ab,Falun,SE2,B,4,,,,,,,NIBE,installator,NIBE,,
,Nordvik Vvs Ab,Harnosand,SE2,B,4,,,,,,,NIBE,installator,NIBE,,
,Norra Dalarnas Ror Ab,Orsa,SE2,B,4,,,,,,,NIBE,installator,NIBE,,
,Orsa Ror Ab,Orsa,SE2,B,4,,,,,,,NIBE,installator,NIBE,,
,Rattviks Ror Ab,Rattvik,SE2,B,4,,,,,,,NIBE,installator,NIBE,,
,Ror Service Dala Ab,Sala,SE2,B,4,,,,,,,NIBE,installator,NIBE,,
,Rorstrom Ab,Borlange,SE2,B,4,,,,,,,NIBE,installator,NIBE,,
,Sala Rorservice Ab,Sala,SE2,B,4,,,,,,,NIBE,installator,NIBE,,
,Sandvikens Ror Ab,Sandviken,SE2,B,4,,,,,,,NIBE,installator,NIBE,,
,Soderbloms Ror Ab,Gavle,SE2,B,4,,,,,,,NIBE,installator,NIBE,,
,Sorens Ror,Stode,SE2,B,4,,,,,,,NIBE,installator,NIBE,,
,Stenstans Varme,Sanitet  Sundsvall,SE2,B,4,,,,,,,NIBE,installator,NIBE,,
,Stora Skedvi Ror Ab,Stora Skedvi,SE2,B,4,,,,,,,NIBE,installator,NIBE,,
,Tinbak Ab,Hammerdal,SE2,B,4,,,,,,,NIBE,installator,NIBE,,
,Vattenhuset Ab,Borlange,SE2,B,4,,,,,,,NIBE,installator,NIBE,,
,Vvs Installatoren I Gavle Ab,Gavle,SE2,B,4,,,,,,,NIBE,installator,NIBE,,
,Vvs Teknik I Jamtland Ab,Stenstavik,SE2,B,4,,,,,,,NIBE,installator,NIBE,,
,Vvs Tjanst I Falun Ab,Falun,SE2,B,4,,,,,,,NIBE,installator,NIBE,,
,Rex Rör & Värmepumpsteknik AB,Sundsvall,SE2,B,4,,,060554700,,,,IVT,IVT Center,IVT,SE2 + IVT Center; No1 service,
,Värmepumpcenter i Gävle AB,Gävle,SE2,B,4,,,026142901,,,,IVT,IVT Center,IVT,SE2 + IVT Center,
,IVT Center/Falun,Falun,SE2,B,4,,,02328341,,,,IVT,IVT Center,IVT,SE2 + IVT Center,
,Eklunds Mora,Mora,SE2,B,,Anders Anders Stefan Eklund,info@eklundsmora.se,0250–585000,https://www.bad-varme.se/ort/mora/,37,,Bad & Värme,Bad & Värme,Bad & Värme,aukt. VP-märke,
,Bryngels,Sundsvall,SE2,B,,Per Per Mattias Norberg,vvs.sundsvall@bryngels.se,060668855,https://www.bad-varme.se/ort/sundsvall/,25,,Bad & Värme,Bad & Värme,Bad & Värme,aukt. VP-märke,
,Installationsgruppen,Malung,SE2,B,,Anders Anders Erik Valter Karlsson,badovarme@installationsgruppen.com,028013075,https://www.bad-varme.se/ort/malung/,43,,Bad & Värme,Bad & Värme,Bad & Värme,VVS/värme,
,Söderbloms Rör,Gävle,SE2,B,,Johan Johan Patrik Karlsson,info@soderblomsror.se,026601010,https://www.bad-varme.se/ort/gavle/,16,,Bad & Värme,Bad & Värme,Bad & Värme,VVS/värme,
,Bryngels,Hudiksvall,SE2,B,,Per Per Mattias Norberg,vvs.hudiksvall@bryngels.se,065010790,https://www.bad-varme.se/ort/hudiksvall/,25,,Bad & Värme,Bad & Värme,Bad & Värme,VVS/värme,
556891-0961,Hortlax Rör AB,Piteå,SE1,B,6,Johan Eriksson,ej hittat,ejhittat,,6,10463,Bosch,Bosch Climate Partner,Bosch,22,
,Dalarnas VVS & Värmeteknik AB,Ludvika,SE2,C,3,,Info@dvvab.se,+46240406021,,,,Mitsubishi,Auktoriserad ME,Mitsubishi,,SE2; Dalarna; lägre prioritet
,Värme & Kylteknik i Jämtland AB,Östersund,SE2,C,3,,info@varmekyl.se,+466321271,,,,Mitsubishi,Auktoriserad ME,Mitsubishi,,SE2; Östersund
,Gustafssons Rör i Sundsvall AB,Umeå,SE1,C,2,,,,,,,IVT,Standard,IVT,SE1; låg prioritet,
,Jäders Värme i Umeå,Umeå,SE1,C,2,,,,,,,IVT,Standard,IVT,SE1,
,Norrlandsexperten,Umeå,SE1,C,2,,,,,,,IVT,Standard,IVT,SE1,
,Umeå Tvätt & Värmepumpsservice AB,Umeå,SE1,C,2,,,,,,,IVT,Standard,IVT,SE1,
,Teknisk Fastighetsservice Umeå,Umeå,SE1,C,2,,info@tfservice.se,090122600,,,,Daikin,Auktoriserad Daikin,Daikin,,SE1; Umeå; luft/vatten + berg men låg elzonavkastning
,Kiruna Kyla & Värme AB,Kiruna,SE1,C,2,,erik.nygren@kkvab.se,+4698016080,,,,Mitsubishi,Auktoriserad ME,Mitsubishi,,SE1; Kiruna; lägst prioritet
