company_name,city,postal_code,elzon,partner_type,cert_level,score,tier,phone,email,website,source_url
4T Energy Consulting Ab,Hollviken,236 32,SE4,installator,Installatör,6,A,,,,https://www.nibe.eu/sv-se/partner/4t-energy-consulting-ab--hollviken-23632-installator
Akerbo Vvs Ab,Lottorp,387 72,SE4,installator,Installatör,6,A,,,,https://www.nibe.eu/sv-se/partner/akerbo-vvs-ab--lottorp-38772-installator
Am Villabutiken Ab,Limhamn,216 16,SE4,installator,Installatör,6,A,,,,https://www.nibe.eu/sv-se/partner/am-villabutiken-ab--limhamn-21616-installator
Anderssons Rorinstallationer Ab Sture,Ystad,271 39,SE4,installator,Installatör,6,A,,,,https://www.nibe.eu/sv-se/partner/anderssons-rorinstallationer-ab-sture--ystad-27139-installator
Assemblin Vs Ab,Kristianstad,291 59,SE4,installator,Installatör,6,A,,,,https://www.nibe.eu/sv-se/partner/assemblin-vs-ab--kristianstad-29159-installator
Assemblin Vs Ab,Ronneby,372 22,SE4,installator,Installatör,6,A,,,,https://www.nibe.eu/sv-se/partner/assemblin-vs-ab--ronneby-37222-installator
Assemblin Vs Ab,Trelleborg,231 62,SE4,installator,Installatör,6,A,,,,https://www.nibe.eu/sv-se/partner/assemblin-vs-ab--trelleborg-23162-installator
Backaryds Vvs Ab,Backaryd,372 96,SE4,installator,Installatör,6,A,,,,https://www.nibe.eu/sv-se/partner/backaryds-vvs-ab--backaryd-37296-installator
Benor Solar Ab,Vaxjo,352 44,SE4,installator,Installatör,6,A,,,,https://www.nibe.eu/sv-se/partner/benor-solar-ab--vaxjo-35244-installator
Blekinge Rortjanst Ab,Ronneby,372 37,SE4,installator,Installatör,6,A,,,,https://www.nibe.eu/sv-se/partner/blekinge-rortjanst-ab--ronneby-37237-installator
Blekinge Varmeservice Ab,Asarum,374 92,SE4,installator,Installatör,6,A,,,,https://www.nibe.eu/sv-se/partner/blekinge-varmeservice-ab--asarum-37492-installator
Bo Gustavssons Ror Ab,Ljungbyhed,268 77,SE4,installator,Installatör,6,A,,,,https://www.nibe.eu/sv-se/partner/bo-gustavssons-ror-ab--ljungbyhed-26877-installator
Bunkeflo Ror Ab,Vellinge,235 32,SE4,installator,Installatör,6,A,,,,https://www.nibe.eu/sv-se/partner/bunkeflo-ror-ab--vellinge-23532-installator
Ekerums Ror Ab,Borgholm,387 95,SE4,installator,Installatör,6,A,,,,https://www.nibe.eu/sv-se/partner/ekerums-ror-ab--borgholm-38795-installator
Elan El,Vvs Ab  Ystad,271 39,SE4,installator,Installatör,6,A,,,,https://www.nibe.eu/sv-se/partner/elan-el--vvs-ab--ystad-27139-installator
Elan El,Vvs Ab  Simrishamn,272 36,SE4,installator,Installatör,6,A,,,,https://www.nibe.eu/sv-se/partner/elan-el--vvs-ab--simrishamn-27236-installator
Eorb Ab,Ljungby,341 32,SE4,installator,Installatör,6,A,,,,https://www.nibe.eu/sv-se/partner/eorb-ab--ljungby-34132-installator
Espinge El,Vvs Ab  Osby,283 30,SE4,installator,Installatör,6,A,,,,https://www.nibe.eu/sv-se/partner/espinge-el--vvs-ab--osby-28330-installator
Hassleholms Rorservice Ab,Hassleholm,281 33,SE4,installator,Installatör,6,A,,,,https://www.nibe.eu/sv-se/partner/hassleholms-rorservice-ab--hassleholm-28133-installator
J Thompsons Vvs Ab,Tingsryd,362 42,SE4,installator,Installatör,6,A,,,,https://www.nibe.eu/sv-se/partner/j-thompsons-vvs-ab--tingsryd-36242-installator
Jannes Vvs Ab,Hoor,243 33,SE4,installator,Installatör,6,A,,,,https://www.nibe.eu/sv-se/partner/jannes-vvs-ab--hoor-24333-installator
K G Johanssons Ror Ab,Nyhro,389 75,SE4,installator,Installatör,6,A,,,,https://www.nibe.eu/sv-se/partner/k-g-johanssons-ror-ab--nyhro-38975-installator
Karlshamns Vvs Ab,Karlshamn,374 32,SE4,installator,Installatör,6,A,,,,https://www.nibe.eu/sv-se/partner/karlshamns-vvs-ab--karlshamn-37432-installator
Lakerols Ror Ab,Kolboda,370 40,SE4,installator,Installatör,6,A,,,,https://www.nibe.eu/sv-se/partner/lakerols-ror-ab--kolboda-37040-installator
Linero Ror Ab,Lund,223 67,SE4,installator,Installatör,6,A,,,,https://www.nibe.eu/sv-se/partner/linero-ror-ab--lund-22367-installator
M A Bergstrom Vvs Ab,Ljungby,341 32,SE4,installator,Installatör,6,A,,,,https://www.nibe.eu/sv-se/partner/m-a-bergstrom-vvs-ab--ljungby-34132-installator
Magle Ror Ab,Kavlinge,243 62,SE4,installator,Installatör,6,A,,,,https://www.nibe.eu/sv-se/partner/magle-ror-ab--kavlinge-24362-installator
Maglehems Ror Ab,Kristianstad,291 94,SE4,installator,Installatör,6,A,,,,https://www.nibe.eu/sv-se/partner/maglehems-ror-ab--kristianstad-29194-installator
Mellstroms Ror Ab,Hoganas,263 91,SE4,installator,Installatör,6,A,,,,https://www.nibe.eu/sv-se/partner/mellstroms-ror-ab--hoganas-26391-installator
Mns Ror,Energi Ab  Sodra Sandby,247 92,SE4,installator,Installatör,6,A,,,,https://www.nibe.eu/sv-se/partner/mns-ror--energi-ab--sodra-sandby-24792-installator
Ny Rorservice Ab,Ekeby,242 32,SE4,installator,Installatör,6,A,,,,https://www.nibe.eu/sv-se/partner/ny-rorservice-ab--ekeby-24232-installator
Nybro Vvs Ab,Nybro,382 31,SE4,installator,Installatör,6,A,,,,https://www.nibe.eu/sv-se/partner/nybro-vvs-ab--nybro-38231-installator
O Lindqvists Ror Ab,Hassleholm,281 33,SE4,installator,Installatör,6,A,,,,https://www.nibe.eu/sv-se/partner/o-lindqvists-ror-ab--hassleholm-28133-installator
Osby Rorservice Ab,Osby,283 22,SE4,installator,Installatör,6,A,,,,https://www.nibe.eu/sv-se/partner/osby-rorservice-ab--osby-28322-installator
Osterlens Rorinstallationer Ab,Simrishamn,272 33,SE4,installator,Installatör,6,A,,,,https://www.nibe.eu/sv-se/partner/osterlens-rorinstallationer-ab--simrishamn-27233-installator
Per Johanssons Vvs,Eslov,241 31,SE4,installator,Installatör,6,A,,,,https://www.nibe.eu/sv-se/partner/per-johanssons-vvs--eslov-24131-installator
Polhems Ror Ab,Horby,242 37,SE4,installator,Installatör,6,A,,,,https://www.nibe.eu/sv-se/partner/polhems-ror-ab--horby-24237-installator
R H Vvs Ab,Malmo,211 37,SE4,installator,Installatör,6,A,,,,https://www.nibe.eu/sv-se/partner/r-h-vvs-ab--malmo-21137-installator
Rokestads Ror,Kyla Ab  Eslov,241 31,SE4,installator,Installatör,6,A,,,,https://www.nibe.eu/sv-se/partner/rokestads-ror--kyla-ab--eslov-24131-installator
Ronnebyortens El,Vvs Ab  Ronneby,372 32,SE4,installator,Installatör,6,A,,,,https://www.nibe.eu/sv-se/partner/ronnebyortens-el--vvs-ab--ronneby-37232-installator
Rorbolaget I Malmo Ab,Malmo,211 37,SE4,installator,Installatör,6,A,,,,https://www.nibe.eu/sv-se/partner/rorbolaget-i-malmo-ab--malmo-21137-installator
Sa Rorinstallation Ab,Hoganas,263 91,SE4,installator,Installatör,6,A,,,,https://www.nibe.eu/sv-se/partner/sa-rorinstallation-ab--hoganas-26391-installator
Simrishamns Ror Ab,Simrishamn,272 33,SE4,installator,Installatör,6,A,,,,https://www.nibe.eu/sv-se/partner/simrishamns-ror-ab--simrishamn-27233-installator
Soback Rorinstallation Ab,Svalov,268 74,SE4,installator,Installatör,6,A,,,,https://www.nibe.eu/sv-se/partner/soback-rorinstallation-ab--svalov-26874-installator
Soderakra Vvs Ab,Soderakra,385 97,SE4,installator,Installatör,6,A,,,,https://www.nibe.eu/sv-se/partner/soderakra-vvs-ab--soderakra-38597-installator
Stensborg Vvs Ab,Fagelmara,373 78,SE4,installator,Installatör,6,A,,,,https://www.nibe.eu/sv-se/partner/stensborg-vvs-ab--fagelmara-37378-installator
Sturko Jamjo Ror Och Varmeinstallationer Ab,Jamjo,373 72,SE4,installator,Installatör,6,A,,,,https://www.nibe.eu/sv-se/partner/sturko-jamjo-ror-och-varmeinstallationer-ab--jamjo-37372-installator
Termoklimat Skane Ab,Svedala,233 51,SE4,installator,Installatör,6,A,,,,https://www.nibe.eu/sv-se/partner/termoklimat-skane-ab--svedala-23351-installator
Thimsfors Vvs Ab,Bastad,269 42,SE4,installator,Installatör,6,A,,,,https://www.nibe.eu/sv-se/partner/thimsfors-vvs-ab--bastad-26942-installator
Thimsfors Vvs Ab,Almhult,343 34,SE4,installator,Installatör,6,A,,,,https://www.nibe.eu/sv-se/partner/thimsfors-vvs-ab--almhult-34334-installator
Tim Svenssons Ror Ab,Alvesta,342 32,SE4,installator,Installatör,6,A,,,,https://www.nibe.eu/sv-se/partner/tim-svenssons-ror-ab--alvesta-34232-installator
Trelleborgs Rorservice Ab,Trelleborg,231 63,SE4,installator,Installatör,6,A,,,,https://www.nibe.eu/sv-se/partner/trelleborgs-rorservice-ab--trelleborg-23163-installator
Tuvessons Vvs Ab,Billinge,241 95,SE4,installator,Installatör,6,A,,,,https://www.nibe.eu/sv-se/partner/tuvessons-vvs-ab--billinge-24195-installator
Varmepumpsbolaget I Kristianstad Ab,Kristianstad,291 94,SE4,installator,Installatör,6,A,,,,https://www.nibe.eu/sv-se/partner/varmepumpsbolaget-i-kristianstad-ab--kristianstad-29194-installator
Varmia Syd Ab,Harslov,261 92,SE4,installator,Installatör,6,A,,,,https://www.nibe.eu/sv-se/partner/varmia-syd-ab--harslov-26192-installator
Varmitek Energisystem Ab,Helsingborg,254 67,SE4,installator,Installatör,6,A,,,,https://www.nibe.eu/sv-se/partner/varmitek-energisystem-ab--helsingborg-25467-installator
Vvs Cirkeln I Lund Ab,Staffanstorp,245 93,SE4,installator,Installatör,6,A,,,,https://www.nibe.eu/sv-se/partner/vvs-cirkeln-i-lund-ab--staffanstorp-24593-installator
Vvs Svepet Ab,Loddekopinge,246 31,SE4,installator,Installatör,6,A,,,,https://www.nibe.eu/sv-se/partner/vvs-svepet-ab--loddekopinge-24631-installator
Vvs Teknik Kristianstad Ab,Kristianstad,291 94,SE4,installator,Installatör,6,A,,,,https://www.nibe.eu/sv-se/partner/vvs-teknik-kristianstad-ab--kristianstad-29194-installator
Vvs Tjanst I Gualov Ab,Gualov,295 72,SE4,installator,Installatör,6,A,,,,https://www.nibe.eu/sv-se/partner/vvs-tjanst-i-gualov-ab--gualov-29572-installator
Vvs Tjanst I Solvesborg Ab,Solvesborg,294 71,SE4,installator,Installatör,6,A,,,,https://www.nibe.eu/sv-se/partner/vvs-tjanst-i-solvesborg-ab--solvesborg-29471-installator
Vvsarn I Blekinge Ab,Svangsta,376 92,SE4,installator,Installatör,6,A,,,,https://www.nibe.eu/sv-se/partner/vvsarn-i-blekinge-ab--svangsta-37692-installator
Wickmans Ror,Vellinge,235 32,SE4,installator,Installatör,6,A,,,,https://www.nibe.eu/sv-se/partner/wickmans-ror--vellinge-23532-installator
Widerbergs Ror,Garsnas,272 61,SE4,installator,Installatör,6,A,,,,https://www.nibe.eu/sv-se/partner/widerbergs-ror--garsnas-27261-installator
A J Thermopump Ab,Bankeryd,564 91,SE3,installator,Installatör,5,B,,,,https://www.nibe.eu/sv-se/partner/a-j-thermopump-ab--bankeryd-56491-installator
Aa Kyl,Energiteknik Ab  Savsjo,576 33,SE3,installator,Installatör,5,B,,,,https://www.nibe.eu/sv-se/partner/aa-kyl--energiteknik-ab--savsjo-57633-installator
Ab Boras Rorinstallationer,Boras,504 46,SE3,installator,Installatör,5,B,,,,https://www.nibe.eu/sv-se/partner/ab-boras-rorinstallationer--boras-50446-installator
Abk Vvs Installation,Kungsbacka,434 37,SE3,installator,Installatör,5,B,,,,https://www.nibe.eu/sv-se/partner/abk-vvs-installation--kungsbacka-43437-installator
Adtec Vvs I Kalmar Ab,Kalmar,393 51,SE3,installator,Installatör,5,B,,,,https://www.nibe.eu/sv-se/partner/adtec-vvs-i-kalmar-ab--kalmar-39351-installator
Ag Rorteknik Ab,Gislaved,332 36,SE3,installator,Installatör,5,B,,,,https://www.nibe.eu/sv-se/partner/ag-rorteknik-ab--gislaved-33236-installator
Agesta Vvs,Huddinge,141 37,SE3,installator,Installatör,5,B,,,,https://www.nibe.eu/sv-se/partner/agesta-vvs-service--huddinge-14137-installator
Agge,Oskars Ror Ab  Aneby,578 92,SE3,installator,Installatör,5,B,,,,https://www.nibe.eu/sv-se/partner/agge--oskars-ror-ab--aneby-57892-installator
Akessons Rorteknik Ab,Vislanda,342 50,SE3,installator,Installatör,5,B,,,,https://www.nibe.eu/sv-se/partner/akessons-rorteknik-ab--vislanda-34250-installator
Almgren Karlsam Vvs Ab,Trollhattan,461 38,SE3,installator,Installatör,5,B,,,,https://www.nibe.eu/sv-se/partner/almgren-karlsam-vvs-ab--trollhattan-46138-installator
Alstermo Vvs Ab,Alstermo,364 43,SE3,installator,Installatör,5,B,,,,https://www.nibe.eu/sv-se/partner/alstermo-vvs-ab--alstermo-36443-installator
Alvsborgs Vvs Hindas Lerum Ab,Hindas,438 53,SE3,installator,Installatör,5,B,,,,https://www.nibe.eu/sv-se/partner/alvsborgs-vvs-hindas-lerum-ab--hindas-43853-installator
Anders Johanssons Vvs,Energiteknik Ab  Ankarsrum,593 70,SE3,installator,Installatör,5,B,,,,https://www.nibe.eu/sv-se/partner/anders-johanssons-vvs--energiteknik-ab--ankarsrum-59370-installator
Anderssons Vvs Ab,Anderstorp,334 31,SE3,installator,Installatör,5,B,,,,https://www.nibe.eu/sv-se/partner/anderssons-vvs-ab--anderstorp-33431-installator
Angby Ror Ab,Saltsjo Boo,132 38,SE3,installator,Installatör,5,B,,,,https://www.nibe.eu/sv-se/partner/angby-ror-ab--saltsjo-boo-13238-installator
Anton O Simons Vvs Ab,Falkenberg,311 32,SE3,installator,Installatör,5,B,,,,https://www.nibe.eu/sv-se/partner/anton-o-simons-vvs-ab--falkenberg-31132-installator
Arboga Rorservice Ab,Arboga,732 31,SE3,installator,Installatör,5,B,,,,https://www.nibe.eu/sv-se/partner/arboga-rorservice-ab--arboga-73231-installator
Arons Vvs Ab,Veddige,432 66,SE3,installator,Installatör,5,B,,,,https://www.nibe.eu/sv-se/partner/arons-vvs-ab--veddige-43266-installator
Ascy Ror,Industri Ab  Hagfors,683 33,SE3,installator,Installatör,5,B,,,,https://www.nibe.eu/sv-se/partner/ascy-ror--industri-ab--hagfors-68333-installator
Askersunds Brunnsborrning Ab,Askersund,696 91,SE3,installator,Installatör,5,B,,,,https://www.nibe.eu/sv-se/partner/askersunds-brunnsborrning-ab--askersund-69691-installator
Axelssons Rorservice,Ydre,570 60,SE3,installator,Installatör,5,B,,,,https://www.nibe.eu/sv-se/partner/axelssons-rorservice--ydre-57060-installator
B. Berghs Olje,Pannservice Hb  Vendelso,136 68,SE3,installator,Installatör,5,B,,,,https://www.nibe.eu/sv-se/partner/b.-berghs-olje--pannservice-hb--vendelso-13668-installator
Bad,Varme Stromstad  Stromstad,452 33,SE3,installator,Installatör,5,B,,,,https://www.nibe.eu/sv-se/partner/bad--varme-stromstad--stromstad-45233-installator
Benor Solar Ab,Vastra Frolunda,421 66,SE3,installator,Installatör,5,B,,,,https://www.nibe.eu/sv-se/partner/benor-solar-ab--vastra-frolunda-42166-installator
Beo Vvs En Del Av Sandbackens Ror,Varberg,432 32,SE3,installator,Installatör,5,B,,,,https://www.nibe.eu/sv-se/partner/beo-vvs-en-del-av-sandbackens-ror--varberg-43232-installator
Bergstrands Vvs Ab,Kungsor,736 32,SE3,installator,Installatör,5,B,,,,https://www.nibe.eu/sv-se/partner/bergstrands-vvs-ab--kungsor-73632-installator
Bergvarme,Ventilation I Stockholm Ab  Jarfalla,175 62,SE3,installator,Installatör,5,B,,,,https://www.nibe.eu/sv-se/partner/bergvarme--ventilation-i-stockholm-ab--jarfalla-17562-installator
Bj Varmemontage Ab,Kvicksund,635 31,SE3,installator,Installatör,5,B,,,,https://www.nibe.eu/sv-se/partner/bj-varmemontage-ab--kvicksund-63531-installator
Blekinge Varmeservice Ab,Asarum,374 92,SE4,service,Service,5,B,,,,https://www.nibe.eu/sv-se/partner/blekinge-varmeservice-ab--asarum-37492-service
Bohuslans Bergvarmepumpar Ab,Kungshamn,456 32,SE3,installator,Installatör,5,B,,,,https://www.nibe.eu/sv-se/partner/bohuslans-bergvarmepumpar-ab--kungshamn-45632-installator
Boken Vvs Ab,Stromsholm,725 81,SE3,installator,Installatör,5,B,,,,https://www.nibe.eu/sv-se/partner/boken-vvs-ab--stromsholm-72581-installator
Boras Varme Ab,Boras,503 70,SE3,installator,Installatör,5,B,,,,https://www.nibe.eu/sv-se/partner/boras-varme-ab--boras-50370-installator
Boras Vvs Ab,Boras,504 60,SE3,installator,Installatör,5,B,,,,https://www.nibe.eu/sv-se/partner/boras-vvs-ab--boras-50460-installator
Branninge Rorservice Ab,Norrtalje,761 40,SE3,installator,Installatör,5,B,,,,https://www.nibe.eu/sv-se/partner/branninge-rorservice-ab--norrtalje-76140-installator
Bredvikens Ror Ab,Varby,142 51,SE3,installator,Installatör,5,B,,,,https://www.nibe.eu/sv-se/partner/bredvikens-ror-ab--varby-14251-installator
Brinnen Ror Ab,Lindas,434 91,SE3,installator,Installatör,5,B,,,,https://www.nibe.eu/sv-se/partner/brinnen-ror-ab--lindas-43491-installator
Brotorps Vvs,Kil,665 30,SE3,installator,Installatör,5,B,,,,https://www.nibe.eu/sv-se/partner/brotorps-vvs--kil-66530-installator
Carlssons Vvs,Brottby,184 94,SE3,installator,Installatör,5,B,,,,https://www.nibe.eu/sv-se/partner/carlssons-vvs--brottby-18494-installator
Christer Lindbloms Ror Ab,Skanninge,595 70,SE3,installator,Installatör,5,B,,,,https://www.nibe.eu/sv-se/partner/christer-lindbloms-ror-ab--skanninge-59570-installator
D J Rorsystem,Kungshamn,456 36,SE3,installator,Installatör,5,B,,,,https://www.nibe.eu/sv-se/partner/d-j-rorsystem--kungshamn-45636-installator
Dalaro Rorservice Ab,Dalarso,139 56,SE3,installator,Installatör,5,B,,,,https://www.nibe.eu/sv-se/partner/dalaro-rorservice-ab--dalarso-13956-installator
Dale Ror Ab,Dals Ed,666 30,SE3,installator,Installatör,5,B,,,,https://www.nibe.eu/sv-se/partner/dale-ror-ab--dals-ed-66630-installator
Dk Ror Ab,Falkenberg,311 95,SE3,installator,Installatör,5,B,,,,https://www.nibe.eu/sv-se/partner/dk-ror-ab--falkenberg-31195-installator
Dk Ror Ab,Halmstad,302 79,SE3,installator,Installatör,5,B,,,,https://www.nibe.eu/sv-se/partner/dk-ror-ab--halmstad-30279-installator
Dr Ror Ab,Gunnebo,578 92,SE3,installator,Installatör,5,B,,,,https://www.nibe.eu/sv-se/partner/dr-ror-ab--gunnebo-57892-installator
E. M. Vvs Ab,Nacka,131 72,SE3,installator,Installatör,5,B,,,,https://www.nibe.eu/sv-se/partner/e.-m.-vvs-ab--nacka-13172-installator
Ea Energi Ab,Upplands Vasby,194 67,SE3,installator,Installatör,5,B,,,,https://www.nibe.eu/sv-se/partner/ea-energi-ab--upplands-vasby-19467-installator
Ea Vvs Installationer Ab,Enkoping,749 91,SE3,installator,Installatör,5,B,,,,https://www.nibe.eu/sv-se/partner/ea-vvs-installationer-ab--enkoping-74991-installator
Ekbloms Rorinstallation Ab,Nassjo,571 73,SE3,installator,Installatör,5,B,,,,https://www.nibe.eu/sv-se/partner/ekbloms-rorinstallation-ab--nassjo-57173-installator
Eklunds Vvs Ab,Oskarshamn,572 37,SE3,installator,Installatör,5,B,,,,https://www.nibe.eu/sv-se/partner/eklunds-vvs-ab--oskarshamn-57237-installator
El,Vvs Vast Ab  Kungsbacka,434 41,SE3,installator,Installatör,5,B,,,,https://www.nibe.eu/sv-se/partner/el--vvs-vast-ab--kungsbacka-43441-installator
Elcon Energi Ab,Katrineholm,641 40,SE3,installator,Installatör,5,B,,,,https://www.nibe.eu/sv-se/partner/elcon-energi-ab--katrineholm-64140-installator
Elektrus Ab,Goteborg,414 67,SE3,installator,Installatör,5,B,,,,https://www.nibe.eu/sv-se/partner/elektrus-ab--goteborg-41467-installator
Emab Energi Ab,Mariestad,542 63,SE3,installator,Installatör,5,B,,,,https://www.nibe.eu/sv-se/partner/emab-energi-ab--mariestad-54263-installator
Emab Energi Ab,Lidkoping,531 63,SE3,installator,Installatör,5,B,,,,https://www.nibe.eu/sv-se/partner/emab-energi-ab--lidkoping-53163-installator
Energi Akuten I Stockholm Ab,Stockholm,115 34,SE3,installator,Installatör,5,B,,,,https://www.nibe.eu/sv-se/partner/energi-akuten-i-stockholm-ab--stockholm-11534-installator
Energieffektiv Ab,Vasteras,722 31,SE3,installator,Installatör,5,B,,,,https://www.nibe.eu/sv-se/partner/energieffektiv-ab--vasteras-72231-installator
Energikompaniet Ab,Gothenburg,418 71,SE3,installator,Installatör,5,B,,,,https://www.nibe.eu/sv-se/partner/energikompaniet-ab--gothenburg-41871-installator
Energipartner I Norden Ab,Solna,169 34,SE3,installator,Installatör,5,B,,,,https://www.nibe.eu/sv-se/partner/energipartner-i-norden-ab--solna-16934-installator
Enova Ab,Boras,504 45,SE3,installator,Installatör,5,B,,,,https://www.nibe.eu/sv-se/partner/enova-ab--boras-50445-installator
Enova Ab,Gothenburg,418 71,SE3,installator,Installatör,5,B,,,,https://www.nibe.eu/sv-se/partner/enova-ab--gothenburg-41871-installator
F J Teknik Ab,Vetlanda,574 91,SE3,installator,Installatör,5,B,,,,https://www.nibe.eu/sv-se/partner/f-j-teknik-ab--vetlanda-57491-installator
Falkenberg Ror Ab,Falkenberg,311 32,SE3,installator,Installatör,5,B,,,,https://www.nibe.eu/sv-se/partner/falkenberg-ror-ab--falkenberg-31132-installator
Falks Ror Vvs Ab,Eskilstuna,633 60,SE3,installator,Installatör,5,B,,,,https://www.nibe.eu/sv-se/partner/falks-ror-vvs-ab--eskilstuna-63360-installator
Falkvarme Ab,Falkenberg,311 91,SE3,installator,Installatör,5,B,,,,https://www.nibe.eu/sv-se/partner/falkvarme-ab--falkenberg-31191-installator
Farstas Rorinstallatorer Ab,Stockholm,123 62,SE3,installator,Installatör,5,B,,,,https://www.nibe.eu/sv-se/partner/farstas-rorinstallatorer-ab--stockholm-12362-installator
Filipstads Ror Ab,Filipstad,682 30,SE3,installator,Installatör,5,B,,,,https://www.nibe.eu/sv-se/partner/filipstads-ror-ab--filipstad-68230-installator
Fjaras Rorinstallationer Ab,Fjaras,439 91,SE3,installator,Installatör,5,B,,,,https://www.nibe.eu/sv-se/partner/fjaras-rorinstallationer-ab--fjaras-43991-installator
Fjordans Ror Ab,Lysekil,453 81,SE3,installator,Installatör,5,B,,,,https://www.nibe.eu/sv-se/partner/fjordans-ror-ab--lysekil-45381-installator
Fjordans Ror Ab,Munkedal,455 30,SE3,installator,Installatör,5,B,,,,https://www.nibe.eu/sv-se/partner/fjordans-ror-ab--munkedal-45530-installator
Flen Rorservice Ab,Flen,642 33,SE3,installator,Installatör,5,B,,,,https://www.nibe.eu/sv-se/partner/flen-rorservice-ab--flen-64233-installator
Forsvaret Ab,Osthammar,742 81,SE3,installator,Installatör,5,B,,,,https://www.nibe.eu/sv-se/partner/forsvaret-ab--osthammar-74281-installator
Framtidens Uppvarmning Ab,Stockholm,168 79,SE3,installator,Installatör,5,B,,,,https://www.nibe.eu/sv-se/partner/framtidens-uppvarmning-ab--stockholm-16879-installator
Frisens Ror Ab,Linkoping,582 75,SE3,installator,Installatör,5,B,,,,https://www.nibe.eu/sv-se/partner/frisens-ror-ab--linkoping-58275-installator
Frostrings Ror Ab,Gimo,740 20,SE3,installator,Installatör,5,B,,,,https://www.nibe.eu/sv-se/partner/frostrings-ror-ab--gimo-74020-installator
Gardsby Ror Ab,Lenhovda,361 94,SE3,installator,Installatör,5,B,,,,https://www.nibe.eu/sv-se/partner/gardsby-ror-ab--lenhovda-36194-installator
Gislavedsbygdens Ror Ab,Gislaved,332 21,SE3,installator,Installatör,5,B,,,,https://www.nibe.eu/sv-se/partner/gislavedsbygdens-ror-ab--gislaved-33221-installator
Gisslarbo Ror Ab,Gisslarbo,735 91,SE3,installator,Installatör,5,B,,,,https://www.nibe.eu/sv-se/partner/gisslarbo-ror-ab--gisslarbo-73591-installator
Godings Vvs,Kungsholmen,112 28,SE3,installator,Installatör,5,B,,,,https://www.nibe.eu/sv-se/partner/godings-vvs--kungsholmen-11228-installator
Gotlands Ror Ab,Visby,621 57,SE3,installator,Installatör,5,B,,,,https://www.nibe.eu/sv-se/partner/gotlands-ror-ab--visby-62157-installator
Grabo Ror,El Ab  Grebbestad,457 73,SE3,installator,Installatör,5,B,,,,https://www.nibe.eu/sv-se/partner/grabo-ror--el-ab--grebbestad-45773-installator
Grabo Ror,El Ab  Tanumshede,457 30,SE3,installator,Installatör,5,B,,,,https://www.nibe.eu/sv-se/partner/grabo-ror--el-ab--tanumshede-45730-installator
Gronkulla Ror Ab,Nassjo,571 31,SE3,installator,Installatör,5,B,,,,https://www.nibe.eu/sv-se/partner/gronkulla-ror-ab--nassjo-57131-installator
Gustafs Vvs,Ab  Torslanda,423 65,SE3,installator,Installatör,5,B,,,,https://www.nibe.eu/sv-se/partner/gustafs-vvs--ab--torslanda-42365-installator
Hallands Bergvarme Ab,Kungsbacka,434 91,SE3,installator,Installatör,5,B,,,,https://www.nibe.eu/sv-se/partner/hallands-bergvarme-ab--kungsbacka-43491-installator
Hallands El,Vvs Ab  Laholm,312 33,SE3,installator,Installatör,5,B,,,,https://www.nibe.eu/sv-se/partner/hallands-el--vvs-ab--laholm-31233-installator
Hallbo Vvs Ab,Hallsberg,694 32,SE3,installator,Installatör,5,B,,,,https://www.nibe.eu/sv-se/partner/hallbo-vvs-ab--hallsberg-69432-installator
Hallstahammars Ror Ab,Hallstahammar,734 30,SE3,installator,Installatör,5,B,,,,https://www.nibe.eu/sv-se/partner/hallstahammars-ror-ab--hallstahammar-73430-installator
Hammerbys Ror Ab,Stockholm,120 60,SE3,installator,Installatör,5,B,,,,https://www.nibe.eu/sv-se/partner/hammerbys-ror-ab--stockholm-12060-installator
Hardemo Ror Ab,Hardemo,694 93,SE3,installator,Installatör,5,B,,,,https://www.nibe.eu/sv-se/partner/hardemo-ror-ab--hardemo-69493-installator
Heimdall Byggtjanst Ab,Akersberga,184 30,SE3,installator,Installatör,5,B,,,,https://www.nibe.eu/sv-se/partner/heimdall-byggtjanst-ab--akersberga-18430-installator
Hemvarmekonsulten Ab,Akersberga,184 32,SE3,installator,Installatör,5,B,,,,https://www.nibe.eu/sv-se/partner/hemvarmekonsulten-ab--akersberga-18432-installator
Hogdalens Ror Ab,Stockholm,124 54,SE3,installator,Installatör,5,B,,,,https://www.nibe.eu/sv-se/partner/hogdalens-ror-ab--stockholm-12454-installator
Humlevikens Ror,Ab  Kungsbacka,434 94,SE3,installator,Installatör,5,B,,,,https://www.nibe.eu/sv-se/partner/humlevikens-ror--ab--kungsbacka-43494-installator
Husells El,Vvs Ab  Heby,744 76,SE3,installator,Installatör,5,B,,,,https://www.nibe.eu/sv-se/partner/husells-el--vvs-ab--heby-74476-installator
Hylte Rorservice Ab,Torup,314 60,SE3,installator,Installatör,5,B,,,,https://www.nibe.eu/sv-se/partner/hylte-rorservice-ab--torup-31460-installator
J L Vvs Ab,Sundbyberg,172 73,SE3,installator,Installatör,5,B,,,,https://www.nibe.eu/sv-se/partner/j-l-vvs-ab--sundbyberg-17273-installator
J Thompsons Vvs Ab,Tingsryd,362 42,SE4,service,Service,5,B,,,,https://www.nibe.eu/sv-se/partner/j-thompsons-vvs-ab--tingsryd-36242-service
Jan Karlssons Ror Ab,Munkedal,455 26,SE3,installator,Installatör,5,B,,,,https://www.nibe.eu/sv-se/partner/jan-karlssons-ror-ab--munkedal-45526-installator
Jkp Energi,Ab  Kopparberg,714 94,SE3,installator,Installatör,5,B,,,,https://www.nibe.eu/sv-se/partner/jkp-energi--ab--kopparberg-71494-installator
Johanneberg Ror Ab,Fjaras,439 91,SE3,installator,Installatör,5,B,,,,https://www.nibe.eu/sv-se/partner/johanneberg-ror-ab--fjaras-43991-installator
Johanssons Vvs Ab,Strangnas,645 40,SE3,installator,Installatör,5,B,,,,https://www.nibe.eu/sv-se/partner/johanssons-vvs-ab--strangnas-64540-installator
Jonkoping Installationstjanst Ab,Jonkoping,553 89,SE3,installator,Installatör,5,B,,,,https://www.nibe.eu/sv-se/partner/jonkoping-installationstjanst-ab--jonkoping-55389-installator
Jordens Basta Vvs Ab,Tranas,573 90,SE3,installator,Installatör,5,B,,,,https://www.nibe.eu/sv-se/partner/jordens-basta-vvs-ab--tranas-57390-installator
Js Vvs I Norrtalje Ab,Norrtalje,761 30,SE3,installator,Installatör,5,B,,,,https://www.nibe.eu/sv-se/partner/js-vvs-i-norrtalje-ab--norrtalje-76130-installator
Kalmar Ror Ab,Kalmar,392 54,SE3,installator,Installatör,5,B,,,,https://www.nibe.eu/sv-se/partner/kalmar-ror-ab--kalmar-39254-installator
Kalmarsunds Ror Ab,Kalmar,393 71,SE3,installator,Installatör,5,B,,,,https://www.nibe.eu/sv-se/partner/kalmarsunds-ror-ab--kalmar-39371-installator
Kangers Vvs Ab,Hyssna,511 63,SE3,installator,Installatör,5,B,,,,https://www.nibe.eu/sv-se/partner/kangers-vvs-ab--hyssna-51163-installator
Karlskoga Rorservice Ab,Karlskoga,691 45,SE3,installator,Installatör,5,B,,,,https://www.nibe.eu/sv-se/partner/karlskoga-rorservice-ab--karlskoga-69145-installator
Karlstads Vvs,Lantbrukstjanst Ab  Karlstad,652 72,SE3,installator,Installatör,5,B,,,,https://www.nibe.eu/sv-se/partner/karlstads-vvs--lantbrukstjanst-ab--karlstad-65272-installator
Kungsors Ror Vvs Ab,Kungsor,736 32,SE3,installator,Installatör,5,B,,,,https://www.nibe.eu/sv-se/partner/kungsors-ror-vvs-ab--kungsor-73632-installator
Kyle Vvs Ab,Skara,532 31,SE3,installator,Installatör,5,B,,,,https://www.nibe.eu/sv-se/partner/kyle-vvs-ab--skara-53231-installator
Landora Ror Ab,Enkoping,749 94,SE3,installator,Installatör,5,B,,,,https://www.nibe.eu/sv-se/partner/landora-ror-ab--enkoping-74994-installator
Lejonet Ror Ab,Nassjo,571 92,SE3,installator,Installatör,5,B,,,,https://www.nibe.eu/sv-se/partner/lejonet-ror-ab--nassjo-57192-installator
Lena Vvs Ab,Lena,749 92,SE3,installator,Installatör,5,B,,,,https://www.nibe.eu/sv-se/partner/lena-vvs-ab--lena-74992-installator
Lerums Rorservice Ab,Lerum,443 35,SE3,installator,Installatör,5,B,,,,https://www.nibe.eu/sv-se/partner/lerums-rorservice-ab--lerum-44335-installator
Lf Energi Och Kyla Ab,Orebro,702 25,SE3,installator,Installatör,5,B,,,,https://www.nibe.eu/sv-se/partner/lf-energi-och-kyla-ab--orebro-70225-installator
Lindesberg Rostorp Ror Ab,Lindesberg,711 31,SE3,installator,Installatör,5,B,,,,https://www.nibe.eu/sv-se/partner/lindesberg-rostorp-ror-ab--lindesberg-71131-installator
Lindkvists Vvs Ab,Nassjo,571 36,SE3,installator,Installatör,5,B,,,,https://www.nibe.eu/sv-se/partner/lindkvists-vvs-ab--nassjo-57136-installator
Lindqvists Ror Ab,Boras,504 49,SE3,installator,Installatör,5,B,,,,https://www.nibe.eu/sv-se/partner/lindqvists-ror-ab--boras-50449-installator
Linkopings Vvs Ab,Linkoping,582 95,SE3,installator,Installatör,5,B,,,,https://www.nibe.eu/sv-se/partner/linkopings-vvs-ab--linkoping-58295-installator
Lostagards Ror Ab,Boras,504 53,SE3,installator,Installatör,5,B,,,,https://www.nibe.eu/sv-se/partner/lostagards-ror-ab--boras-50453-installator
Magnus Peterssons Vvs Ab,Kungsbacka,434 31,SE3,installator,Installatör,5,B,,,,https://www.nibe.eu/sv-se/partner/magnus-peterssons-vvs-ab--kungsbacka-43431-installator
Marsta Vvs Ab,Marsta,195 51,SE3,installator,Installatör,5,B,,,,https://www.nibe.eu/sv-se/partner/marsta-vvs-ab--marsta-19551-installator
Mellbyns Rorservice Ab,Mellbystrand,312 77,SE3,installator,Installatör,5,B,,,,https://www.nibe.eu/sv-se/partner/mellbyns-rorservice-ab--mellbystrand-31277-installator
Mellstrom Ror Ab,Skene,511 60,SE3,installator,Installatör,5,B,,,,https://www.nibe.eu/sv-se/partner/mellstrom-ror-ab--skene-51160-installator
Mercurius Energi Ab,Nykoping,611 45,SE3,installator,Installatör,5,B,,,,https://www.nibe.eu/sv-se/partner/mercurius-energi-ab--nykoping-61145-installator
Mil El O Vvs I Ostergotland Ab,Linkoping,582 75,SE3,installator,Installatör,5,B,,,,https://www.nibe.eu/sv-se/partner/mil-el-o-vvs-i-ostergotland-ab--linkoping-58275-installator
Mill Energi Ab,Nassjo,571 34,SE3,installator,Installatör,5,B,,,,https://www.nibe.eu/sv-se/partner/mill-energi-ab--nassjo-57134-installator
Molndals Varme Ab,Molndal,431 39,SE3,installator,Installatör,5,B,,,,https://www.nibe.eu/sv-se/partner/molndals-varme-ab--molndal-43139-installator
Morgonstjarnan Ror Ab,Sunne,686 94,SE3,installator,Installatör,5,B,,,,https://www.nibe.eu/sv-se/partner/morgonstjarnan-ror-ab--sunne-68694-installator
Mossboda Vvs Ab,Haby,444 95,SE3,installator,Installatör,5,B,,,,https://www.nibe.eu/sv-se/partner/mossboda-vvs-ab--haby-44495-installator
Motala Kylen Ab,Motala,591 94,SE3,installator,Installatör,5,B,,,,https://www.nibe.eu/sv-se/partner/motala-kylen-ab--motala-59194-installator
Nibe Partner Aborred Ror,Ab  Munkedal,455 82,SE3,installator,Installatör,5,B,,,,https://www.nibe.eu/sv-se/partner/nibe-partner-aborred-ror--ab--munkedal-45582-installator
Nibe Partner Bjork,Lind Ror Ab  Tanumshede,457 30,SE3,installator,Installatör,5,B,,,,https://www.nibe.eu/sv-se/partner/nibe-partner-bjork--lind-ror-ab--tanumshede-45730-installator
Nibe Partner Fruktan Ab,Orust,473 90,SE3,installator,Installatör,5,B,,,,https://www.nibe.eu/sv-se/partner/nibe-partner-fruktan-ab--orust-47390-installator
Nibe Partner Installation I Brottby Ab,Brottby,184 94,SE3,installator,Installatör,5,B,,,,https://www.nibe.eu/sv-se/partner/nibe-partner-installation-i-brottby-ab--brottby-18494-installator
Nibe Partner Kungsholmen Vvs Ab,Stockholm,104 52,SE3,installator,Installatör,5,B,,,,https://www.nibe.eu/sv-se/partner/nibe-partner-kungsholmen-vvs-ab--stockholm-10452-installator
Nibe Partner Malaxhuse Ror Ab,Lysekil,453 55,SE3,installator,Installatör,5,B,,,,https://www.nibe.eu/sv-se/partner/nibe-partner-malaxhuse-ror-ab--lysekil-45355-installator
Nibe Partner Masab Ror Ab,Alingsas,441 52,SE3,installator,Installatör,5,B,,,,https://www.nibe.eu/sv-se/partner/nibe-partner-masab-ror-ab--alingsas-44152-installator
Nibe Partner Rorstrom I Karlstad Ab,Karlstad,653 51,SE3,installator,Installatör,5,B,,,,https://www.nibe.eu/sv-se/partner/nibe-partner-rorstrom-i-karlstad-ab--karlstad-65351-installator
Nibe Partner Vattenfall Heat Pump Service Ab,Hagfors,683 33,SE3,installator,Installatör,5,B,,,,https://www.nibe.eu/sv-se/partner/nibe-partner-vattenfall-heat-pump-service-ab--hagfors-68333-installator
Nibe Partner Vattenfall Heat Pump Service Ab,Karlstad,653 40,SE3,installator,Installatör,5,B,,,,https://www.nibe.eu/sv-se/partner/nibe-partner-vattenfall-heat-pump-service-ab--karlstad-65340-installator
Nibe Partner Vattenfall Heat Pump Service Ab,Vasteras,722 32,SE3,installator,Installatör,5,B,,,,https://www.nibe.eu/sv-se/partner/nibe-partner-vattenfall-heat-pump-service-ab--vasteras-72232-installator
Nordbergs Ror Ab,Falkenberg,311 97,SE3,installator,Installatör,5,B,,,,https://www.nibe.eu/sv-se/partner/nordbergs-ror-ab--falkenberg-31197-installator
Nordens Bergvarmepumpar Ab,Halmstad,302 64,SE3,installator,Installatör,5,B,,,,https://www.nibe.eu/sv-se/partner/nordens-bergvarmepumpar-ab--halmstad-30264-installator
Nordisk Kyl,Service Ab  Gothenburg,412 58,SE3,installator,Installatör,5,B,,,,https://www.nibe.eu/sv-se/partner/nordisk-kyl--service-ab--gothenburg-41258-installator
Norrkopings Kylen Ab,Norrkoping,602 21,SE3,installator,Installatör,5,B,,,,https://www.nibe.eu/sv-se/partner/norrkopings-kylen-ab--norrkoping-60221-installator
Norskogs Ror Ab,Karlstad,652 25,SE3,installator,Installatör,5,B,,,,https://www.nibe.eu/sv-se/partner/norskogs-ror-ab--karlstad-65225-installator
Nossebro El,Vvs Ab  Nossebro,465 90,SE3,installator,Installatör,5,B,,,,https://www.nibe.eu/sv-se/partner/nossebro-el--vvs-ab--nossebro-46590-installator
Odsmals Rorlaggeri Ab,Odsmal,444 95,SE3,installator,Installatör,5,B,,,,https://www.nibe.eu/sv-se/partner/odsmals-rorlaggeri-ab--odsmal-44495-installator
Ola Westman Ror,Goteborg,412 72,SE3,installator,Installatör,5,B,,,,https://www.nibe.eu/sv-se/partner/ola-westman-ror--goteborg-41272-installator
Orebro Vvs Ab,Orebro,705 95,SE3,installator,Installatör,5,B,,,,https://www.nibe.eu/sv-se/partner/orebro-vvs-ab--orebro-70595-installator
Oregrunds El,Vvs Ab  Oregrund,742 42,SE3,installator,Installatör,5,B,,,,https://www.nibe.eu/sv-se/partner/oregrunds-el--vvs-ab--oregrund-74242-installator
Oringe Ror Ab,Tyreso,135 49,SE3,installator,Installatör,5,B,,,,https://www.nibe.eu/sv-se/partner/oringe-ror-ab--tyreso-13549-installator
Osterlens Rorinstallationer Ab,Simrishamn,272 33,SE4,service,Service,5,B,,,,https://www.nibe.eu/sv-se/partner/osterlens-rorinstallationer-ab--simrishamn-27233-service
Ostgota Varmepumpsteknik,Atvidaberg,597 91,SE3,installator,Installatör,5,B,,,,https://www.nibe.eu/sv-se/partner/ostgota-varmepumpsteknik--atvidaberg-59791-installator
Pagelmans Ror Ab,Stenungsund,444 46,SE3,installator,Installatör,5,B,,,,https://www.nibe.eu/sv-se/partner/pagelmans-ror-ab--stenungsund-44446-installator
Pagelmans Ror Ab,Gothenburg,412 58,SE3,installator,Installatör,5,B,,,,https://www.nibe.eu/sv-se/partner/pagelmans-ror-ab--gothenburg-41258-installator
Pelle Petter Ab,Huskvarna,561 73,SE3,installator,Installatör,5,B,,,,https://www.nibe.eu/sv-se/partner/pelle-petter-ab--huskvarna-56173-installator
Per Ols Ror,Kyla Ab  Nacka,131 37,SE3,installator,Installatör,5,B,,,,https://www.nibe.eu/sv-se/partner/per-ols-ror--kyla-ab--nacka-13137-installator
Per Persons Vvs,Rottne,363 94,SE3,installator,Installatör,5,B,,,,https://www.nibe.eu/sv-se/partner/per-persons-vvs--rottne-36394-installator
Perssons Ror Ab,Lessebo,365 31,SE3,installator,Installatör,5,B,,,,https://www.nibe.eu/sv-se/partner/perssons-ror-ab--lessebo-36531-installator
Plc Miljo Ab,Norrkoping,602 24,SE3,installator,Installatör,5,B,,,,https://www.nibe.eu/sv-se/partner/plc-miljo-ab--norrkoping-60224-installator
Pmab Ror Ab,Gothenburg,411 04,SE3,installator,Installatör,5,B,,,,https://www.nibe.eu/sv-se/partner/pmab-ror-ab--gothenburg-41104-installator
Precis Energi Ab,Linkoping,583 30,SE3,installator,Installatör,5,B,,,,https://www.nibe.eu/sv-se/partner/precis-energi-ab--linkoping-58330-installator
Prima Rorinstallationer I Visby Ab,Visby,621 57,SE3,installator,Installatör,5,B,,,,https://www.nibe.eu/sv-se/partner/prima-rorinstallationer-i-visby-ab--visby-62157-installator
Pro Ror,Varme Ab  Herrljunga,524 92,SE3,installator,Installatör,5,B,,,,https://www.nibe.eu/sv-se/partner/pro-ror--varme-ab--herrljunga-52492-installator
Pro Ror,Varme Ab  Lidkoping,531 67,SE3,installator,Installatör,5,B,,,,https://www.nibe.eu/sv-se/partner/pro-ror--varme-ab--lidkoping-53167-installator
Pronordic Ab,Sollentuna,191 54,SE3,installator,Installatör,5,B,,,,https://www.nibe.eu/sv-se/partner/pronordic-ab--sollentuna-19154-installator
Provag Energi Ab,Vasteras,722 49,SE3,installator,Installatör,5,B,,,,https://www.nibe.eu/sv-se/partner/provag-energi-ab--vasteras-72249-installator
Pumpterminalen I Jonkoping Ab,Jonkoping,553 11,SE3,installator,Installatör,5,B,,,,https://www.nibe.eu/sv-se/partner/pumpterminalen-i-jonkoping-ab--jonkoping-55311-installator
Rafael Fernandez Rorinstallationer Ab,Uppsala,754 32,SE3,installator,Installatör,5,B,,,,https://www.nibe.eu/sv-se/partner/rafael-fernandez-rorinstallationer-ab--uppsala-75432-installator
Ragnar Graffman Vvs Ab,Vasteras,722 41,SE3,installator,Installatör,5,B,,,,https://www.nibe.eu/sv-se/partner/ragnar-graffman-vvs-ab--vasteras-72241-installator
Rakt Ror Ab,Motala,591 32,SE3,installator,Installatör,5,B,,,,https://www.nibe.eu/sv-se/partner/rakt-ror-ab--motala-59132-installator
Rakt Ror Ab,Mjolby,595 37,SE3,installator,Installatör,5,B,,,,https://www.nibe.eu/sv-se/partner/rakt-ror-ab--mjolby-59537-installator
Rbd Ror Ab,Nacka,131 75,SE3,installator,Installatör,5,B,,,,https://www.nibe.eu/sv-se/partner/rbd-ror-ab--nacka-13175-installator
Restaurang Ror Ab,Gothenburg,400 23,SE3,installator,Installatör,5,B,,,,https://www.nibe.eu/sv-se/partner/restaurang-ror-ab--gothenburg-40023-installator
Ro Installationer Ab,Gothenburg,415 02,SE3,installator,Installatör,5,B,,,,https://www.nibe.eu/sv-se/partner/ro-installationer-ab--gothenburg-41502-installator
Ror Gruppen Gotland Ab,Visby,621 51,SE3,installator,Installatör,5,B,,,,https://www.nibe.eu/sv-se/partner/ror-gruppen-gotland-ab--visby-62151-installator
Ror Halland Ab,Kungsbacka,434 32,SE3,installator,Installatör,5,B,,,,https://www.nibe.eu/sv-se/partner/ror-halland-ab--kungsbacka-43432-installator
Ror Tjansen I Norrtelje Ab,Norrtalje,761 96,SE3,installator,Installatör,5,B,,,,https://www.nibe.eu/sv-se/partner/ror-tjansen-i-norrtelje-ab--norrtalje-76196-installator
Rors Rorstudio Ab,Vimmerby,598 40,SE3,installator,Installatör,5,B,,,,https://www.nibe.eu/sv-se/partner/rors-rorstudio-ab--vimmerby-59840-installator
Rorsmorpan Ab,Norrahammar,561 63,SE3,installator,Installatör,5,B,,,,https://www.nibe.eu/sv-se/partner/rorsmorpan-ab--norrahammar-56163-installator
Rortekniken Ab,Halmstad,302 55,SE3,installator,Installatör,5,B,,,,https://www.nibe.eu/sv-se/partner/rortekniken-ab--halmstad-30255-installator
S Varme Ab,Hallsberg,694 35,SE3,installator,Installatör,5,B,,,,https://www.nibe.eu/sv-se/partner/s-varme-ab--hallsberg-69435-installator
Serneke Installation Ab,Gothenburg,418 77,SE3,installator,Installatör,5,B,,,,https://www.nibe.eu/sv-se/partner/serneke-installation-ab--gothenburg-41877-installator
Service Kyla Ab,Linkoping,582 73,SE3,installator,Installatör,5,B,,,,https://www.nibe.eu/sv-se/partner/service-kyla-ab--linkoping-58273-installator
Sjobergs Ror Ab,Linkoping,582 73,SE3,installator,Installatör,5,B,,,,https://www.nibe.eu/sv-se/partner/sjobergs-ror-ab--linkoping-58273-installator
Skovde Rorservice Ab,Skovde,541 35,SE3,installator,Installatör,5,B,,,,https://www.nibe.eu/sv-se/partner/skovde-rorservice-ab--skovde-54135-installator
Smalands Rorservice Ab,Eksjo,575 27,SE3,installator,Installatör,5,B,,,,https://www.nibe.eu/sv-se/partner/smalands-rorservice-ab--eksjo-57527-installator
Smalands Rorservice Ab,Nassjo,571 31,SE3,installator,Installatör,5,B,,,,https://www.nibe.eu/sv-se/partner/smalands-rorservice-ab--nassjo-57131-installator
Soback Rorinstallation Ab,Svalov,268 74,SE4,service,Service,5,B,,,,https://www.nibe.eu/sv-se/partner/soback-rorinstallation-ab--svalov-26874-service
Soberg,Soderstrom Ror Ab  Gnesta,646 34,SE3,installator,Installatör,5,B,,,,https://www.nibe.eu/sv-se/partner/soberg--soderstrom-ror-ab--gnesta-64634-installator
Sodra Vi Varmepumpservice Ab,Kisa,590 40,SE3,installator,Installatör,5,B,,,,https://www.nibe.eu/sv-se/partner/sodra-vi-varmepumpservice-ab--kisa-59040-installator
Sodregards Ror,Maskin Ab  Vaxjo,355 93,SE3,installator,Installatör,5,B,,,,https://www.nibe.eu/sv-se/partner/sodregards-ror--maskin-ab--vaxjo-35593-installator
Sone El Ab,Lidkoping,531 57,SE3,installator,Installatör,5,B,,,,https://www.nibe.eu/sv-se/partner/sone-el-ab--lidkoping-53157-installator
Sp Rorservice,Svenljunga,512 93,SE3,installator,Installatör,5,B,,,,https://www.nibe.eu/sv-se/partner/sp-rorservice--svenljunga-51293-installator
Stallets Rorlaggeri Ab,Ytterby,442 54,SE3,installator,Installatör,5,B,,,,https://www.nibe.eu/sv-se/partner/stallets-rorlaggeri-ab--ytterby-44254-installator
Steffes Kyl,Varmepumpar Ternstedt Invent Ab  Linkoping,582 73,SE3,installator,Installatör,5,B,,,,https://www.nibe.eu/sv-se/partner/steffes-kyl--varmepumpar-ternstedt-invent-ab--linkoping-58273-installator
Stenso Varme,Sanitet Ab  Kalmar,392 46,SE3,installator,Installatör,5,B,,,,https://www.nibe.eu/sv-se/partner/stenso-varme--sanitet-ab--kalmar-39246-installator
Stetab Vvs,Brunnsborrning  Stjarnhov,646 51,SE3,installator,Installatör,5,B,,,,https://www.nibe.eu/sv-se/partner/stetab-vvs--brunnsborrning--stjarnhov-64651-installator
Stigs Rorlaggeri Ab,Lindome,437 22,SE3,installator,Installatör,5,B,,,,https://www.nibe.eu/sv-se/partner/stigs-rorlaggeri-ab--lindome-43722-installator
Stockholm Pool,Varme Ab  Huddinge,141 43,SE3,installator,Installatör,5,B,,,,https://www.nibe.eu/sv-se/partner/stockholm-pool--varme-ab--huddinge-14143-installator
Stockholms Ror,Vvs Ab              Lidingo,181 32,SE3,installator,Installatör,5,B,,,,https://www.nibe.eu/sv-se/partner/stockholms-ror--vvs-ab--------------lidingo-18132-installator
Strangnas Rortjanst Ab,Strangnas,645 40,SE3,installator,Installatör,5,B,,,,https://www.nibe.eu/sv-se/partner/strangnas-rortjanst-ab--strangnas-64540-installator
Stromlunds Ror Ab,Trollhattan,461 04,SE3,installator,Installatör,5,B,,,,https://www.nibe.eu/sv-se/partner/stromlunds-ror-ab--trollhattan-46104-installator
Stromstad Rorservice Ab,Stromstad,452 92,SE3,installator,Installatör,5,B,,,,https://www.nibe.eu/sv-se/partner/stromstad-rorservice-ab--stromstad-45292-installator
Stures Rorinstallationer Ab,Borensberg,590 31,SE3,installator,Installatör,5,B,,,,https://www.nibe.eu/sv-se/partner/stures-rorinstallationer-ab--borensberg-59031-installator
Sundbyholms Vvs Ab,Eskilstuna,633 47,SE3,installator,Installatör,5,B,,,,https://www.nibe.eu/sv-se/partner/sundbyholms-vvs-ab--eskilstuna-63347-installator
Sven Olovs El,Vvs  Upplands Vasby,194 44,SE3,installator,Installatör,5,B,,,,https://www.nibe.eu/sv-se/partner/sven-olovs-el--vvs--upplands-vasby-19444-installator
Svenljunga El Ab,Svenljunga,512 53,SE3,installator,Installatör,5,B,,,,https://www.nibe.eu/sv-se/partner/svenljunga-el-ab--svenljunga-51253-installator
Svensk Installation Vast Ab,Arjang,672 31,SE3,installator,Installatör,5,B,,,,https://www.nibe.eu/sv-se/partner/svensk-installation-vast-ab--arjang-67231-installator
Svensk Kylservice I Goteborg Ab,Goteborg,417 07,SE3,installator,Installatör,5,B,,,,https://www.nibe.eu/sv-se/partner/svensk-kylservice-i-goteborg-ab--goteborg-41707-installator
Svensk Villavarme Ab,Hisings Backa,422 46,SE3,installator,Installatör,5,B,,,,https://www.nibe.eu/sv-se/partner/svensk-villavarme-ab--hisings-backa-42246-installator
Svenssons Ror Ab,Bor,331 74,SE3,installator,Installatör,5,B,,,,https://www.nibe.eu/sv-se/partner/svenssons-ror-ab--bor-33174-installator
Sweror Ab,Eskilstuna                         ,633 46,SE3,installator,Installatör,5,B,,,,https://www.nibe.eu/sv-se/partner/sweror-ab--eskilstuna--------------------------63346-installator
Taby Vvs,Service Ab  Taby,187 46,SE3,installator,Installatör,5,B,,,,https://www.nibe.eu/sv-se/partner/taby-vvs--service-ab--taby-18746-installator
Talje Vvs Ab,Sodertalje,152 42,SE3,installator,Installatör,5,B,,,,https://www.nibe.eu/sv-se/partner/talje-vvs-ab--sodertalje-15242-installator
Taussons Ror Ab,Uddevalla,451 34,SE3,installator,Installatör,5,B,,,,https://www.nibe.eu/sv-se/partner/taussons-ror-ab--uddevalla-45134-installator
Tbb Ror,Vvs Service Ab  Taby,187 66,SE3,installator,Installatör,5,B,,,,https://www.nibe.eu/sv-se/partner/tbb-ror--vvs-service-ab--taby-18766-installator
Termoklimat I Skane Ab,Ystad,271 39,SE4,service,Service,5,B,,,,https://www.nibe.eu/sv-se/partner/termoklimat-i-skane-ab--ystad-27139-service
Termoklimat Skane Ab,Svedala,233 51,SE4,service,Service,5,B,,,,https://www.nibe.eu/sv-se/partner/termoklimat-skane-ab--svedala-23351-service
Themptander Vvs Ab,Skogas,142 50,SE3,installator,Installatör,5,B,,,,https://www.nibe.eu/sv-se/partner/themptander-vvs-ab--skogas-14250-installator
Thimsfors Vvs Ab,Bastad,269 42,SE4,service,Service,5,B,,,,https://www.nibe.eu/sv-se/partner/thimsfors-vvs-ab--bastad-26942-service
Thimsfors Vvs Ab,Markaryd,285 40,SE4,service,Service,5,B,,,,https://www.nibe.eu/sv-se/partner/thimsfors-vvs-ab--markaryd-28540-service
Thimsfors Vvs Ab,Skummeslovstrand,312 72,SE3,installator,Installatör,5,B,,,,https://www.nibe.eu/sv-se/partner/thimsfors-vvs-ab--skummeslovstrand-31272-installator
Thimsfors Vvs Ab,Almhult,343 34,SE4,service,Service,5,B,,,,https://www.nibe.eu/sv-se/partner/thimsfors-vvs-ab--almhult-34334-service
Tjallmo Vatten,Varme Ab  Tjallmo,590 34,SE3,installator,Installatör,5,B,,,,https://www.nibe.eu/sv-se/partner/tjallmo-vatten--varme-ab--tjallmo-59034-installator
Tomas Enoksson Rormokeri & Fast.Service,Ostervala,740 46,SE3,installator,Installatör,5,B,,,,https://www.nibe.eu/sv-se/partner/tomas-enoksson-rormokeri--fast.service--ostervala-74046-installator
Torbjornsgardens Vvs Ab,Vara,534 90,SE3,installator,Installatör,5,B,,,,https://www.nibe.eu/sv-se/partner/torbjornsgardens-vvs-ab--vara-53490-installator
Trs,Tingdahls Rorservice Ab  Tingsryd,362 30,SE3,installator,Installatör,5,B,,,,https://www.nibe.eu/sv-se/partner/trs---tingdahls-rorservice-ab--tingsryd-36230-installator
Ts Ror Ab,Heby,744 31,SE3,installator,Installatör,5,B,,,,https://www.nibe.eu/sv-se/partner/ts-ror-ab--heby-74431-installator
Tullinge Ror Ab,Tullinge,146 38,SE3,installator,Installatör,5,B,,,,https://www.nibe.eu/sv-se/partner/tullinge-ror-ab--tullinge-14638-installator
Tunabergs Vvs Ab,Nykoping,611 92,SE3,installator,Installatör,5,B,,,,https://www.nibe.eu/sv-se/partner/tunabergs-vvs-ab--nykoping-61192-installator
Turex Ror Ab,Saltsjo Boo,132 35,SE3,installator,Installatör,5,B,,,,https://www.nibe.eu/sv-se/partner/turex-ror-ab--saltsjo-boo-13235-installator
Unnaryds Varme,Sanitet Ab  Unnaryd,314 51,SE3,installator,Installatör,5,B,,,,https://www.nibe.eu/sv-se/partner/unnaryds-varme--sanitet-ab--unnaryd-31451-installator
Upplands Energi Produkt,Miljo Ab  Uppsala,754 50,SE3,installator,Installatör,5,B,,,,https://www.nibe.eu/sv-se/partner/upplands-energi-produkt--miljo-ab--uppsala-75450-installator
Upplands Kyl,Varme Ab  Uppsala,753 23,SE3,installator,Installatör,5,B,,,,https://www.nibe.eu/sv-se/partner/upplands-kyl--varme-ab--uppsala-75323-installator
Vadsbo Kylteknik Ab,Moholm,545 94,SE3,installator,Installatör,5,B,,,,https://www.nibe.eu/sv-se/partner/vadsbo-kylteknik-ab--moholm-54594-installator
Vallsater Ror Ab,Alunda,747 92,SE3,installator,Installatör,5,B,,,,https://www.nibe.eu/sv-se/partner/vallsater-ror-ab--alunda-74792-installator
Vanersnas Rorservice Ab,Vanersnas,468 90,SE3,installator,Installatör,5,B,,,,https://www.nibe.eu/sv-se/partner/vanersnas-rorservice-ab--vanersnas-46890-installator
Vargarda Vvs Ab,Vargarda,447 35,SE3,installator,Installatör,5,B,,,,https://www.nibe.eu/sv-se/partner/vargarda-vvs-ab--vargarda-44735-installator
Varme,Konstruktionskansla I Trosa Ab  Trosa,619 34,SE3,installator,Installatör,5,B,,,,https://www.nibe.eu/sv-se/partner/varme--konstruktionskansla-i-trosa-ab--trosa-61934-installator
Varme,Sanitet I Huskvarna Ab  Huskvarna,561 32,SE3,installator,Installatör,5,B,,,,https://www.nibe.eu/sv-se/partner/varme--sanitet-i-huskvarna-ab--huskvarna-56132-installator
Varme & Sanitet A. Palmer Ab,Vimmerby,598 40,SE3,installator,Installatör,5,B,,,,https://www.nibe.eu/sv-se/partner/varme--sanitet-a.-palmer-ab--vimmerby-59840-installator
Varmepumpsgruppen Mitt Ab,Eskilstuna,633 46,SE3,installator,Installatör,5,B,,,,https://www.nibe.eu/sv-se/partner/varmepumpsgruppen-mitt-ab--eskilstuna-63346-installator
Varmeservice I Veddige Ab,Veddige,432 66,SE3,installator,Installatör,5,B,,,,https://www.nibe.eu/sv-se/partner/varmeservice-i-veddige-ab--veddige-43266-installator
Varmeservice Uddevalla Ab,Uddevalla,451 70,SE3,installator,Installatör,5,B,,,,https://www.nibe.eu/sv-se/partner/varmeservice-uddevalla-ab--uddevalla-45170-installator
Varmespecialisten Ab,Kungsbacka,434 42,SE3,installator,Installatör,5,B,,,,https://www.nibe.eu/sv-se/partner/varmespecialisten-ab--kungsbacka-43442-installator
Varnamo Forsheda Ror Ab,Varnamo,331 34,SE3,installator,Installatör,5,B,,,,https://www.nibe.eu/sv-se/partner/varnamo-forsheda-ror-ab--varnamo-33134-installator
Vastkustkyl,Varme Ab  Alvangen,446 32,SE3,installator,Installatör,5,B,,,,https://www.nibe.eu/sv-se/partner/vastkustkyl--varme-ab--alvangen-44632-installator
Vastsvenska Varme,Sanitet Ab  Ed,668 32,SE3,installator,Installatör,5,B,,,,https://www.nibe.eu/sv-se/partner/vastsvenska-varme--sanitet-ab--ed-66832-installator
Vatten,Varme I Norberg  Norberg,738 35,SE3,installator,Installatör,5,B,,,,https://www.nibe.eu/sv-se/partner/vatten--varme-i-norberg--norberg-73835-installator
Vatten,Varmeteknik Ab  Hogsater,458 70,SE3,installator,Installatör,5,B,,,,https://www.nibe.eu/sv-se/partner/vatten--varmeteknik-ab--hogsater-45870-installator
Vfs Varberg Ab,Varberg,432 32,SE3,installator,Installatör,5,B,,,,https://www.nibe.eu/sv-se/partner/vfs-varberg-ab--varberg-43232-installator
Vi Varmer Sverige Ab,Huddinge,141 40,SE3,installator,Installatör,5,B,,,,https://www.nibe.eu/sv-se/partner/vi-varmer-sverige-ab--huddinge-14140-installator
Vi Varmer Sverige Ab,Hagersten,126 30,SE3,installator,Installatör,5,B,,,,https://www.nibe.eu/sv-se/partner/vi-varmer-sverige-ab--hagersten-12630-installator
Vi Varmer Sverige Ab,Sollentuna,192 78,SE3,installator,Installatör,5,B,,,,https://www.nibe.eu/sv-se/partner/vi-varmer-sverige-ab--sollentuna-19278-installator
Vi Varmer Sverige Ab,Taby,187 66,SE3,installator,Installatör,5,B,,,,https://www.nibe.eu/sv-se/partner/vi-varmer-sverige-ab--taby-18766-installator
Villavarme I Ostergotland Ab,Motala,591 92,SE3,installator,Installatör,5,B,,,,https://www.nibe.eu/sv-se/partner/villavarme-i-ostergotland-ab--motala-59192-installator
Villavarme I Ostergotlandab,Norrkoping,602 38,SE3,installator,Installatör,5,B,,,,https://www.nibe.eu/sv-se/partner/villavarme-i-ostergotlandab--norrkoping-60238-installator
Votab Vvs,Varmeinstallation Ab  Varberg,432 32,SE3,installator,Installatör,5,B,,,,https://www.nibe.eu/sv-se/partner/votab-vvs--varmeinstallation-ab--varberg-43232-installator
Vs Installation I Kalmar Ab,Kalmar,393 56,SE3,installator,Installatör,5,B,,,,https://www.nibe.eu/sv-se/partner/vs-installation-i-kalmar-ab--kalmar-39356-installator
Vvs Akuten I Sodertorn Ab,Segersang,148 40,SE3,installator,Installatör,5,B,,,,https://www.nibe.eu/sv-se/partner/vvs-akuten-i-sodertorn-ab--segersang-14840-installator
Vvs Kompaniet Ab,Saffle,661 40,SE3,installator,Installatör,5,B,,,,https://www.nibe.eu/sv-se/partner/vvs-kompaniet-ab--saffle-66140-installator
Wahlgren Ror Ab,Norrtalje,761 72,SE3,installator,Installatör,5,B,,,,https://www.nibe.eu/sv-se/partner/wahlgren-ror-ab--norrtalje-76172-installator
Walfridssons Ror Ab,Lessebo,365 31,SE3,installator,Installatör,5,B,,,,https://www.nibe.eu/sv-se/partner/walfridssons-ror-ab--lessebo-36531-installator
Walthers Kyl,Varmepumpservice  Nykoping,611 45,SE3,installator,Installatör,5,B,,,,https://www.nibe.eu/sv-se/partner/walthers-kyl--varmepumpservice--nykoping-61145-installator
Wastvinds Vvs Ab,Koping,731 36,SE3,installator,Installatör,5,B,,,,https://www.nibe.eu/sv-se/partner/wastvinds-vvs-ab--koping-73136-installator
Wiklunds Kylteknik Ab,Kungsbacka,434 37,SE3,installator,Installatör,5,B,,,,https://www.nibe.eu/sv-se/partner/wiklunds-kylteknik-ab--kungsbacka-43437-installator
Wikmans Vvs Ab,Ekero,179 61,SE3,installator,Installatör,5,B,,,,https://www.nibe.eu/sv-se/partner/wikmans-vvs-ab--ekero-17961-installator
Wrandings Rormokeri Ab,Balsta,746 31,SE3,installator,Installatör,5,B,,,,https://www.nibe.eu/sv-se/partner/wrandings-rormokeri-ab--balsta-74631-installator
Yttergrens Ror Ab,Visby,621 54,SE3,installator,Installatör,5,B,,,,https://www.nibe.eu/sv-se/partner/yttergrens-ror-ab--visby-62154-installator
Zero Energi Ab,Lund,224 78,SE4,service,Service,5,B,,,,https://www.nibe.eu/sv-se/partner/zero-energi-ab--lund-22478-service
A. Wiklund Vvs,Stugun,844 51,SE2,installator,Installatör,4,B,,,,https://www.nibe.eu/sv-se/partner/a.-wiklund-vvs--stugun-84451-installator
A.J.Ws Lift,Rorteknik Ab  Sundsvall,852 31,SE2,installator,Installatör,4,B,,,,https://www.nibe.eu/sv-se/partner/a.j.ws-lift--rorteknik-ab--sundsvall-85231-installator
Aircontrol I Boras Ab,Boras,504 67,SE3,service,Service,4,B,,,,https://www.nibe.eu/sv-se/partner/aircontrol-i-boras-ab--boras-50467-service
Ake Lindkvist Ror Ab,Mora,792 33,SE2,installator,Installatör,4,B,,,,https://www.nibe.eu/sv-se/partner/ake-lindkvist-ror-ab--mora-79233-installator
Alno Vvs Ab,Alno,865 92,SE2,installator,Installatör,4,B,,,,https://www.nibe.eu/sv-se/partner/alno-vvs-ab--alno-86592-installator
Anders Johanssons Energiteknik Vvs,Ab  Ankarsrum,593 70,SE3,service,Service,4,B,,,,https://www.nibe.eu/sv-se/partner/anders-johanssons-energiteknik-vvs--ab--ankarsrum-59370-service
Andersson Jan Olof Peter,Gallo,843 94,SE2,installator,Installatör,4,B,,,,https://www.nibe.eu/sv-se/partner/andersson-jan-olof-peter--gallo-84394-installator
Are Rorteam Ab,Undersaker,837 96,SE2,installator,Installatör,4,B,,,,https://www.nibe.eu/sv-se/partner/are-rorteam-ab--undersaker-83796-installator
Ascy Ror,Industri Ab  Hagfors,683 33,SE3,service,Service,4,B,,,,https://www.nibe.eu/sv-se/partner/ascy-ror--industri-ab--hagfors-68333-service
Beckmanns Vvs,Energiteknik  Jonkoping,553 02,SE3,service,Service,4,B,,,,https://www.nibe.eu/sv-se/partner/beckmanns-vvs--energiteknik--jonkoping-55302-service
Bergvarme Ab,Timra,861 36,SE2,installator,Installatör,4,B,,,,https://www.nibe.eu/sv-se/partner/bergvarme-ab--timra-86136-installator
Bgs Kyl,Varmeservice Ab  Matfors,864 31,SE2,installator,Installatör,4,B,,,,https://www.nibe.eu/sv-se/partner/bgs-kyl--varmeservice-ab--matfors-86431-installator
Bj Varmemontage Ab,Kvicksund,635 31,SE3,service,Service,4,B,,,,https://www.nibe.eu/sv-se/partner/bj-varmemontage-ab--kvicksund-63531-service
Borlange Vvs Ab,Borlange,781 31,SE2,installator,Installatör,4,B,,,,https://www.nibe.eu/sv-se/partner/borlange-vvs-ab--borlange-78131-installator
Bruksvallens Ror Ab,Bruksvallarna,840 98,SE2,installator,Installatör,4,B,,,,https://www.nibe.eu/sv-se/partner/bruksvallens-ror-ab--bruksvallarna-84098-installator
Dala Ror Ab,Falun,791 32,SE2,installator,Installatör,4,B,,,,https://www.nibe.eu/sv-se/partner/dala-ror-ab--falun-79132-installator
Dalarnas Ror Ab,Avesta,774 31,SE2,installator,Installatör,4,B,,,,https://www.nibe.eu/sv-se/partner/dalarnas-ror-ab--avesta-77431-installator
Daldala Ab,Ljusnarsberg,711 91,SE2,installator,Installatör,4,B,,,,https://www.nibe.eu/sv-se/partner/daldala-ab--ljusnarsberg-71191-installator
Dalmarken Ror Ab,Rattvik,795 91,SE2,installator,Installatör,4,B,,,,https://www.nibe.eu/sv-se/partner/dalmarken-ror-ab--rattvik-79591-installator
Djupa Ror Ab,Djuras,791 95,SE2,installator,Installatör,4,B,,,,https://www.nibe.eu/sv-se/partner/djupa-ror-ab--djuras-79195-installator
Elite Energi Ab,Sundsvall,854 54,SE2,installator,Installatör,4,B,,,,https://www.nibe.eu/sv-se/partner/elite-energi-ab--sundsvall-85454-installator
Energipartner I Norden Ab,Solna,169 34,SE3,service,Service,4,B,,,,https://www.nibe.eu/sv-se/partner/energipartner-i-norden-ab--solna-16934-service
Expert Rad Vvs Ab,Gavle,803 92,SE2,installator,Installatör,4,B,,,,https://www.nibe.eu/sv-se/partner/expert-rad-vvs-ab--gavle-80392-installator
Fagerlids Vvs Ab,Leksand,793 30,SE2,installator,Installatör,4,B,,,,https://www.nibe.eu/sv-se/partner/fagerlids-vvs-ab--leksand-79330-installator
Falun Varme Ab,Falun,791 73,SE2,installator,Installatör,4,B,,,,https://www.nibe.eu/sv-se/partner/falun-varme-ab--falun-79173-installator
Faluns Rorservice Ab,Falun,791 38,SE2,installator,Installatör,4,B,,,,https://www.nibe.eu/sv-se/partner/faluns-rorservice-ab--falun-79138-installator
Frosunda Ror Ab,Harnosand,871 37,SE2,installator,Installatör,4,B,,,,https://www.nibe.eu/sv-se/partner/frosunda-ror-ab--harnosand-87137-installator
Gavle Ror Ab,Gavle,803 54,SE2,installator,Installatör,4,B,,,,https://www.nibe.eu/sv-se/partner/gavle-ror-ab--gavle-80354-installator
Hallands Bergvarme Ab,Kungsbacka,434 91,SE3,service,Service,4,B,,,,https://www.nibe.eu/sv-se/partner/hallands-bergvarme-ab--kungsbacka-43491-service
Hedemoras Ror Ab,Hedemora,776 31,SE2,installator,Installatör,4,B,,,,https://www.nibe.eu/sv-se/partner/hedemoras-ror-ab--hedemora-77631-installator
Helgums Ror,Ventilation Ab  Helgum,882 91,SE2,installator,Installatör,4,B,,,,https://www.nibe.eu/sv-se/partner/helgums-ror--ventilation-ab--helgum-88291-installator
Hogbergs Ror,Ventilation Ab  Leksand,793 32,SE2,installator,Installatör,4,B,,,,https://www.nibe.eu/sv-se/partner/hogbergs-ror--ventilation-ab--leksand-79332-installator
Hogstens Rorservice Ab,Hogsten,876 96,SE2,installator,Installatör,4,B,,,,https://www.nibe.eu/sv-se/partner/hogstens-rorservice-ab--hogsten-87696-installator
Hohanssons Ror Ab,Fagersta,737 40,SE2,installator,Installatör,4,B,,,,https://www.nibe.eu/sv-se/partner/hohanssons-ror-ab--fagersta-73740-installator
Hosjo Ror Ab,Ostersund,831 52,SE2,installator,Installatör,4,B,,,,https://www.nibe.eu/sv-se/partner/hosjo-ror-ab--ostersund-83152-installator
Hudiksvalls Rorservice Ab,Hudiksvall,824 31,SE2,installator,Installatör,4,B,,,,https://www.nibe.eu/sv-se/partner/hudiksvalls-rorservice-ab--hudiksvall-82431-installator
Indals Vvs Ab,Indal,864 97,SE2,installator,Installatör,4,B,,,,https://www.nibe.eu/sv-se/partner/indals-vvs-ab--indal-86497-installator
J E Rorinstallationer Ab,Soderhamn,826 71,SE2,installator,Installatör,4,B,,,,https://www.nibe.eu/sv-se/partner/j-e-rorinstallationer-ab--soderhamn-82671-installator
J J Rorservice Ab,Ockelbo,816 90,SE2,installator,Installatör,4,B,,,,https://www.nibe.eu/sv-se/partner/j-j-rorservice-ab--ockelbo-81690-installator
Larssons Vvs Ab,Nusnas,792 95,SE2,installator,Installatör,4,B,,,,https://www.nibe.eu/sv-se/partner/larssons-vvs-ab--nusnas-79295-installator
Ljusne Ror Ab,Ljusne,826 91,SE2,installator,Installatör,4,B,,,,https://www.nibe.eu/sv-se/partner/ljusne-ror-ab--ljusne-82691-installator
Malungs Ror Ab,Malung,782 70,SE2,installator,Installatör,4,B,,,,https://www.nibe.eu/sv-se/partner/malungs-ror-ab--malung-78270-installator
Masen Ror Ab,Ornskoldsvik,891 33,SE2,installator,Installatör,4,B,,,,https://www.nibe.eu/sv-se/partner/masen-ror-ab--ornskoldsvik-89133-installator
Melander Ror Ab,Borlange,781 70,SE2,installator,Installatör,4,B,,,,https://www.nibe.eu/sv-se/partner/melander-ror-ab--borlange-78170-installator
Mil El O Vvs I Ostergotland Ab,Linkoping,582 75,SE3,service,Service,4,B,,,,https://www.nibe.eu/sv-se/partner/mil-el-o-vvs-i-ostergotland-ab--linkoping-58275-service
Morkoms Vvs Ab,Sveg,842 31,SE2,installator,Installatör,4,B,,,,https://www.nibe.eu/sv-se/partner/morkoms-vvs-ab--sveg-84231-installator
Nibe Partner Aborred Ror,Ab  Munkedal,455 82,SE3,service,Service,4,B,,,,https://www.nibe.eu/sv-se/partner/nibe-partner-aborred-ror--ab--munkedal-45582-service
Nibe Partner Bjork,Lind Ror Ab  Tanumshede,457 30,SE3,service,Service,4,B,,,,https://www.nibe.eu/sv-se/partner/nibe-partner-bjork--lind-ror-ab--tanumshede-45730-service
Nibe Partner Fruktan Ab,Orust,473 90,SE3,service,Service,4,B,,,,https://www.nibe.eu/sv-se/partner/nibe-partner-fruktan-ab--orust-47390-service
Nibe Partner Granens Ror Ab,Ornskoldsvik,891 31,SE2,installator,Installatör,4,B,,,,https://www.nibe.eu/sv-se/partner/nibe-partner-granens-ror-ab--ornskoldsvik-89131-installator
Nibe Partner John Eklund Borrning Ab,Ornskoldsvik,891 50,SE2,installator,Installatör,4,B,,,,https://www.nibe.eu/sv-se/partner/nibe-partner-john-eklund-borrning-ab--ornskoldsvik-89150-installator
Nibe Partner Lindgrens Ror Ab,Kramfors,872 31,SE2,installator,Installatör,4,B,,,,https://www.nibe.eu/sv-se/partner/nibe-partner-lindgrens-ror-ab--kramfors-87231-installator
Nibe Partner Malaxhuse Ror Ab,Lysekil,453 55,SE3,service,Service,4,B,,,,https://www.nibe.eu/sv-se/partner/nibe-partner-malaxhuse-ror-ab--lysekil-45355-service
Nibe Partner Masab Ror Ab,Alingsas,441 52,SE3,service,Service,4,B,,,,https://www.nibe.eu/sv-se/partner/nibe-partner-masab-ror-ab--alingsas-44152-service
Nibe Partner Nordkust Ror Och Vvs Ab,Sundsvall,854 71,SE2,installator,Installatör,4,B,,,,https://www.nibe.eu/sv-se/partner/nibe-partner-nordkust-ror-och-vvs-ab--sundsvall-85471-installator
Nibe Partner Rorstrom I Karlstad Ab,Karlstad,653 51,SE3,service,Service,4,B,,,,https://www.nibe.eu/sv-se/partner/nibe-partner-rorstrom-i-karlstad-ab--karlstad-65351-service
Nibe Partner Sandsvikens Ror Ab,Sandviken,811 32,SE2,installator,Installatör,4,B,,,,https://www.nibe.eu/sv-se/partner/nibe-partner-sandsvikens-ror-ab--sandviken-81132-installator
Nibe Partner Vasternorrlands Bergvarmepumpar Ab,Harnosand,871 30,SE2,installator,Installatör,4,B,,,,https://www.nibe.eu/sv-se/partner/nibe-partner-vasternorrlands-bergvarmepumpar-ab--harnosand-87130-installator
Nibe Partner Vattenfall Heat Pump Service Ab,Borlange,781 53,SE2,installator,Installatör,4,B,,,,https://www.nibe.eu/sv-se/partner/nibe-partner-vattenfall-heat-pump-service-ab--borlange-78153-installator
Nibe Partner Vattenfall Heat Pump Service Ab,Falun,791 32,SE2,installator,Installatör,4,B,,,,https://www.nibe.eu/sv-se/partner/nibe-partner-vattenfall-heat-pump-service-ab--falun-79132-installator
Nordens Bergvarmepumpar Ab,Halmstad,302 64,SE3,service,Service,4,B,,,,https://www.nibe.eu/sv-se/partner/nordens-bergvarmepumpar-ab--halmstad-30264-service
Nordisk Kyl,Service Ab  Gothenburg,412 58,SE3,service,Service,4,B,,,,https://www.nibe.eu/sv-se/partner/nordisk-kyl--service-ab--gothenburg-41258-service
Nordvik Vvs Ab,Harnosand,871 43,SE2,installator,Installatör,4,B,,,,https://www.nibe.eu/sv-se/partner/nordvik-vvs-ab--harnosand-87143-installator
Norra Dalarnas Ror Ab,Orsa,794 31,SE2,installator,Installatör,4,B,,,,https://www.nibe.eu/sv-se/partner/norra-dalarnas-ror-ab--orsa-79431-installator
Orsa Ror Ab,Orsa,794 31,SE2,installator,Installatör,4,B,,,,https://www.nibe.eu/sv-se/partner/orsa-ror-ab--orsa-79431-installator
Rattviks Ror Ab,Rattvik,795 95,SE2,installator,Installatör,4,B,,,,https://www.nibe.eu/sv-se/partner/rattviks-ror-ab--rattvik-79595-installator
Ror Service Dala Ab,Sala,733 43,SE2,installator,Installatör,4,B,,,,https://www.nibe.eu/sv-se/partner/ror-service-dala-ab--sala-73343-installator
Rorstrom Ab,Borlange,781 53,SE2,installator,Installatör,4,B,,,,https://www.nibe.eu/sv-se/partner/rorstrom-ab--borlange-78153-installator
S Varme Ab,Hallsberg,694 35,SE3,service,Service,4,B,,,,https://www.nibe.eu/sv-se/partner/s-varme-ab--hallsberg-69435-service
Sala Rorservice Ab,Sala,733 42,SE2,installator,Installatör,4,B,,,,https://www.nibe.eu/sv-se/partner/sala-rorservice-ab--sala-73342-installator
Sandvikens Ror Ab,Sandviken,811 35,SE2,installator,Installatör,4,B,,,,https://www.nibe.eu/sv-se/partner/sandvikens-ror-ab--sandviken-81135-installator
Service Kyla Ab,Linkoping,582 73,SE3,service,Service,4,B,,,,https://www.nibe.eu/sv-se/partner/service-kyla-ab--linkoping-58273-service
Skovde Rorservice Ab,Skovde,541 35,SE3,service,Service,4,B,,,,https://www.nibe.eu/sv-se/partner/skovde-rorservice-ab--skovde-54135-service
Soderbloms Ror Ab,Gavle,803 09,SE2,installator,Installatör,4,B,,,,https://www.nibe.eu/sv-se/partner/soderbloms-ror-ab--gavle-80309-installator
Sone El Ab,Lidkoping,531 57,SE3,service,Service,4,B,,,,https://www.nibe.eu/sv-se/partner/sone-el-ab--lidkoping-53157-service
Sorens Ror,Stode,864 96,SE2,installator,Installatör,4,B,,,,https://www.nibe.eu/sv-se/partner/sorens-ror--stode-86496-installator
Steffes Kyl,Varmepumpar Ternstedt Invent Ab  Atvidaberg,597 24,SE3,service,Service,4,B,,,,https://www.nibe.eu/sv-se/partner/steffes-kyl--varmepumpar-ternstedt-invent-ab--atvidaberg-59724-service
Steffes Kyl,Varmepumpar Ternstedt Invent Ab  Linkoping,582 73,SE3,service,Service,4,B,,,,https://www.nibe.eu/sv-se/partner/steffes-kyl--varmepumpar-ternstedt-invent-ab--linkoping-58273-service
Steffes Kyl,Varmepumpar Ternstedt Invent Ab  Rimforsa,590 44,SE3,service,Service,4,B,,,,https://www.nibe.eu/sv-se/partner/steffes-kyl--varmepumpar-ternstedt-invent-ab--rimforsa-59044-service
Stenstans Varme,Sanitet  Sundsvall,856 33,SE2,installator,Installatör,4,B,,,,https://www.nibe.eu/sv-se/partner/stenstans-varme--sanitet--sundsvall-85633-installator
Stockholm Pool,Varme Ab  Huddinge,141 43,SE3,service,Service,4,B,,,,https://www.nibe.eu/sv-se/partner/stockholm-pool--varme-ab--huddinge-14143-service
Stora Skedvi Ror Ab,Stora Skedvi,783 93,SE2,installator,Installatör,4,B,,,,https://www.nibe.eu/sv-se/partner/stora-skedvi-ror-ab--stora-skedvi-78393-installator
Tinbak Ab,Hammerdal,833 49,SE2,installator,Installatör,4,B,,,,https://www.nibe.eu/sv-se/partner/tinbak-ab--hammerdal-83349-installator
Upplands Energi Produkt,Miljo Ab  Bjorklinge,743 63,SE3,service,Service,4,B,,,,https://www.nibe.eu/sv-se/partner/upplands-energi-produkt--miljo-ab--bjorklinge-74363-service
Upplands Kyl,Varme Ab  Uppsala,753 23,SE3,service,Service,4,B,,,,https://www.nibe.eu/sv-se/partner/upplands-kyl--varme-ab--uppsala-75323-service
Varmeservice I Veddige Ab,Veddige,432 66,SE3,service,Service,4,B,,,,https://www.nibe.eu/sv-se/partner/varmeservice-i-veddige-ab--veddige-43266-service
Varnamo Forsheda Ror Ab,Varnamo,331 34,SE3,service,Service,4,B,,,,https://www.nibe.eu/sv-se/partner/varnamo-forsheda-ror-ab--varnamo-33134-service
Vattenhuset Ab,Borlange,781 70,SE2,installator,Installatör,4,B,,,,https://www.nibe.eu/sv-se/partner/vattenhuset-ab--borlange-78170-installator
Vi Varmer Sverige Ab,Hagersten,126 30,SE3,service,Service,4,B,,,,https://www.nibe.eu/sv-se/partner/vi-varmer-sverige-ab--hagersten-12630-service
Villavarme I Ostergotland Ab,Motala,591 92,SE3,service,Service,4,B,,,,https://www.nibe.eu/sv-se/partner/villavarme-i-ostergotland-ab--motala-59192-service
Vvs Installatoren I Gavle Ab,Gavle,803 09,SE2,installator,Installatör,4,B,,,,https://www.nibe.eu/sv-se/partner/vvs-installatoren-i-gavle-ab--gavle-80309-installator
Vvs Teknik I Jamtland Ab,Stenstavik,845 31,SE2,installator,Installatör,4,B,,,,https://www.nibe.eu/sv-se/partner/vvs-teknik-i-jamtland-ab--stenstavik-84531-installator
Vvs Tjanst I Falun Ab,Falun,791 43,SE2,installator,Installatör,4,B,,,,https://www.nibe.eu/sv-se/partner/vvs-tjanst-i-falun-ab--falun-79143-installator
Walthers Kyl,Varmepumpservice Ab  Norrkoping,602 23,SE3,service,Service,4,B,,,,https://www.nibe.eu/sv-se/partner/walthers-kyl--varmepumpservice-ab--norrkoping-60223-service
Walthers Kyl,Varmepumpservice Ab  Nykoping,611 45,SE3,service,Service,4,B,,,,https://www.nibe.eu/sv-se/partner/walthers-kyl--varmepumpservice-ab--nykoping-61145-service
Westheat Ab,Hisings Backa,422 46,SE3,service,Service,4,B,,,,https://www.nibe.eu/sv-se/partner/westheat-ab--hisings-backa-42246-service
Ake Lindkvist Ror Ab,Mora,792 33,SE2,service,Service,3,C,,,,https://www.nibe.eu/sv-se/partner/ake-lindkvist-ror-ab--mora-79233-service
Aqua Support I Vilhelmina Ab,Vilhelmina,912 99,SE1,installator,Installatör,3,C,,,,https://www.nibe.eu/sv-se/partner/aqua-support-i-vilhelmina-ab--vilhelmina-91299-installator
Bgs Kyl,Varmeservice Ab  Matfors,864 31,SE2,service,Service,3,C,,,,https://www.nibe.eu/sv-se/partner/bgs-kyl--varmeservice-ab--matfors-86431-service
Celsius Energi Ab,Umea,903 30,SE1,installator,Installatör,3,C,,,,https://www.nibe.eu/sv-se/partner/celsius-energi-ab--umea-90330-installator
El Partner Ab,Skelleftea,931 40,SE1,installator,Installatör,3,C,,,,https://www.nibe.eu/sv-se/partner/el-partner-ab--skelleftea-93140-installator
Frost Kyl Vvs Ab,Boden,961 37,SE1,installator,Installatör,3,C,,,,https://www.nibe.eu/sv-se/partner/frost-kyl-vvs-ab--boden-96137-installator
Janssons Ror Ab,Obbola,905 91,SE1,installator,Installatör,3,C,,,,https://www.nibe.eu/sv-se/partner/janssons-ror-ab--obbola-90591-installator
Kalix Ror,Ventilation Ab  Kalix,952 31,SE1,installator,Installatör,3,C,,,,https://www.nibe.eu/sv-se/partner/kalix-ror--ventilation-ab--kalix-95231-installator
Leys Vvs Ab,Lulea,974 41,SE1,installator,Installatör,3,C,,,,https://www.nibe.eu/sv-se/partner/leys-vvs-ab--lulea-97441-installator
Lovikka Ror Ab,Pajala,984 91,SE1,installator,Installatör,3,C,,,,https://www.nibe.eu/sv-se/partner/lovikka-ror-ab--pajala-98491-installator
Lulea Ror Ab,Lulea,972 66,SE1,installator,Installatör,3,C,,,,https://www.nibe.eu/sv-se/partner/lulea-ror-ab--lulea-97266-installator
Lulea Vvs,Energi Ab  Lulea,974 34,SE1,installator,Installatör,3,C,,,,https://www.nibe.eu/sv-se/partner/lulea-vvs--energi-ab--lulea-97434-installator
Nibe Partner Granens Ror Ab,Ornskoldsvik,891 31,SE2,service,Service,3,C,,,,https://www.nibe.eu/sv-se/partner/nibe-partner-granens-ror-ab--ornskoldsvik-89131-service
Nibe Partner John Eklund Borrning Ab,Ornskoldsvik,891 50,SE2,service,Service,3,C,,,,https://www.nibe.eu/sv-se/partner/nibe-partner-john-eklund-borrning-ab--ornskoldsvik-89150-service
Nibe Partner Lindgrens Ror Ab,Kramfors,872 31,SE2,service,Service,3,C,,,,https://www.nibe.eu/sv-se/partner/nibe-partner-lindgrens-ror-ab--kramfors-87231-service
Nibe Partner Nordkust Ror Och Vvs Ab,Sundsvall,854 71,SE2,service,Service,3,C,,,,https://www.nibe.eu/sv-se/partner/nibe-partner-nordkust-ror-och-vvs-ab--sundsvall-85471-service
Nibe Partner Sandsvikens Ror Ab,Sandviken,811 32,SE2,service,Service,3,C,,,,https://www.nibe.eu/sv-se/partner/nibe-partner-sandsvikens-ror-ab--sandviken-81132-service
Nibe Partner Vasternorrlands Bergvarmepumpar Ab,Harnosand,871 30,SE2,service,Service,3,C,,,,https://www.nibe.eu/sv-se/partner/nibe-partner-vasternorrlands-bergvarmepumpar-ab--harnosand-87130-service
Nibe Partner Vattenfall Heat Pump Service Ab,Borlange,781 53,SE2,service,Service,3,C,,,,https://www.nibe.eu/sv-se/partner/nibe-partner-vattenfall-heat-pump-service-ab--borlange-78153-service
Nibe Partner Vattenfall Heat Pump Service Ab,Falun,791 32,SE2,service,Service,3,C,,,,https://www.nibe.eu/sv-se/partner/nibe-partner-vattenfall-heat-pump-service-ab--falun-79132-service
Nordmalings Rorservice Ab,Nordmaling,914 91,SE1,installator,Installatör,3,C,,,,https://www.nibe.eu/sv-se/partner/nordmalings-rorservice-ab--nordmaling-91491-installator
Norr Energi Ab,Umea,903 44,SE1,installator,Installatör,3,C,,,,https://www.nibe.eu/sv-se/partner/norr-energi-ab--umea-90344-installator
Pitea Ror Ab,Pitea,941 33,SE1,installator,Installatör,3,C,,,,https://www.nibe.eu/sv-se/partner/pitea-ror-ab--pitea-94133-installator
Piteors Vvs Ab,Pitea,941 38,SE1,installator,Installatör,3,C,,,,https://www.nibe.eu/sv-se/partner/piteors-vvs-ab--pitea-94138-installator
Rein Ror Ab,Haparanda,953 32,SE1,installator,Installatör,3,C,,,,https://www.nibe.eu/sv-se/partner/rein-ror-ab--haparanda-95332-installator
Robertsfors Ror Ab,Robertsfors,915 70,SE1,installator,Installatör,3,C,,,,https://www.nibe.eu/sv-se/partner/robertsfors-ror-ab--robertsfors-91570-installator
Rorstrom Ab,Borlange,781 53,SE2,service,Service,3,C,,,,https://www.nibe.eu/sv-se/partner/rorstrom-ab--borlange-78153-service
Skelleftea Rorservice Ab,Skelleftea,931 40,SE1,installator,Installatör,3,C,,,,https://www.nibe.eu/sv-se/partner/skelleftea-rorservice-ab--skelleftea-93140-installator
Son O Faders Bygg,Ror Ab  Jokkmokk,962 32,SE1,installator,Installatör,3,C,,,,https://www.nibe.eu/sv-se/partner/son-o-faders-bygg--ror-ab--jokkmokk-96232-installator
Stenmans Vvs Ab,Jorn,936 51,SE1,installator,Installatör,3,C,,,,https://www.nibe.eu/sv-se/partner/stenmans-vvs-ab--jorn-93651-installator
Strombergs Ror Och Allservice Ab,Asele,919 32,SE1,installator,Installatör,3,C,,,,https://www.nibe.eu/sv-se/partner/strombergs-ror-och-allservice-ab--asele-91932-installator
Svenska Vpg Ab,Umea,903 21,SE1,installator,Installatör,3,C,,,,https://www.nibe.eu/sv-se/partner/svenska-vpg-ab--umea-90321-installator
Tf Service Ab,Skelleftea,931 37,SE1,installator,Installatör,3,C,,,,https://www.nibe.eu/sv-se/partner/tf-service-ab--skelleftea-93137-installator
Tps Ror Ab,Kiruna,981 43,SE1,installator,Installatör,3,C,,,,https://www.nibe.eu/sv-se/partner/tps-ror-ab--kiruna-98143-installator
Tvaratrask Rorservice Ab,Blattnicksele,924 92,SE1,installator,Installatör,3,C,,,,https://www.nibe.eu/sv-se/partner/tvaratrask-rorservice-ab--blattnicksele-92492-installator
Umeas Raka Rorinstallationer Ab,Umea,904 26,SE1,installator,Installatör,3,C,,,,https://www.nibe.eu/sv-se/partner/umeas-raka-rorinstallationer-ab--umea-90426-installator
Umia Ab,Umea,903 04,SE1,installator,Installatör,3,C,,,,https://www.nibe.eu/sv-se/partner/umia-ab--umea-90304-installator
Varme Och Kylteknik I Harjedalen Ab,Hede,840 93,SE2,service,Service,3,C,,,,https://www.nibe.eu/sv-se/partner/varme-och-kylteknik-i-harjedalen-ab--hede-84093-service
Vasterbotten Vvs Ab,Byske,934 51,SE1,installator,Installatör,3,C,,,,https://www.nibe.eu/sv-se/partner/vasterbotten-vvs-ab--byske-93451-installator
Vatten,Varme Ab  Gallivare,982 38,SE1,installator,Installatör,3,C,,,,https://www.nibe.eu/sv-se/partner/vatten--varme-ab--gallivare-98238-installator
Vikstroms Vvs,Grav Ab  Skelleftea,931 42,SE1,installator,Installatör,3,C,,,,https://www.nibe.eu/sv-se/partner/vikstroms-vvs--grav-ab--skelleftea-93142-installator
Westman Vvs,Kalix,952 31,SE1,installator,Installatör,3,C,,,,https://www.nibe.eu/sv-se/partner/westman-vvs--kalix-95231-installator
Wfix Vvs,Energi Ab  Lulea,973 41,SE1,installator,Installatör,3,C,,,,https://www.nibe.eu/sv-se/partner/wfix-vvs--energi-ab--lulea-97341-installator
Assemblin Ventilation Ab Gallivare,Gallivare,982 38,SE1,service,Service,2,C,,,,https://www.nibe.eu/sv-se/partner/assemblin-ventilation-ab-gallivare--gallivare-98238-service
Assemblin Ventilation Ab Norrland Kyla,Skelleftea,931 37,SE1,service,Service,2,C,,,,https://www.nibe.eu/sv-se/partner/assemblin-ventilation-ab-norrland-kyla--skelleftea-93137-service
Celsius Energi Ab,Umea,903 30,SE1,service,Service,2,C,,,,https://www.nibe.eu/sv-se/partner/celsius-energi-ab--umea-90330-service
Frost Kyl Vvs Ab,Boden,961 37,SE1,service,Service,2,C,,,,https://www.nibe.eu/sv-se/partner/frost-kyl-vvs-ab--boden-96137-service
Norr Energi Ab,Umea,903 44,SE1,service,Service,2,C,,,,https://www.nibe.eu/sv-se/partner/norr-energi-ab--umea-90344-service
Rein Ror Ab,Haparanda,953 32,SE1,service,Service,2,C,,,,https://www.nibe.eu/sv-se/partner/rein-ror-ab--haparanda-95332-service
Teknisk Fastighetsservice Ab,Lycksele,921 93,SE1,service,Service,2,C,,,,https://www.nibe.eu/sv-se/partner/teknisk-fastighetsservice-ab--lycksele-92193-service
Teknisk Fastighetsservice Ab,Skelleftea,931 37,SE1,service,Service,2,C,,,,https://www.nibe.eu/sv-se/partner/teknisk-fastighetsservice-ab--skelleftea-93137-service
