id,name,url,city,phone,email,address,abo_orgnr,abo_employees,abo_vd_name,abo_vd_role,contact_email,contact_phone,confidence,services_list,se_zone,revenue_ksek,revenue_msek,employees_int,score_services,score_revenue,score_raw,mult_zone,mult_size,score_final,tier,has_water_brand,has_nibe,has_bosch,has_solar,has_ev,has_energiopt,brands_list
varberg-votab,VOTAB VVS & Värmeinstallation,https://www.bad-varme.se/ort/varberg-votab/,Varberg,0340-64 68 00,info@votab.se,Vagnvägen 12,5561383422,20,Erik Linus Gustafsson,Verkställande direktör,info@votab.se,0340-64 68 00,ok,energiopt,4,52997,53.0,20,3,2,5,1.28,1.0,6.4,A,0,0,0,0,0,1,
alingsas,Elterm,https://www.bad-varme.se/ort/alingsas/,Alingsås,0322-123 24,info@elterm.se,Tokebackavägen 16A,5565304713,11,Peter Joakim Andrén,Verkställande direktör,info@elterm.se,0322-123 24,low,"ev_charging,solar,wp_bergvarme,wp_franluft,wp_luft_vatten",3,26019,26.0,11,6,1,7,1.0,0.9,6.3,A,1,1,1,1,1,0,"bosch,ctc,daikin,ivt,mitsubishi,nibe,panasonic"
nybro,Hammarstedts VVS,https://www.bad-varme.se/ort/nybro/,Nybro,0481-76 60 00,erik@hammarstedtsvvs.se,Herkulesgatan 2,5569033458,14,Enar Bertil Edvardsson,Ordförande,erik@hammarstedtsvvs.se,0481-76 60 00,low,,3,36550,36.5,14,4,2,6,1.0,0.9,5.4,A,1,0,0,0,0,0,"ivt,thermia"
filipstad,Bad & Värme Filipstad,https://www.bad-varme.se/ort/filipstad/,Filipstad,0590-130 14,filipstad@bad-varme.se,Bagaregatan 6,5561087338,34,Birger Hans Christian Liljestrand,Verkställande direktör,filipstad@bad-varme.se,0590-130 14,low,,3,155455,155.5,34,2,3,5,1.0,1.0,5.0,A,0,0,0,0,0,0,
fagersta,Martin Palmqvist VVS,https://www.bad-varme.se/ort/fagersta/,Fagersta,0223-161 10,offert@palmqvistvvs.se,Henningsvägen 10,5591285530,6,Per Martin Palmqvist,Ledamot,offert@palmqvistvvs.se,0223-161 10,ok,energiopt,3,10651,10.7,6,4,1,5,1.0,0.9,4.5,B,1,0,0,0,0,1,ivt
hanaskog,VVS-Service i Knislinge,https://www.bad-varme.se/ort/hanaskog/,Hanaskog,044 – 614 11,oskar@savvs.se,Fabriksgatan 5,5590634969,14,Carl Oskar Roger Nordström,Verkställande direktör,oskar@savvs.se,044 – 614 11,low,,3,33701,33.7,14,3,2,5,1.0,0.9,4.5,B,1,0,0,0,0,0,ivt
hova,Hova Rörledningsaffär,https://www.bad-varme.se/ort/hova/,Hova,0506-307 95,info@hovaror.com,Arne Danielssons väg 1,5561681882,47,Anna Ingeborg Danielsson,Verkställande direktör,info@hovaror.com,0506-307 95,ok,,3,114525,114.5,47,2,3,5,1.0,0.9,4.5,B,0,0,0,0,0,0,
horby,Service & Fastighet i Skåne,https://www.bad-varme.se/ort/horby/,Hörby,070-712 87 34,sofror.og@gmail.com,Korsholm 7072,5569856957,46,Jacob Killian Grubits,Verkställande direktör,sofror.og@gmail.com,070-712 87 34,low,,3,102627,102.6,46,2,3,5,1.0,0.9,4.5,B,0,0,0,0,0,0,
laholm,Bad & Värme i Laholm,https://www.bad-varme.se/ort/laholm/,Laholm,0430-10 000 (09:00 – 16:00),butik.laholm@bad-varme.se,Kullsgårdsvägen 43,5569523060,79,Peter Willhelm Johansson,Extern verkställande direktör,butik.laholm@bad-varme.se,0430-10 000 (09:00 – 16:00),low,,3,191021,191.0,79,2,3,5,1.0,0.9,4.5,B,0,0,0,0,0,0,
salen,Installationsgruppen,https://www.bad-varme.se/ort/salen/,Sälen,0280-207 75,badovarme@installationsgruppen.com,Sälenvägen 15,5565830410,43,Anders Erik Valter Karlsson,Verkställande direktör,badovarme@installationsgruppen.com,0280-207 75,low,,3,103726,103.7,43,2,3,5,1.0,0.9,4.5,B,0,0,0,0,0,0,
uddevalla,Installationgruppen Bohuslän,https://www.bad-varme.se/ort/uddevalla/,Uddevalla,010-45 20 840,info@instgruppen.se,Kurödsvägen 3B,5565830410,43,Anders Erik Valter Karlsson,Verkställande direktör,info@instgruppen.se,010-45 20 840,low,,3,103726,103.7,43,2,3,5,1.0,0.9,4.5,B,0,0,0,0,0,0,
veberod,Idala Rörtjänst,https://www.bad-varme.se/ort/veberod/,Veberöd,046-500 98,info@idalaror.se,Skogsängavägen 26,5591776512,9,Patrik Sven Åke Andersson,Ledamot,info@idalaror.se,046-500 98,ok,"wp_franluft,wp_luft_vatten",3,22201,22.2,9,4,1,5,1.0,0.9,4.5,B,1,1,1,0,0,0,"bosch,mitsubishi,nibe"
alingsas-djupedal,Djupedals Rör Alingsås,https://www.bad-varme.se/ort/alingsas-djupedal/,Alingsås,0322-101 06,info@djupedalsror.se,Mejerigatan 6,5564657459,21,Emma Johanna Caroline Nyström,Extern verkställande direktör,info@djupedalsror.se,0322-101 06,low,,3,67071,67.1,21,2,2,4,1.0,1.0,4.0,B,0,0,0,0,0,0,
gnosjo,Gnosjö Rörledningsaffär,https://www.bad-varme.se/ort/gnosjo/,Gnosjö,0370-33 22 90,info@gnosjoror.se,Järnvägsgatan 35,5566027644,22,Erik Anders Sveningsson,Ordförande,info@gnosjoror.se,0370-33 22 90,ok,,3,60110,60.1,22,2,2,4,1.0,1.0,4.0,B,0,0,0,0,0,0,
jonkoping,ManTor,https://www.bad-varme.se/ort/jonkoping/,Jönköping,010-3300560,info@mantor.se,Kämpevägen 17,5568998867,18,Martin Vincent Schildt,Ordförande,info@mantor.se,010-3300560,ok,,3,41112,41.1,18,2,2,4,1.0,1.0,4.0,B,0,0,0,0,0,0,
norrtalje,NM Rör AB,https://www.bad-varme.se/ort/norrtalje/,Norrtälje,0176-22 47 00,info@nmror.se,Abborrvägen 12,5592257108,18,Lennart Niklas Ragnarsson,Ledamot,info@nmror.se,0176-22 47 00,ok,,3,40594,40.6,18,2,2,4,1.0,1.0,4.0,B,0,0,0,0,0,0,
vendelso,Forsmans VVS,https://www.bad-varme.se/ort/vendelso/,Skogås,08-770 85 00,order@forsmansvvs.se,Betongvägen 7,5568818511,31,Fredrik King Richard L Forsman,Verkställande direktör,order@forsmansvvs.se,08-770 85 00,ok,,3,68060,68.1,31,2,2,4,1.0,1.0,4.0,B,0,0,0,0,0,0,
tingsryd,Bad & Värme Tingsryd,https://www.bad-varme.se/ort/tingsryd/,Tingsryd,0477-130 50,tingsryd@bad-varme.se,Lokgatan 3,5565456943,16,Ulf Anders Vilhelm Sjöström,Ledamot,tingsryd@bad-varme.se,0477-130 50,low,wp_bergvarme,3,30155,30.2,16,2,2,4,1.0,1.0,4.0,B,0,0,0,0,0,0,
vasteras,Nya Rörbolaget,https://www.bad-varme.se/ort/vasteras/,Västerås,021-38 04 30,vasteras@bad-varme.se,Retortgatan 5,5560435025,20,Clas-Göran Israelsson,Ordförande,vasteras@bad-varme.se,021-38 04 30,low,,3,49867,49.9,20,2,2,4,1.0,1.0,4.0,B,0,0,0,0,0,0,
mora,Eklunds Mora,https://www.bad-varme.se/ort/mora/,Mora,0250 – 58 50 00,info@eklundsmora.se,Skolvägen 6,5565001798,37,Anders Stefan Eklund,Verkställande direktör,info@eklundsmora.se,0250 – 58 50 00,ok,wp_bergvarme,2,76417,76.4,37,3,2,5,0.78,1.0,3.9,B,1,0,0,0,0,0,thermia
sundsvall,Bryngels,https://www.bad-varme.se/ort/sundsvall/,Sundsvall,060-66 88 55,vvs.sundsvall@bryngels.se,Fredsgatan 20,5567003339,25,Per Mattias Norberg,Extern verkställande direktör,vvs.sundsvall@bryngels.se,060-66 88 55,ok,,2,50446,50.4,25,3,2,5,0.78,1.0,3.9,B,1,0,0,0,0,0,thermia
kvanum-djupedal,Djupedals Rör Kvänum,https://www.bad-varme.se/ort/kvanum-djupedal/,Kvänum,0512-921 00,info@djupedalsror.se,Storgatan 12,5562023159,132,Johan Niklas Efraimsson,Verkställande direktör,info@djupedalsror.se,0512-921 00,low,,3,279084,279.1,132,2,3,5,1.0,0.75,3.75,B,0,0,0,0,0,0,
ludvika,Radiator VVS,https://www.bad-varme.se/ort/ludvika/,Ludvika,0240-13565,ludvika@bad-varme.se,Målarvägen 5,5560271065,470,Andreas Lars Erik Bogren,Verkställande direktör,ludvika@bad-varme.se,0240-13565,low,,3,1089228,1089.2,470,2,3,5,1.0,0.75,3.75,B,0,0,0,0,0,0,
arvika,RSAB Rörservice,https://www.bad-varme.se/ort/arvika/,Arvika,0570-808 03,info@rs-ab.com,Fryksdalsvägen 26,5590284393,7,Stefan Joachim Per-Håkan Nordin,Ledamot,info@rs-ab.com,0570-808 03,ok,,3,11783,11.8,7,3,1,4,1.0,0.9,3.6,B,1,0,0,0,0,0,ivt
vetlanda,Ekenäs Rör AB,https://www.bad-varme.se/ort/vetlanda/,Ekenässjön,0383-347 80,info@ekenasror.se,Brunnsgatan 9,5562984251,7,Klas Fredrik Liljegren,Ledamot,info@ekenasror.se,0383-347 80,low,,3,14326,14.3,7,3,1,4,1.0,0.9,3.6,B,1,0,0,0,0,0,ivt
hjo,Rörfixarna i Hjo,https://www.bad-varme.se/ort/hjo/,Hjo,050312222,hjo@bad-varme.se,Filvägen 6,5566713870,15,Stefan Gunnar Joakim Alexandersson,Verkställande direktör,hjo@bad-varme.se,050312222,ok,,3,34791,34.8,15,2,2,4,1.0,0.9,3.6,B,0,0,0,0,0,0,
rottne,Söders Olja & Rör,https://www.bad-varme.se/ort/rottne/,Rottne,0470-925 50,niklas@sodersror.se,Kopparvägen 6,5561991893,14,Niklas Magnus Johansson,Ordförande,niklas@sodersror.se,0470-925 50,ok,,3,35440,35.4,14,2,2,4,1.0,0.9,3.6,B,0,0,0,0,0,0,
tibro,Rörfixarna i Hjo AB,https://www.bad-varme.se/ort/tibro/,Tibro,0504-129 88,tibro@bad-varme.se,Värsåsvägen 14,5566713870,15,Stefan Gunnar Joakim Alexandersson,Verkställande direktör,tibro@bad-varme.se,0504-129 88,ok,,3,34791,34.8,15,2,2,4,1.0,0.9,3.6,B,0,0,0,0,0,0,
karlstad-jc,Janne Carlson Rör,https://www.bad-varme.se/ort/karlstad-jc/,Vålberg/Karlstad,054-547180,herman.karlsson@nor-schakt.se,Teknikvägen 10,5561673491,9,Hans Erik Karlsson,Verkställande direktör,herman.karlsson@nor-schakt.se,054-547180,ok,wp_bergvarme,3,24873,24.9,9,3,1,4,1.0,0.9,3.6,B,1,0,0,0,0,0,thermia
arjang,Bad & Värme Årjäng,https://www.bad-varme.se/ort/arjang/,Årjäng,0573-100 03,henrik@kakelbutikenab.se,Snickargatan 19,5567645907,14,Henrik Torbjörn Hedefur,Ledamot,henrik@kakelbutikenab.se,0573-100 03,ok,,3,18802,18.8,14,3,1,4,1.0,0.9,3.6,B,1,0,0,0,0,0,thermia
malung,Installationsgruppen,https://www.bad-varme.se/ort/malung/,Malung,0280-130 75,badovarme@installationsgruppen.com,Källvägen 15,5565830410,43,Anders Erik Valter Karlsson,Verkställande direktör,badovarme@installationsgruppen.com,0280-130 75,low,,2,103726,103.7,43,2,3,5,0.78,0.9,3.51,B,0,0,0,0,0,0,
kalmar,VVS Butiken Lindsdals Rör,https://www.bad-varme.se/ort/kalmar/,Kalmar,0480-696 00,kalmar@bad-varme.se,Dagövägen 5,5567808141,6,Kennerth Joakim Karlström,Ledamot,kalmar@bad-varme.se,0480-696 00,ok,,4,12352,12.4,6,2,1,3,1.28,0.9,3.46,B,0,0,0,0,0,0,
kalmar-forlosa,Förlösa Rör,https://www.bad-varme.se/ort/kalmar-forlosa/,Kalmar,0708 – 79 19 88,forlosaror@gmail.com,Flottiljvägen 15,5568047301,6,Simon Jakob Hansson,Ledamot,forlosaror@gmail.com,0708 – 79 19 88,ok,wp_bergvarme,4,21627,21.6,6,2,1,3,1.28,0.9,3.46,B,0,0,0,0,0,0,
osby,Sahlins Rör,https://www.bad-varme.se/ort/osby/,Osby,0479-146 04,osby@bad-varme.se,Tegvägen 5,5565621272,10,Per Olof Sahlin,Ordförande,osby@bad-varme.se,0479-146 04,ok,,4,26489,26.5,10,2,1,3,1.28,0.9,3.46,B,0,0,0,0,0,0,
gavle,Söderbloms Rör,https://www.bad-varme.se/ort/gavle/,Gävle,026-601010,info@soderblomsror.se,Strömsbrovägen 22,5569022980,16,Johan Patrik Karlsson,Ledamot,info@soderblomsror.se,026-601010,ok,,2,31026,31.0,16,2,2,4,0.78,1.0,3.12,B,0,0,0,0,0,0,
hudiksvall,Bryngels,https://www.bad-varme.se/ort/hudiksvall/,Hudiksvall,0650-10790,vvs.hudiksvall@bryngels.se,Granebovägen 3,5567003339,25,Per Mattias Norberg,Extern verkställande direktör,vvs.hudiksvall@bryngels.se,0650-10790,ok,,2,50446,50.4,25,2,2,4,0.78,1.0,3.12,B,0,0,0,0,0,0,
tumba,TermoRör,https://www.bad-varme.se/ort/tumba/,Botkyrka/Tumba,08-51819010,service@termoror.se,Kartvägen 9,5567367148,23,Kent Magnus Johansson,Ledamot,service@termoror.se,08-51819010,low,,3,28711,28.7,23,2,1,3,1.0,1.0,3.0,B,0,0,0,0,0,0,
norrkoping-kolmarden,Bad & Värme i Norrköping/Kolmården,https://www.bad-varme.se/ort/norrkoping-kolmarden/,Norrköping/Kolmården,011-696 63,order@hertzmansvvs.se,Kakelugnsvägen 5,5567135925,22,Martin Karl Bernhard Calderon,Ledamot,order@hertzmansvvs.se,011-696 63,low,,3,24045,24.0,22,2,1,3,1.0,1.0,3.0,B,0,0,0,0,0,0,
solleftea,Rörmokar´n i Sollefteå,https://www.bad-varme.se/ort/solleftea/,Sollefteå,0620-150 15,info@rormokarnsolleftea.se,Bangatan 4,5565158572,13,Christer Niclas Lindberg,Ledamot,info@rormokarnsolleftea.se,0620-150 15,low,,2,36892,36.9,13,2,2,4,0.78,0.9,2.81,C,0,0,0,0,0,0,
habo,Habo Rör,https://www.bad-varme.se/ort/habo/,Habo,036-401 64,linda@haboror.se,Kyrkvägen 17,5564933603,4,Linda Ingegerd Louise Klasson,Verkställande direktör,linda@haboror.se,036-401 64,low,,3,10026,10.0,4,3,1,4,1.0,0.7,2.8,C,1,0,0,0,0,0,ivt
karna,Emil Svensson VVS,https://www.bad-varme.se/ort/karna/,Kärna,0728 63 47 76,emil@vvsinst.se,Hermansby 246,5562558329,4,Emil Alexander Svensson,Ledamot,emil@vvsinst.se,0728 63 47 76,ok,,3,14154,14.2,4,3,1,4,1.0,0.7,2.8,C,1,0,0,0,0,0,ivt
askersund,Askersunds Brunnsborrning,https://www.bad-varme.se/ort/askersund/,Askersund,0583-71 10 77,askbrunn@telia.com,Läggesta 111,5568742570,10,Lars Tobias Elf,Ordförande,askbrunn@telia.com,0583-71 10 77,ok,,3,14784,14.8,10,2,1,3,1.0,0.9,2.7,C,0,0,0,0,0,0,
boras-ror-och-sanitet,Borås Rör & Sanitet,https://www.bad-varme.se/ort/boras-ror-och-sanitet/,Borås,033-10 16 90,info@borasror.se,Segloravägen 20,5565912838,6,Tommy Andreas Johansson,Ledamot,info@borasror.se,033-10 16 90,low,,3,10450,10.4,6,2,1,3,1.0,0.9,2.7,C,0,0,0,0,0,0,
danderyd,24 Rör,https://www.bad-varme.se/ort/danderyd/,Danderyd,08-24 24 20,info@24ror.se,Djursholmsvägen 62,5569437493,8,Enrique Matheo Mussa Valdes,Verkställande direktör,info@24ror.se,08-24 24 20,ok,,3,15595,15.6,8,2,1,3,1.0,0.9,2.7,C,0,0,0,0,0,0,
oland,Degerhamns VVS,https://www.bad-varme.se/ort/oland/,Degerhamn,076-1336980,andreasjohansson@degerhamnsvvs.se,Skiftergatan 8,5592020662,6,Stefan Andreas Patrik Lovrén,Verkställande direktör,andreasjohansson@degerhamnsvvs.se,076-1336980,low,,3,11072,11.1,6,2,1,3,1.0,0.9,2.7,C,0,0,0,0,0,0,
ekero,Wikmans VVS,https://www.bad-varme.se/ort/ekero/,Ekerö (Stenhamra),08-560 449 00,vvs@wikmansvvs.se,Vallviksvägen 116,5561696823,9,Jan Krister Wikman,Verkställande direktör,vvs@wikmansvvs.se,08-560 449 00,ok,,3,18178,18.2,9,2,1,3,1.0,0.9,2.7,C,0,0,0,0,0,0,
eskilstuna,Lundbäcks VVS,https://www.bad-varme.se/ort/eskilstuna/,Eskilstuna,076-113 21 01,lundbacksvvs@gmail.com,Kardangatan 3-5,5567668669,6,Anders Gustaf Lundquist,Ordförande,lundbacksvvs@gmail.com,076-113 21 01,ok,,3,21719,21.7,6,2,1,3,1.0,0.9,2.7,C,0,0,0,0,0,0,
flen,Lundberg & Jonsson Rör,https://www.bad-varme.se/ort/flen/,Flen,0157-10061,info@lundbergjonssonror.se,Åsegatan 8,5562546076,5,Karl Torbjörn Fredriksson,Ordförande,info@lundbergjonssonror.se,0157-10061,ok,,3,10420,10.4,5,2,1,3,1.0,0.9,2.7,C,0,0,0,0,0,0,
gallivare,Lennarts VVS-Tjänst,https://www.bad-varme.se/ort/gallivare/,Gällivare,0970-169 05,info@lennartsvvs.se,Stallarvägen 2,5567772172,10,Bror Lennart Johansson,Ordförande,info@lennartsvvs.se,0970-169 05,ok,"wp_bergvarme,wp_luft_vatten",3,16718,16.7,10,2,1,3,1.0,0.9,2.7,C,0,0,0,0,0,0,
goteborg-filuni,Filuni,https://www.bad-varme.se/ort/goteborg-filuni/,Göteborg,073 – 653 86 81,info@filuni.se,Galvaniseringsgatan 8,5568570716,12,Mirko Boskovic,Ledamot,info@filuni.se,073 – 653 86 81,ok,,3,13870,13.9,12,2,1,3,1.0,0.9,2.7,C,0,0,0,0,0,0,
hagfors,AsCy Rör & Industri,https://www.bad-varme.se/ort/hagfors/,Hagfors,073-816 72 21,info@ascy.se,Hedvägen 7,5568227044,11,Conny Sune Nicklas Gustafsson,Ledamot,info@ascy.se,073-816 72 21,ok,,3,18131,18.1,11,2,1,3,1.0,0.9,2.7,C,0,0,0,0,0,0,
jonkoping-beckmanns,Beckmanns VVS & Energiteknik,https://www.bad-varme.se/ort/jonkoping-beckmanns/,Jönköping​,036-860 88 50,info@beckmanns.nu,Skruvgatan 2,5590213517,9,Björn Per Hans Gunnar Beckman,Ledamot,info@beckmanns.nu,036-860 88 50,ok,,3,19520,19.5,9,2,1,3,1.0,0.9,2.7,C,0,0,0,0,0,0,
karlshamn,Halix VVS,https://www.bad-varme.se/ort/karlshamn/,Karlshamn,0454 – 321 559,halixvvs@gmail.com,Vekerumsvägen 254,5564156908,7,Lars Ragnar Mikael Böös,Ledamot,halixvvs@gmail.com,0454 – 321 559,ok,,3,16819,16.8,7,2,1,3,1.0,0.9,2.7,C,0,0,0,0,0,0,
katrineholm-cv,CV Rör,https://www.bad-varme.se/ort/katrineholm-cv/,Katrineholm,070-77 44 381,ao@cvror.se,Marieborgsgatan 1C,5592434822,9,Johan Vesa,Ledamot,ao@cvror.se,070-77 44 381,ok,,3,23095,23.1,9,2,1,3,1.0,0.9,2.7,C,0,0,0,0,0,0,
katrineholm,Kamin & Kakel i Katrineholm,https://www.bad-varme.se/ort/katrineholm/,Katrineholm,0150-517 40,info@kaminkakel.se,Videvägen 2,5564501079,7,Jan Uno Hultberg,Verkställande direktör,info@kaminkakel.se,0150-517 40,ok,,3,14339,14.3,7,2,1,3,1.0,0.9,2.7,C,0,0,0,0,0,0,
kungshamn,Jonas Rör,https://www.bad-varme.se/ort/kungshamn/,Kungshamn,0523-376 77,info@jonasror.se,Varvsgatan 21B,5568211717,10,Kjell Jonas Gustafsson,Ledamot,info@jonasror.se,0523-376 77,ok,,3,26902,26.9,10,2,1,3,1.0,0.9,2.7,C,0,0,0,0,0,0,
lidingo,Din Lokala Hjälpreda i Lidingö,https://www.bad-varme.se/ort/lidingo/,Lidingö,08-519 933 00,jonny@dinhjalpreda.se,Båtsmansvägen 8,5569811465,13,Jonny Thörn,Ledamot,jonny@dinhjalpreda.se,08-519 933 00,ok,,3,24056,24.1,13,2,1,3,1.0,0.9,2.7,C,0,0,0,0,0,0,
lindesberg,Bergslagens VVS,https://www.bad-varme.se/ort/lindesberg/,Lindesberg,0581-531 00,info@bergslagensvvs.se,Löpargatan 4,5568303266,10,Per Ulf Adam Nilsson,Ledamot,info@bergslagensvvs.se,0581-531 00,ok,,3,24883,24.9,10,2,1,3,1.0,0.9,2.7,C,0,0,0,0,0,0,
linkoping,Bad & Kakel i Linköping,https://www.bad-varme.se/ort/linkoping/,Linköping,013-310890,info@badokakel.se,Industrigatan 11,5566584115,12,Hans Peter Westling,Verkställande direktör,info@badokakel.se,013-310890,low,,3,17163,17.2,12,2,1,3,1.0,0.9,2.7,C,0,0,0,0,0,0,
brastad,"Bad & Värme, Rönnings Rör",https://www.bad-varme.se/ort/brastad/,Lysekil/Brastad,0523-47071,brastad@bad-varme.se,Hallindenvägen 25,5568159635,13,Line Merethe Rönning Åkesson,Ledamot,brastad@bad-varme.se,0523-47071,ok,,3,27845,27.8,13,2,1,3,1.0,0.9,2.7,C,0,0,0,0,0,0,
nora,AVD Värme & Vatten,https://www.bad-varme.se/ort/nora/,Nora,0587-140 58,annica@avdnora.se,Prästgatan 28,5561664920,7,Per Ulf Adam Nilsson,Verkställande direktör,annica@avdnora.se,0587-140 58,low,,3,12431,12.4,7,2,1,3,1.0,0.9,2.7,C,0,0,0,0,0,0,
sala,Silverstadens Rör,https://www.bad-varme.se/ort/sala/,Sala,"0224-18190, 0224-18191",silverstadensror@gmail.com,Gruvvägen 44,5567637854,9,Ove Markus Enstedt,Verkställande direktör,silverstadensror@gmail.com,"0224-18190, 0224-18191",ok,,3,11251,11.3,9,2,1,3,1.0,0.9,2.7,C,0,0,0,0,0,0,
saltsjo-boo,Turex Rör,https://www.bad-varme.se/ort/saltsjo-boo/,Saltsjö-Boo,08-715 56 16,info@turex.se,Telegramvägen 46 c,5561111690,5,Lars Mikael Strand,Verkställande direktör,info@turex.se,08-715 56 16,low,,3,11788,11.8,5,2,1,3,1.0,0.9,2.7,C,0,0,0,0,0,0,
sollentuna,NIRA Rörteknik,https://www.bad-varme.se/ort/sollentuna/,Sollentuna,08-442 00 00,order.sthlm@nirarorteknik.se,Vändvägen 8h,5593088403,13,Anders Nils Rapp,Verkställande direktör,order.sthlm@nirarorteknik.se,08-442 00 00,ok,,3,28004,28.0,13,2,1,3,1.0,0.9,2.7,C,0,0,0,0,0,0,
stockholm-city,Cyklande Rörmokaren,https://www.bad-varme.se/ort/stockholm-city/,Stockholm,08-500 333 70,hej@cyklanderormokaren.se,Pilgatan 5,5590933445,8,Hugo Stig Åke Wolgers,Ledamot,hej@cyklanderormokaren.se,08-500 333 70,ok,,3,11957,12.0,8,2,1,3,1.0,0.9,2.7,C,0,0,0,0,0,0,
strangnas,Buneco,https://www.bad-varme.se/ort/strangnas/,Strängnäs,0152-752424,info@buneco.se,Finningevägen 75,5567494181,8,Kenneth Magnus Nilsson,Ledamot,info@buneco.se,0152-752424,ok,,3,21003,21.0,8,2,1,3,1.0,0.9,2.7,C,0,0,0,0,0,0,
soderkoping,PL VVS,https://www.bad-varme.se/ort/soderkoping/,Söderköping,0121-101 00,peter@plvvs.se,Virkesgatan 6,5591513709,8,Peter Nils Erik Larsson,Ledamot,peter@plvvs.se,0121-101 00,low,,3,16624,16.6,8,2,1,3,1.0,0.9,2.7,C,0,0,0,0,0,0,
sodertalje,Tälje VVS,https://www.bad-varme.se/ort/sodertalje/,Södertälje,08-550 104 64,info@taljevvs.se,Brunnsängsvägen 32,5562920719,7,Mikael Rolf Lars Gunnar Sigren,Extern verkställande direktör,info@taljevvs.se,08-550 104 64,low,,3,16921,16.9,7,2,1,3,1.0,0.9,2.7,C,0,0,0,0,0,0,
tranemo,Tranemo Rör,https://www.bad-varme.se/ort/tranemo/,Tranemo,0325-70049,post@tranemoror.se,Åkerivägen 1,5563293439,6,Staffan Petersson,Ordförande,post@tranemoror.se,0325-70049,low,,3,15852,15.9,6,2,1,3,1.0,0.9,2.7,C,0,0,0,0,0,0,
trosa,Total VVS Trosa,https://www.bad-varme.se/ort/trosa/,Trosa,073-943 65 73,info@totalvvstrosa.se,Industrigatan 9A,5593474900,7,Carolin Isabelle Johansson,Ledamot,info@totalvvstrosa.se,073-943 65 73,ok,,3,13444,13.4,7,2,1,3,1.0,0.9,2.7,C,0,0,0,0,0,0,
upplands-vasby,Fresta VVS,https://www.bad-varme.se/ort/upplands-vasby/,Upplands Väsby,08-590 303 80,info@frestavvs.se,Dagsländevägen 15,5591966998,10,Carl Johan Martin Odehammar,Ledamot,info@frestavvs.se,08-590 303 80,ok,,3,16775,16.8,10,2,1,3,1.0,0.9,2.7,C,0,0,0,0,0,0,
valbo,Nybloms Rör,https://www.bad-varme.se/ort/valbo/,Valbo,026-455 30 30,info@nyblomsror.se,Valbovägen 303,5569018467,6,Johan Daniel Stefansson,Ordförande,info@nyblomsror.se,026-455 30 30,ok,,3,11259,11.3,6,2,1,3,1.0,0.9,2.7,C,0,0,0,0,0,0,
vargarda,Vårgårda VVS,https://www.bad-varme.se/ort/vargarda/,Vårgårda,0322-62 00 60,lennart@vargardavvs.se,Korsgatan 40,5565315933,8,Lennart Inge Kjellson,Ordförande,lennart@vargardavvs.se,0322-62 00 60,ok,,3,16880,16.9,8,2,1,3,1.0,0.9,2.7,C,0,0,0,0,0,0,
vargarda-djupedal,Djupedals Rör Vårgårda,https://www.bad-varme.se/ort/vargarda-djupedal/,Vårgårda,0322-62 33 70,info@djupedalsror.se,Lindbladsvägen 6 A,5565315933,8,Lennart Inge Kjellson,Ordförande,info@djupedalsror.se,0322-62 33 70,low,,3,16880,16.9,8,2,1,3,1.0,0.9,2.7,C,0,0,0,0,0,0,
vanersborg-b-erlandsson,Rörledningsfirma B. Erlandsson,https://www.bad-varme.se/ort/vanersborg-b-erlandsson/,Vänersborg,0521-26 06 60,info@erlandssonror.se,Tenggrenstorpsvägen 13,5564784212,10,Bengt Karl-Johan Kjellner,Ledamot,info@erlandssonror.se,0521-26 06 60,ok,,3,18461,18.5,10,2,1,3,1.0,0.9,2.7,C,0,0,0,0,0,0,
vasteras-hedin,Hedins VVS,https://www.bad-varme.se/ort/vasteras-hedin/,Västerås,021-33 28 00,info@hedinsvvs.se,Signalistgatan 14,5591599070,5,Pontus Mikael Hedin,Ledamot,info@hedinsvvs.se,021-33 28 00,low,,3,13495,13.5,5,2,1,3,1.0,0.9,2.7,C,0,0,0,0,0,0,
goteborg,FP Badrumsspecialisten,https://www.bad-varme.se/ort/goteborg/,Västra Frölunda,073-522 26 64,info@fpbygg.se,August Barks gata 30A,5569945891,10,Peyman Karimi Ghalvazi,Verkställande direktör,info@fpbygg.se,073-522 26 64,ok,,3,20356,20.4,10,2,1,3,1.0,0.9,2.7,C,0,0,0,0,0,0,
vaxjo,Södregårds Rör & Maskin,https://www.bad-varme.se/ort/vaxjo/,Växjö,0470-776 124,info@sodregardsror.se,Södergård 2,5564056819,9,Olof Petter Svensson,Ledamot,info@sodregardsror.se,0470-776 124,ok,,3,19844,19.8,9,2,1,3,1.0,0.9,2.7,C,0,0,0,0,0,0,
stenungsund-odsmal,Ödsmåls Rörläggeri,https://www.bad-varme.se/ort/stenungsund-odsmal/,Ödsmål,070-577 34 97,odsmalsror@telia.com,Ödsmål Industriväg 3,5567906648,7,Lars-Olof Mikael Strömberg,Ledamot,odsmalsror@telia.com,070-577 34 97,ok,,3,13253,13.3,7,2,1,3,1.0,0.9,2.7,C,0,0,0,0,0,0,
orebro-narkes-ror,Närkes Rör,https://www.bad-varme.se/ort/orebro-narkes-ror/,Örebro,019-122602,info@narkesror.se,Aspholmsvägen 14,5560792243,8,Lars Tobias Elf,Verkställande direktör,info@narkesror.se,019-122602,low,,3,21395,21.4,8,2,1,3,1.0,0.9,2.7,C,0,0,0,0,0,0,
oregrund,Öregrunds El & VVS,https://www.bad-varme.se/ort/oregrund/,Öregrund,0173-308 00,info@oregrundsvvs.se,Västergatan 66,5566631767,14,Sandra Cecilia Eriksson,Verkställande direktör,info@oregrundsvvs.se,0173-308 00,ok,,3,27954,28.0,14,2,1,3,1.0,0.9,2.7,C,0,0,0,0,0,0,
bollnas-hedbergs,Hedbergs Rör,https://www.bad-varme.se/ort/bollnas-hedbergs/,Bollnäs,0278-65 34 90,kontoret@hedbergsror.se,Norra Kilaforsvägen 2,5564871779,8,Bernt Ulf Martin Hedberg,Verkställande direktör,kontoret@hedbergsror.se,0278-65 34 90,low,,2,14186,14.2,8,2,1,3,0.78,0.9,2.11,C,0,0,0,0,0,0,
bollnas,Bollnäs Rör,https://www.bad-varme.se/ort/bollnas/,Bollnäs,073-081 67 58,bollnasror@outlook.com,Skjutbanevägen 2,5593391609,5,Johan Tomas Pierre Karismaa,Ledamot,bollnasror@outlook.com,073-081 67 58,ok,,2,17137,17.1,5,2,1,3,0.78,0.9,2.11,C,0,0,0,0,0,0,
sandviken,Hedlunds Rör,https://www.bad-varme.se/ort/sandviken/,Sandviken,026-27 30 75,info@hedlundsror.se,Mossvägen 41,5560904657,11,Arne Kjell Ivar Hedlund,Ledamot,info@hedlundsror.se,026-27 30 75,low,,2,19505,19.5,11,2,1,3,0.78,0.9,2.11,C,0,0,0,0,0,0,
umea,Umeås Raka Rörinstallationer,https://www.bad-varme.se/ort/umea/,Umeå,070-6667703,rakaror.vvs@gmail.com,Förrådsvägen 21J,5569056137,7,Lars Jimmy Vallin,Verkställande direktör,rakaror.vvs@gmail.com,070-6667703,ok,,2,15136,15.1,7,2,1,3,0.78,0.9,2.11,C,0,0,0,0,0,0,
ostersund,Bad & Värme Östersund,https://www.bad-varme.se/ort/ostersund/,Östersund,063-14 01 50,robin@bad-varme.se,Inspektörsvägen 18,5562345594,13,Nils Sören Mårtensson,Ordförande,robin@bad-varme.se,063-14 01 50,low,,2,20525,20.5,13,2,1,3,0.78,0.9,2.11,C,0,0,0,0,0,0,
ornskoldsvik,Domeijs Vatten & Värme,https://www.bad-varme.se/ort/ornskoldsvik/,Arnäsvall/Örnsköldsvik,076-8480659,domeijsvattenvarme@gmail.com,Tävra 114,5592901770,1-4,Lars Johan Granlöf,Ledamot,domeijsvattenvarme@gmail.com,076-8480659,ok,"wp_bergvarme,wp_franluft,wp_luft_vatten",3,13156,13.2,1,2,1,3,1.0,0.7,2.1,C,0,0,0,0,0,0,
bromma,JGS Rör & Värme,https://www.bad-varme.se/ort/bromma/,Bromma,0200-75 19 00,info@jgsab.se,Mariehällsvägen 6,5568659733,4,Tommie Axel Blumenthal,Verkställande direktör,info@jgsab.se,0200-75 19 00,ok,,3,7607,7.6,4,3,0,3,1.0,0.7,2.1,C,1,0,0,0,0,0,ivt
lundsbrunn,Bygdens VVS,https://www.bad-varme.se/ort/lundsbrunn/,Götene/Lundsbrunn,0511-54177,henric@bygdensvvs.se,Ledsjö Kristinebo 6,5592511017,4,Henric Andreas Gustav Stenroos,Verkställande direktör,henric@bygdensvvs.se,0511-54177,ok,,3,7163,7.2,4,3,0,3,1.0,0.7,2.1,C,1,1,0,0,0,0,nibe
hillerstorp,Rörmokeriet,https://www.bad-varme.se/ort/hillerstorp/,Hillerstorp,0370-26165,info@rormokeriet.se,Fabriksgatan 7,5566217211,4,Jimmy Lars Peter Bengtsson,Ledamot,info@rormokeriet.se,0370-26165,low,wp_bergvarme,3,10492,10.5,4,2,1,3,1.0,0.7,2.1,C,0,0,0,0,0,0,
sturko-jamjo,Sturkö-Jämjö Rör & Värmeinstallationer,https://www.bad-varme.se/ort/sturko-jamjo/,Jämjö,0455-606190,info@sjror.se,Torhamnsvägen 25,5569861676,4,Anders Lindahl,Ordförande,info@sjror.se,0455-606190,ok,,3,18224,18.2,4,2,1,3,1.0,0.7,2.1,C,0,0,0,0,0,0,
karlstad-vvs,VVS Design,https://www.bad-varme.se/ort/karlstad-vvs/,Karlstad,070-750 95 82,niclas@vvs-designab.se,Fjärrviksvägen 4,5594112962,1,Johan Marcus Ekwall,Ledamot,niclas@vvs-designab.se,070-750 95 82,low,,3,1906,1.9,1,3,0,3,1.0,0.7,2.1,C,1,0,0,0,0,0,ivt
mellerud,DP Rörservice,https://www.bad-varme.se/ort/mellerud/,Mellerud,0530 – 400 70,kontakt@dprorservice.se,Holmsgatan 8,5590891049,3,Daniel Alexander Persson,Ledamot,kontakt@dprorservice.se,0530 – 400 70,ok,"wp_bergvarme,wp_franluft,wp_luft_vatten",3,10108,10.1,3,2,1,3,1.0,0.7,2.1,C,0,0,0,0,0,0,
norrkoping-ror,VVS-Teknik Norrköping,https://www.bad-varme.se/ort/norrkoping-ror/,Norrköping,073-3168190,tmvvs1998@gmail.com,Malmgatan 4,5595208157,1-4,Tuomo Juhani Mäntylä,Ledamot,tmvvs1998@gmail.com,073-3168190,ok,wp_bergvarme,3,,,1,3,0,3,1.0,0.7,2.1,C,1,0,0,0,0,0,ivt
tjallmo,Tjällmo Vatten & Värme,https://www.bad-varme.se/ort/tjallmo/,Tjällmo,0141-620 90,tjallmo@bad-varme.se,Backgårdsvägen 2 E,5566880885,4,Tobias Gustav Erik Augustsson,Verkställande direktör,tjallmo@bad-varme.se,0141-620 90,ok,wp_bergvarme,3,14684,14.7,4,2,1,3,1.0,0.7,2.1,C,0,0,0,0,0,0,
kungalv,Ytterby Rör AB,https://www.bad-varme.se/ort/kungalv/,Kungälv,0303-92145,david@ytterbyror.se,Truckgatan 2,5561926360,6,Jim Fredrik Jelse,Ordförande,david@ytterbyror.se,0303-92145,low,,3,9432,9.4,6,2,0,2,1.0,0.9,1.8,C,0,0,0,0,0,0,
linkoping-malm,Rörmontage Harry Malm,https://www.bad-varme.se/ort/linkoping-malm/,Linköping,013-12 15 09,rormontage@gmail.com,Gottorpsgatan 45,5566632427,6,Markus Daniel Malm,Verkställande direktör,rormontage@gmail.com,013-12 15 09,ok,,3,9146,9.1,6,2,0,2,1.0,0.9,1.8,C,0,0,0,0,0,0,
vedum,Lundgrens Rör,https://www.bad-varme.se/ort/vedum/,Vedum,0512-405 36,vedum@bad-varme.se,Larvsvägen 40,5568183890,5,Karl Fredrik Lundgren,Ledamot,vedum@bad-varme.se,0512-405 36,low,,3,8904,8.9,5,2,0,2,1.0,0.9,1.8,C,0,0,0,0,0,0,
orebro,Bad & Värme Örebro,https://www.bad-varme.se/ort/orebro/,Örebro,019-106360,orebro@bad-varme.se,Elementvägen 13,5562068063,5,Hans Åke Palmborg,Ledamot,orebro@bad-varme.se,019-106360,low,,3,9537,9.5,5,2,0,2,1.0,0.9,1.8,C,0,0,0,0,0,0,
hassleholm-tyringe,VVS-teamet,https://www.bad-varme.se/ort/hassleholm-tyringe/,Hässleholm,0451-38 18 70,info@vvs-teamet.se,Väpnaregatan 7,5591809248,1,Jan-Ewe Peter Larsson,Ordförande,info@vvs-teamet.se,0451-38 18 70,low,,4,2657,2.7,1,2,0,2,1.28,0.7,1.79,C,0,0,0,0,0,0,
visby,Bad & Värme Visby,https://www.bad-varme.se/ort/visby/,Visby,0498-50076,info@rorobad.se,Hyvelgatan 11,5563916260,1,Birgitta Anna Emelie Amér,Ledamot,info@rorobad.se,0498-50076,low,,4,665,0.7,1,2,0,2,1.28,0.7,1.79,C,0,0,0,0,0,0,
sundsvall-malm,Malms Rör,https://www.bad-varme.se/ort/sundsvall-malm/,Sundsvall,070-278 85 88,stefan@malmsror.se,Universitetsallén 22,5569081341,4,Carl Stefan Malm,Verkställande direktör,stefan@malmsror.se,070-278 85 88,low,,2,9688,9.7,4,3,0,3,0.78,0.7,1.64,C,1,0,0,0,0,0,ivt
lulea,Rörcentrum i Luleå,https://www.bad-varme.se/ort/lulea/,Luleå,0920-108 80,lulea@bad-varme.se,Banvägen 17 B,5591973036,7,Lars Christer Öberg,Ordförande,lulea@bad-varme.se,0920-108 80,ok,wp_bergvarme,1,19910,19.9,7,2,1,3,0.6,0.9,1.62,C,0,0,0,0,0,0,
pitea,Rörcentrum,https://www.bad-varme.se/ort/pitea/,Piteå,0911-927 70,info@rorcentrum.se,Batterigatan 6,5591973036,7,Lars Christer Öberg,Ordförande,info@rorcentrum.se,0911-927 70,low,,1,19910,19.9,7,2,1,3,0.6,0.9,1.62,C,0,0,0,0,0,0,
falkenberg,Calles VVS i Falkenberg,https://www.bad-varme.se/ort/falkenberg/,Falkenberg,0705-90 01 28,calle@callesvvs.se,Stafsinge Krämaregård 202,,,,,calle@callesvvs.se,0705-90 01 28,unresolved,,4,,,0,2,0,2,1.28,0.6,1.54,C,0,0,0,0,0,0,
malmo-triangeln,Kakelidéa Triangeln,https://www.bad-varme.se/ort/malmo-triangeln/,Malmö,040-49 60 56,bad-varme@kakelidea.se,Sankt Johannesgatan 1E,,,,,bad-varme@kakelidea.se,040-49 60 56,unresolved,,4,,,0,2,0,2,1.28,0.6,1.54,C,0,0,0,0,0,0,
varberg,Happy Homes VVS,https://www.bad-varme.se/ort/varberg/,Varberg,070-5677666,info@hhror.se,Härdgatan 33,,,,,info@hhror.se,070-5677666,unresolved,,4,,,0,2,0,2,1.28,0.6,1.54,C,0,0,0,0,0,0,
fjardhundra,Södervad Rör,https://www.bad-varme.se/ort/fjardhundra/,Fjärdhundra,076-005 83 50,info@sodervadror.se,Simtuna södervad 3,5592570583,1-4,Andreas Tommy Emet,Ledamot,info@sodervadror.se,076-005 83 50,ok,,3,5495,5.5,1,2,0,2,1.0,0.7,1.4,C,0,0,0,0,0,0,
jarfalla,Järfälla BadrumsRenovering,https://www.bad-varme.se/ort/jarfalla/,Järfälla,08-583 550 50,info@jbrab.com,Skarprättarvägen 11,5567264709,3,Joacim Nils Tommy Bolin,Verkställande direktör,info@jbrab.com,08-583 550 50,low,,3,4136,4.1,3,2,0,2,1.0,0.7,1.4,C,0,0,0,0,0,0,
karlskrona,Redmos Rör,https://www.bad-varme.se/ort/karlskrona/,Karlskrona,0455-168 00,info@redmos.se,Silvervägen 20,5566742408,3,Kenth Roland Redmo,Ledamot,info@redmos.se,0455-168 00,ok,,3,8345,8.3,3,2,0,2,1.0,0.7,1.4,C,0,0,0,0,0,0,
ljusdal,HP Rör & Värme,https://www.bad-varme.se/ort/ljusdal/,Ljusdal,0651-138 38,info@hpljusdal.se,Södra Järnvägsgatan 50,,,,,info@hpljusdal.se,0651-138 38,unresolved,,2,,,0,3,0,3,0.78,0.6,1.4,C,1,1,0,0,0,0,nibe
norrfors,Olsson VVS,https://www.bad-varme.se/ort/norrfors/,Nordmaling/Bjurholm,070 – 319 20 27,patrik@olssonvvs.se,Nordsjö 42,5566793757,4,Kjell Göran Olsson,Ordförande,patrik@olssonvvs.se,070 – 319 20 27,low,"wp_bergvarme,wp_franluft,wp_luft_vatten",3,8698,8.7,4,2,0,2,1.0,0.7,1.4,C,0,0,0,0,0,0,
rimbo,Aqua VVS,https://www.bad-varme.se/ort/rimbo/,Rimbo,070-835 79 77,info@aquavvs.se,Västra Stockholmsvägen 13,5567661557,4,Karl Conny Ohlsson,Ledamot,info@aquavvs.se,070-835 79 77,low,,3,9442,9.4,4,2,0,2,1.0,0.7,1.4,C,0,0,0,0,0,0,
rydsgard,VVS-Installationer i Rydsgård,https://www.bad-varme.se/ort/rydsgard/,Rydsgård,070-644 20 35,vvsinstallationer@icloud.com,Södergatan 4,5569413130,4,Wictor Eric Bergkvist,Ledamot,vvsinstallationer@icloud.com,070-644 20 35,ok,,3,6782,6.8,4,2,0,2,1.0,0.7,1.4,C,0,0,0,0,0,0,
skelleftea-kage,Holmboms Värme,https://www.bad-varme.se/ort/skelleftea-kage/,Skellefteå/Kåge,0910-72 04 05,kage@bad-varme.se,Storgatan 46,5561137950,2,Lena Kristina Holmbom,Ordförande,kage@bad-varme.se,0910-72 04 05,ok,,3,3787,3.8,2,2,0,2,1.0,0.7,1.4,C,0,0,0,0,0,0,
torsas,LJ Rörteknik,https://www.bad-varme.se/ort/torsas/,Torsås,073-3414006,info@rorteknik.org,Industrigatan 11,5569406878,4,Jonas Mikael Georgsson,Verkställande direktör,info@rorteknik.org,073-3414006,ok,,3,8197,8.2,4,2,0,2,1.0,0.7,1.4,C,0,0,0,0,0,0,
taby,Täby Bad & Värme,https://www.bad-varme.se/ort/taby/,Täby,08-630 07 00,info@badovarme.se,Måttbandsvägen 6-10,5566723713,3,Sven Mattias Marlon Åkerblom,Ledamot,info@badovarme.se,08-630 07 00,ok,,3,6485,6.5,3,2,0,2,1.0,0.7,1.4,C,0,0,0,0,0,0,
vellinge,Wickmans Rör,https://www.bad-varme.se/ort/vellinge/,Vellinge,040-422600,info@wickmansror.se,Spikgatan 8,5592644990,1,Gunnar Krister Daniel Gren,Verkställande direktör,info@wickmansror.se,040-422600,ok,,3,675,0.7,1,2,0,2,1.0,0.7,1.4,C,0,0,0,0,0,0,
akersberga,Bad & Värme Åkersberga,https://www.bad-varme.se/ort/akersberga/,Åkersberga,08-540 229 80,akersberga@bad-varme.se,Stationsvägen 24,5567265532,1-4,Johan Tommy Samuelsson,Ledamot,akersberga@bad-varme.se,08-540 229 80,low,,3,2376,2.4,1,2,0,2,1.0,0.7,1.4,C,0,0,0,0,0,0,
arboga,Rörbolaget i Arboga,https://www.bad-varme.se/ort/arboga/,Arboga,0589-499900,magnus@keror.se,Smedjegatan 2,,,,,magnus@keror.se,0589-499900,unresolved,,3,,,0,2,0,2,1.0,0.6,1.2,C,0,0,0,0,0,0,
balsta,Lindboms Rör,https://www.bad-varme.se/ort/balsta/,Bålsta,0171-511 01,info@lindbomsror.se,Dragrännan 2,,,,,info@lindbomsror.se,0171-511 01,unresolved,,3,,,0,2,0,2,1.0,0.6,1.2,C,0,0,0,0,0,0,
eksjo,Mantor i Eksjö,https://www.bad-varme.se/ort/eksjo/,Eksjö,010-3300560,info@mantor.se,Telegatan 2,,,,,info@mantor.se,010-3300560,unresolved,,3,,,0,2,0,2,1.0,0.6,1.2,C,0,0,0,0,0,0,
enkoping,Bad & Värme Enköping,https://www.bad-varme.se/ort/enkoping/,Enköping,0171-511 01,info@lindbomsror.se,Vagnsgatan 1,5593420309,0,Erik Mikael Henriksson,Ledamot,info@lindbomsror.se,0171-511 01,low,,3,0,,0,2,0,2,1.0,0.6,1.2,C,0,0,0,0,0,0,
falkoping,VVS-teknik i Falköping,https://www.bad-varme.se/ort/falkoping/,Falköping,070-614 72 57,info@vvsteknikfalkoping.se,Nordmannagatan 2,,,,,info@vvsteknikfalkoping.se,070-614 72 57,unresolved,wp_bergvarme,3,,,0,2,0,2,1.0,0.6,1.2,C,0,0,0,0,0,0,
hollviken,Kakel Idéa Höllviken,https://www.bad-varme.se/ort/hollviken/,Höllviken,040-49 60 56,info@kakelidea.se,Brädgårdvägen 28,,,,,info@kakelidea.se,040-49 60 56,unresolved,,3,,,0,2,0,2,1.0,0.6,1.2,C,0,0,0,0,0,0,
be-jarfalla,BE Värme & Sanitet,https://www.bad-varme.se/ort/be-jarfalla/,Järfälla,070-570 52 45,info@bevarme.se,Skarprättarvägen 7 Lokal 28,,,,,info@bevarme.se,070-570 52 45,unresolved,,3,,,0,2,0,2,1.0,0.6,1.2,C,0,0,0,0,0,0,
koping,Bad & Värme K&E Rör,https://www.bad-varme.se/ort/koping/,Köping,0221-140 70,info@keror.se,Hantverkaregatan 21,,,,,info@keror.se,0221-140 70,unresolved,,3,,,0,2,0,2,1.0,0.6,1.2,C,0,0,0,0,0,0,
mariestad,Bad & Värme Mariestad,https://www.bad-varme.se/ort/mariestad/,Mariestad,0501-71660,mariestad@bad-varme.se,Förrådsgatan 45,,,,,mariestad@bad-varme.se,0501-71660,unresolved,,3,,,0,2,0,2,1.0,0.6,1.2,C,0,0,0,0,0,0,
motala,Bad & Värme Butiken,https://www.bad-varme.se/ort/motala/,Motala,0141-21 00 32,motala@bad-varme.se,Medevivägen 71,9164683667,0,,,motala@bad-varme.se,0141-21 00 32,low,,3,,,0,2,0,2,1.0,0.6,1.2,C,0,0,0,0,0,0,
skara,Bad & Värme Wallgrens Rör,https://www.bad-varme.se/ort/skara/,Skara,0511-101 59,skara@bad-varme.se,Mejerigatan 2,,,,,skara@bad-varme.se,0511-101 59,unresolved,,3,,,0,2,0,2,1.0,0.6,1.2,C,0,0,0,0,0,0,
skovde,A.L VVS-Service,https://www.bad-varme.se/ort/skovde/,Skövde,0769-496 401,anders@al-vvsservice.se,Kåsatorpsvägen 4,,,,,anders@al-vvsservice.se,0769-496 401,unresolved,,3,,,0,2,0,2,1.0,0.6,1.2,C,0,0,0,0,0,0,
bromma-nn,Nordvall-Nyman,https://www.bad-varme.se/ort/bromma-nn/,Solna,08-390 692,tomas@nordvallnyman.se,Jungfrudansen 94,,,,,tomas@nordvallnyman.se,08-390 692,unresolved,,3,,,0,2,0,2,1.0,0.6,1.2,C,0,0,0,0,0,0,
stromstad,Bad & Värme Strömstad,https://www.bad-varme.se/ort/stromstad/,Strömstad,0526-66710,stromstad@bad-varme.se,Solrosgatan 3,,,,,stromstad@bad-varme.se,0526-66710,unresolved,,3,,,0,2,0,2,1.0,0.6,1.2,C,0,0,0,0,0,0,
uppsala,J-G Rör AB,https://www.bad-varme.se/ort/uppsala/,Uppsala,018-692848,marie.m@jgror.se,Spikgatan 6,,,,,marie.m@jgror.se,018-692848,unresolved,wp_bergvarme,3,,,0,2,0,2,1.0,0.6,1.2,C,0,0,0,0,0,0,
uppsala-bolanderna,Bad & Värme Boländerna,https://www.bad-varme.se/ort/uppsala-bolanderna/,Uppsala,018-4440404,bolanderna@bad-varme.se,Bolandsgatan 9,,,,,bolanderna@bad-varme.se,018-4440404,unresolved,,3,,,0,2,0,2,1.0,0.6,1.2,C,0,0,0,0,0,0,
ystad,Colorama – Bad & Värme Ystad,https://www.bad-varme.se/ort/ystad/,Ystad,0411-120 70,kontor@12070.se,Titangatan 3,,,,,kontor@12070.se,0411-120 70,unresolved,,3,,,0,2,0,2,1.0,0.6,1.2,C,0,0,0,0,0,0,
gavle-vvs-installatoren,VVS Installatören,https://www.bad-varme.se/ort/gavle-vvs-installatoren/,Gävle,026-12 69 10,info@vvsinstallatoren.se,Strömsbrovägen 35,5569020240,1,Per Olov Holmbom,Ledamot,info@vvsinstallatoren.se,026-12 69 10,low,,2,3554,3.6,1,2,0,2,0.78,0.7,1.09,C,0,0,0,0,0,0,
vemdalen,RMJ Rör,https://www.bad-varme.se/ort/vemdalen/,Vemdalen,076-1459475,rmjror@telia.com,Österlånggatan 29,5565773933,3,Bernt Arthur Kråik,Ledamot,rmjror@telia.com,076-1459475,ok,,2,4676,4.7,3,2,0,2,0.78,0.7,1.09,C,0,0,0,0,0,0,
borlange-vvsgruvan,VVSgruvan,https://www.bad-varme.se/ort/borlange-vvsgruvan/,Borlänge,0243-24 92 60,borlange@vvsgruvan.se,Hantverkargatan 2,,,,,borlange@vvsgruvan.se,0243-24 92 60,unresolved,,2,,,0,2,0,2,0.78,0.6,0.94,D,0,0,0,0,0,0,
