Företagsnamn,Geografi_original,Landskap_original,Revenue_SEK,Employees,Email,Phone,County,Municipality,City,ZipCode,ContactPerson,ContactRole
A4U i Skåne AB,,,2501,2,,0706248227,Skåne,Svalöv,Teckomatorp,268 71,Mattias Erik Tranmosse,Verkställande direktör
AA Kyl & Energiteknik AB,Sävsjö,Småland,4461,2,kylman@icloud.com,0382-72000,Jönköping,Sävsjö,Sävsjö,576 33,Hans Anders Ahlqvist,Ledamot
AA Kyl & Energiteknik AB,,,4461,2,kylman@icloud.com,0382-72000,Jönköping,Sävsjö,Sävsjö,576 33,Hans Anders Ahlqvist,Ledamot
AB AH Cederqvist & Söner,,,16880,8,,047920080,Skåne,Osby,Lönsboda,283 71,Pär Simon Johansson,Verkställande direktör
AB Automat- & Kyltjänst,,,13373,8,,060613340,Västernorrland,Sundsvall,Sundsvall,856 33,Richard Paul Lind,Ordförande
AB Bredin & Co,,,0,0,,0701705273,Gävleborg,Bollnäs,Arbrå,821 61,Anna Margareta Bremin,Ledamot
AB D. Sjölunds Värme,,,68778,24,,,Västernorrland,Örnsköldsvik,Örnsköldsvik,891 63,Nils Peter Sjölund,Ledamot
AB Infjärdens Värme,,,379344,270,,0104144000,Norrbotten,Piteå,Piteå,941 47,Anna Mari Nilsson,Extern verkställande direktör
AB K.G. Karlssons Rörledningsfirma,,,,,,,,,,,,
AB Karlskrona Kylservice,,,12556,4,,045549920,Blekinge,Karlskrona,Nättraby,373 31,Knut Tobias Levin,Extern verkställande direktör
AB Kristianstads Kylservice,,,89153,31,,,Skåne,Kristianstad,Kristianstad,291 36,Knut Tobias Levin,Extern verkställande direktör
AB KVP Service,,,1243,1,,08195019,Stockholm,Haninge,Västerhaninge,137 36,Bernt Olof Fredriksson,Ledamot
AB Kyl & Värmepumpar,Bankeryd,Småland,4554,2,,033270044,Västra Götaland,Borås,Äspered,516 92,Bernd Michael Finkenwirth,Ledamot
AB Rörinstallationer & Smide,,,21923,10,,047731265,Kronoberg,Tingsryd,Tingsryd,362 30,Sven Olof Pontus Olofsson,Ordförande
AB Storå Rör,,,65766,21,,,Örebro,Lindesberg,Storå,711 76,Ellen Kristina Arrestad,Verkställande direktör
AB Sture Anderssons Rörinstallationer,,,,,,,,,,,,
AB Sundåsens Rör,,,8318,3,,066051313,Västernorrland,Örnsköldsvik,Domsjö,892 34,Tony Ingemar Norberg,Verkställande direktör
AB Sävsjö Rörtjänst,,,11092,4,,,Jönköping,Sävsjö,Sävsjö,576 31,Jonny Rune Bo Eriksson,Ordförande
AB Täby VVS och Service,,,29448,8,,,Stockholm,Täby,Täby,187 46,Jesper Carl Wilhelm Törnqvist,Verkställande direktör
AB Vårgårda VVS,,,16880,8,lennart@vargardavvs.se,+46322620060,,,,,Lennart Inge Kjellson,Ordförande
Ac kyl & Värmeteknik,Kallinge,Blekinge,7604,3,,,Blekinge,Ronneby,Kallinge,372 52,Andreas Henrik Ingvar Arvidsson,Ordförande
Activ Kyl & Klimatservice Holm AB,,,18399,8,,086502591,Stockholm,Sollentuna,,,Matts Clas Lennart Holm,Ordförande
Aderbys Rör AB,,,149832,62,,030033700,Halland,Kungsbacka,Kungsbacka,434 37,Patrik Andreas Molander,Verkställande direktör
Adste Klimatkonsult AB,,,,1-4,,,Södermanland,Katrineholm,Katrineholm,641 35,Adam Thure Åke Stenberg,Verkställande direktör
Affes Värmepumpsservice AB,,,6571,3,,,Stockholm,Huddinge,Huddinge,141 33,Alf Roland Lundstedt,Verkställande direktör
AirControl i Borås AB,,,16150,4,,,Västra Götaland,Borås,Borås,504 67,Anders Sven-Olof Johansson,Ordförande
Aktiebolaget Fläktman,,,10955,4,,031519958,Västra Götaland,Mölndal,Mölndal,431 53,Carl Fredrik Sundelius,Ledamot
Aktiebolaget Kyl & Värmepumpar Åkesson & Berglund,,,,,,,,,,,,
Aktiv Kyla Sweden AB,,,2243,1,,,Halland,Kungsbacka,Onsala,439 91,Erik Lennart Sernekvist,Ledamot
Algerstedts AC och Värmepumpservice,,,,,,,,,,,,
All-Round Kyl AB,Göteborg,Västra Götaland,0,0,,031220303,Västra Götaland,Partille,Sävedalen,433 61,Per Ulf Weidenmo,Ordförande
All-Round Kyl AB,,,0,0,,031220303,Västra Götaland,Partille,Sävedalen,433 61,Per Ulf Weidenmo,Ordförande
Alltek 08-018 VVS Installationer AB,,,25938,9,,,Uppsala,Uppsala,Uppsala,754 54,Erik Patrik Boberg,Verkställande direktör
Allvärmeteknik KVV AB,,,36964,23,,012320000,Östergötland,Valdemarsvik,Valdemarsvik,615 32,Jan Peter Karlsson,Ordförande
Ambjörby Rör AB,,,8555,4,,,Värmland,Torsby,Ambjörby,680 52,Per Erik Svensson,Ledamot
AMT Kyl & Värmeteknik AB,,,3889,2,,,Kalmar,Västervik,Västervik,593 38,Pierre Alexander Linde Petersson,Ledamot
Anders Johanssons VVS & Energiteknik AB,,,,,,,,,,,,
Antons Kyl Service HB,,,,,,,,,,,,
APS drift och underhåll AB,,,202099,89,,0317610030,Västra Götaland,Göteborg,Göteborg,417 07,Mikael Sakari Maliniemi,Extern verkställande direktör
B & O Rör- och värmeservice AB,,,11183,4,,,Västra Götaland,Göteborg,Göteborg,417 28,Jan Olof Gunnar Hagberg,Ledamot
B C C - El & Kyla,,,,,,,Östergötland,Ydre,,,,
B J Kylspecialisten AB,Karlshamn,Blekinge,4964,3,,045416236,Blekinge,Karlshamn,Karlshamn,374 40,B J Mikael Björklund Johansson,Ledamot
B.G.H. Konsult AB,,,0,0,,,Skåne,Vellinge,Höllviken,236 38,Bengt Fredrik Jacobson,Ordförande
B.R.A. Berghogens Rör AB,,,57316,15,,0522641282,Västra Götaland,Uddevalla,Uddevalla,451 75,Peter Mattias Bergkvist,Verkställande direktör
B.Widnemark AB,,,2218,1,,,Gotland,Gotland,Visby,622 61,Kim Johannes Widnemark,Ledamot
Bemt AB,,,295919,134,,040599595,Skåne,Malmö,Malmö,212 41,Lars Nicklas Brannefalk,Ledamot
Bemt Nord AB,,,20000,11,,,Västernorrland,Sundsvall,Sundsvall,856 50,Clas Göran Hedblom,Extern verkställande direktör
Bengt Dahlgren Stockholm GEO AB,,,24674,16,,0858888100,Stockholm,Stockholm,Stockholm,120 30,Jose Enrique Acuna Sequera,Verkställande direktör
Bengt Jonssons Brunnsborrning på Tjörn AB,,,30424,14,,0304660777,Västra Götaland,Tjörn,Hjälteby,471 72,Jan Magnus Jonsson,Ordförande
Bengtsfors kommun,,,,1000-1499,,0531526000,Västra Götaland,Bengtsfors,Bengtsfors,666 31,,
Berghults Rör AB,,,6706,2,,0703346608,Jämtland,Krokom,Offerdal,835 97,Hans-Erik Eriksson,Ledamot
Bergkvist Rör & Smide AB,,,3843,2,,,Stockholm,Vallentuna,Brottby,186 97,Björn Owe Bergqvist,Ledamot
Berglunds Kyl & Frys AB,,,2759,1,,040421089,Skåne,Vellinge,Vellinge,235 32,Karl Tommy Alm,Ledamot
Bergslagskyl i Dalarna AB,,,37987,16,,0240591050,Dalarna,Ludvika,Ludvika,771 42,Maria Elisabeth Rudh,Verkställande direktör
Bergsängs Rör AB,,,8250,5,,,Värmland,Hagfors,Ekshärad,683 60,Sara Margaretha Lundin,Ledamot
Bergvärme i Sundsvall AB,,,26439,5,,,Västernorrland,Timrå,Timrå,861 36,Lars Åke Banér,Verkställande direktör
BF Kyla & Värmepumpar AB,,,4554,2,,033270044,Västra Götaland,Borås,Äspered,516 92,Bernd Michael Finkenwirth,Ledamot
BG:s Kyl & Värmeservice i Härnösand AB,,,2849,2,,,Västernorrland,Sundsvall,Matfors,864 31,Jonas Olof Eric Gustafsson,Ledamot
BGE Värmepumpar AB,,,,,,,,,,,,
BJ Kylspecialisten AB,,,,,,,,,,,,
BJ Värmemontage AB,,,31665,10,,,Södermanland,Eskilstuna,Kvicksund,635 31,Bengt Göran Jonasson,Ledamot
Blekinge Kylteknik,Asarum,Blekinge,547,1,,,Blekinge,Karlshamn,Karlshamn,374 38,Peter Håkan Mikael Sjöberg,Ledamot
Blekinge Rör & Svetsteknik AB,,,7898,3,,0766326230,Blekinge,Ronneby,Ronneby,372 30,Mats Robert Jönsson,Verkställande direktör
Blekinge Värmeservice,Karlskrona,Blekinge,12073,3,,,Blekinge,Karlskrona,Karlskrona,371 50,Mats Erik Sixten Pettersson,Verkställande direktör
BLM Kyl & Storkök AB,,,32614,13,,,Jönköping,Jönköping,Jönköping,553 02,Anders Bengt Erik Bjarnehall,Extern verkställande direktör
Blomquist Kylteknik AB,,,38591,12,,,Gävleborg,Bollnäs,Bollnäs,821 50,Olof Andreas Eriksson,Verkställande direktör
BME Kyl AB,,,17202,6,,,Stockholm,Stockholm,Stockholm,113 45,Bo Mikael Engfors,Ledamot
BN Rör Oppmanna AB,,,14034,4,,,Skåne,Kristianstad,Arkelstorp,291 57,Bo Peter Nilsson,Ordförande
Bodafors VVS AB,,,28907,10,,0380370506,Jönköping,Nässjö,Bodafors,571 61,Erik Anton Björklund,Ordförande
Bollnäs Rör AB,,,17137,5,,,Gävleborg,Bollnäs,Bollnäs,821 51,Johan Tomas Pierre Karismaa,Ledamot
Borås Elektrokyl-Energiteknik AB,,,112101,61,,033205520,Västra Götaland,Borås,Borås,504 50,Anders Sven-Olof Johansson,Verkställande direktör
Bredablick VVS Skåne AB,,,8395,6,,,Skåne,Klippan,Klippan,264 36,Ville Valtteri Rantala,Ordförande
Brion Kyl & Ventilationsservice Syd AB,,,,,,,,,,,,
Brunskog Elektriska Edane Rör AB,,,10378,7,,057050187,Värmland,Arvika,Edane,671 70,Ulf Erik Jörgen Johansson,Verkställande direktör
Bryngels AB,,,50446,25,,060668855,Västernorrland,Sundsvall,Sundsvall,852 43,Per Mattias Norberg,Extern verkställande direktör
Bröderna Perssons Rör AB,,,92090,44,,,Västra Götaland,Gullspång,Gullspång,547 31,Patrik Bo Gunnar Persson,Verkställande direktör
Bäkmarks VVS AB,,,,,,,,,,,,
Campus Telge,,,,,,,,,,,,
Canmera Comfort AB,,,80213,50,,0313378300,Västra Götaland,Göteborg,Göteborg,416 57,Bo Anders Gustavsson,Verkställande direktör
Carlshamns Rörteam AB,,,22190,13,,045410243,Blekinge,Karlshamn,Karlshamn,374 32,Tor Johan Robert Martinsson,Ordförande
Carlssons Kylservice i Norrköping AB,,,10102,3,,,Östergötland,Norrköping,Norrköping,605 97,Johan Anders Karlsson,Ordförande
Carlssons Rör i Sunne AB,,,27524,10,,056531119,Värmland,Sunne,Sunne,686 35,David Andreas Lennartsson,Ordförande
Caverion Sverige AB,,,4883743,2285,,,Stockholm,Stockholm,Hägersten,126 30,Lennart Anders Fagerkrantz,Extern verkställande direktör
Ceder VVS & Kyl AB,,,2613,1,,,Västra Götaland,Göteborg,Agnesberg,424 38,Johannes Hanna Dwalibi,Ledamot
Chiller Sverige AB,,,22663,5-9,,,Stockholm,Ekerö,Ekerö,178 31,Joonas Lius,Ordförande
Chris Alltjänst AB,,,125,1,,,Dalarna,Ludvika,Grängesberg,772 40,Christopher Schmitt,Ledamot
Cirkutek,,,,,,,,,,,,
ClimaCheck Sweden AB,,,9532,7,,0855615575,Stockholm,Nacka,Nacka,131 37,Carl Johan Håkansson,Extern verkställande direktör
Climata AB,,,7699,4,,034617098,Halland,Falkenberg,Falkenberg,311 32,Robin Bergbom,Ledamot
Coldfinger AB,,,510,1,,,Stockholm,Haninge,Dalarö,137 70,Per Torbjörn Kardebo,Verkställande direktör
Comfort-kedjan AB,,,319334,28,,019271920,Stockholm,Stockholm,Kista,164 40,Daniel Pierre Ellison,Verkställande direktör
Comfortteknik Klimat & Kylanläggningar i Mölndal AB,,,52863,18,,,Västra Götaland,Mölndal,Mölndal,431 50,Kent Magnus Nordquist,Verkställande direktör
ComfortZone AB,,,82303,48,,,Stockholm,Täby,Täby,183 62,Martin Erik Lugnberg,Verkställande direktör
Constructor Bohman AB,,,5621,3,,,Skåne,Kävlinge,Kävlinge,244 39,Bengt-Göran Bohman,Ledamot
Cool Air Energy kyl & vent AB,,,,,,,,,,,,
Cool island AB,,,3899,1,,,Stockholm,Botkyrka,Tullinge,146 50,Peter Alexander Falk,Ledamot
Coor Service Management AB,,,106246,183,,0105595100,Stockholm,Solna,Solna,171 64,Kajsa Maria Voltaire,Verkställande direktör
Coromatic AB,,,1444233,425,,,Stockholm,Stockholm,Bromma,168 67,Peter Olof Mattias Neuberg,Extern verkställande direktör
Cretec Gislaved AB,,,64455,31,,037082026,Jönköping,Gislaved,Gislaved,332 38,Björn Anders Roger Norlin,Verkställande direktör
Cronlund Industri & VVS AB,,,,,,,,,,,,
CTC AB,,,731068,206,,,Kronoberg,Ljungby,Ljungby,341 34,Nils Tomas Haglund,Verkställande direktör
CTS Climate Test Systems AB,,,44968,6,,0703379572,Västra Götaland,Alingsås,Alingsås,441 95,Kjell Håkan Eriksson,Ordförande
Culligan Storkök AB,,,163143,81,,,Uppsala,Uppsala,Uppsala,754 54,Nils Evert Mattias Källemyr,Verkställande direktör
CWT VVS & Fastighetsteknik AB,,,8504,4,,0855085799,Stockholm,Södertälje,Södertälje,152 42,Johan Conny Westerberg,Verkställande direktör
Dahl Sverige AB,,,10021885,1140,,086272600,Stockholm,Stockholm,Bromma,168 67,Karl Håkan Hedberg,Extern verkställande direktör
Dala Hushållsservice AB,,,6014,3,,025016140,Dalarna,Mora,Mora,792 94,Peter Michael Larsson,Verkställande direktör
"Dala Kyl-, Värme- och Vatten-teknik AB",,,4742,2,,,Dalarna,Falun,Grycksbo,790 20,Hans Joakim Danielsson,Ledamot
Dala Kylmecano AB,,,75659,27,,0243792280,Dalarna,Borlänge,Borlänge,781 72,Bo Anders Ställberg,Verkställande direktör
DALA-FLODA,,,1363,0,,,Dalarna,Gagnef,Dala-Floda,786 95,Eva Charlotta Ersson,Verkställande direktör
Dalarna VVS & Värmeteknik AB,,,9744,4,,,Dalarna,Ludvika,Ludvika,771 42,Mattias Björn Magnusson,Ledamot
Djupviks energiteknik AB,,,4024,1,,,Västerbotten,Umeå,Holmsund,913 35,Johan Fredrik Johnsén,Ledamot
Djärv Kyl AB,,,20157,11,,091056060,Västerbotten,Skellefteå,Skellefteå,931 91,Kjell Sören Grenholm,Ledamot
Dometic Scandinavia AB,,,237578,32,,0317341100,Västra Götaland,Tidaholm,Tidaholm,522 35,Kester Julian Petersson,Extern verkställande direktör
DOMSJÖ,,,2871000,360,,066075600,Västernorrland,Örnsköldsvik,Domsjö,892 50,Björn Olof Vedin,Verkställande direktör
"Donaldson Scandinavia Aps, Danmark, Filial Sverige",,,,5-9,,084718660,Västra Götaland,Lidköping,Lidköping,531 60,Bart Cyriel M. Driesen,Verkställande direktör
Dorotea kommun,,,,200-499,,094214000,Västerbotten,Dorotea,Dorotea,917 32,,
DREM Energy AB,,,15518,11,,,Stockholm,Sigtuna,,,Babak Tighnavard Nyhus,Ordförande
E. Thenanders Rör AB,,,27384,17,,,Dalarna,Borlänge,Borlänge,784 60,Hans Gunnar Lindvall,Verkställande direktör
e.klimat Sverige AB,,,16536,9,,0736409012,Östergötland,Linköping,Linköping,582 73,Lars Johan Olsson,Verkställande direktör
EB Kylservice AB,Göteborg,Västra Götaland,9212,4,,052421690,Västra Götaland,Göteborg,Göteborg,417 07,José Ove Mikael De Almeida Duarte,Ordförande
EB Kylservice i Väst AB,,,9212,4,,052421690,Västra Götaland,Göteborg,Göteborg,417 07,José Ove Mikael De Almeida Duarte,Ordförande
Eco Scandic Oy,,,,,,,,,,,,
Ecoklimat Norden AB,,,10842,7,,020305000,Västmanland,Västerås,Västerås,721 37,Mika Markku Olavi Toivainen,Verkställande direktör
Edekyl & Värme AB,,,291611,96,,,Örebro,Örebro,Örebro,702 27,Anders Fredrik Björklund,Verkställande direktör
Eklunds Mora AB,,,76417,37,info@eklundsmora.se,0250-585000,Dalarna,Mora,Mora,792 32,Anders Stefan Eklund,Verkställande direktör
Eko Energi i Lomma AB,,,34421,2,,,Skåne,Lomma,Lomma,234 35,Carl Oscar Scholtz,Verkställande direktör
Ekovärme i Åmål HB,,,,,,,,,,,,
EKVT Värmeteknik AB,,,12863,6,,0856046600,Stockholm,Stockholm,Bromma,168 31,Hassan Mughrabi,Ledamot
El & Projektering Vetlanda AB,,,105323,45,magnus@el-projektering.se,0383-17840,Jönköping,Vetlanda,Vetlanda,574 38,Magnus Lennart Gustav Teodorsson,Verkställande direktör
El & Värmepumpsteknik/Svensk Butiksupport Björn Olsson,,,,,,,Södermanland,Eskilstuna,,,,
El-Björn AB,,,173671,67,daniel.segerqvist@elbjorn.se,0371-588112,,,,,Carl Stig Conny Hansson,Extern verkställande direktör
Elaffären ELON i Lidköping AB,,,28538,8,,051026320,Västra Götaland,Lidköping,Lidköping,531 60,Anette Christina M Fransson,Ordförande
Electra Olle Jönsson AB,,,21955,11,,042124021,Skåne,Helsingborg,Helsingborg,254 67,Marcus Thomas Olverling,Ledamot
Elektrobyrån Hjo AB,,,153024,94,,050312530,Västra Götaland,Hjo,Hjo,544 50,Claes Christoffer Olbrich,Ordförande
Elektrokyl i Roslagen AB,,,2915,1,,017522777,Stockholm,Norrtälje,Hallstavik,763 43,Stig Göran Holmquist,Ledamot
ELIAS Syd AB,,,106177,69,,0454572300,Blekinge,Karlshamn,Karlshamn,374 93,Bengt Erik Ingemansson,Verkställande direktör
Eliko El och Kylservice AB,,,18113,4,,,Västra Götaland,Stenungsund,Ljungskile,459 91,Simon Karl David Hallman,Verkställande direktör
Elterm i Alingsås AB,,,26019,11,,,Västra Götaland,Alingsås,Alingsås,441 39,Peter Joakim Andrén,Verkställande direktör
Eltjänster Degeberga-Vittskövle AB,,,50793,29,,044350515,Skåne,Kristianstad,Degeberga,297 31,Lena Maria Gerdes,Ordförande
Emils Energi & Fastighetsteknik AB,,,26245,13,,,Västra Götaland,Lidköping,Lidköping,531 70,Carl Anton Kristoffersson,Verkställande direktör
Emperor Pipe AB,,,85740,36,,056314045,Värmland,Hagfors,Hagfors,683 33,Carl Martin Carmesten,Extern verkställande direktör
ENACO Sverige AB,,,210491,50-99,,0102280000,Stockholm,Stockholm,Kista,164 40,Jan Erik Mikael Berggren,Extern verkställande direktör
Enego Klimatsystem AB,,,,,,,,,,,,
Energi & Inneklimat i Norrköping AB,,,47516,22,,011183580,Östergötland,Norrköping,Norrköping,602 13,Lars-Olof Bertilsson,Verkställande direktör
Energi & Klimatgruppen,,,189,0,,,Skåne,Vellinge,Vellinge,235 39,Peter Axel Mikael Hornbeck,Verkställande direktör
Energi & Klimatteknik i Tygelsjö AB,,,17423,7,,040960961,Skåne,Malmö,Malmö,213 77,Daniel Andreas Hansson,Verkställande direktör
Energi & Miljö i Ulricehamn AB,,,22797,13,,032110220,Västra Götaland,Ulricehamn,Ulricehamn,523 31,Patrik David Carlbom,Ordförande
Energi & Värmeteknik i Östra Sverige AB,,,10759,4,,013298590,Östergötland,Mjölby,Mantorp,595 57,Joacim Ulf Andersson,Ordförande
Energi och Klimat Service i Karlskrona AB,,,85200,40,,,Blekinge,Karlskrona,Karlskrona,371 47,Nicklas Joakim Nordström,Verkställande direktör
Energi och Klimatoptimering i Stockholm AB,,,2956,1,,,Stockholm,Tyresö,Tyresö,135 43,Johan Andreas Sandefjärd,Ledamot
Energi-Montage AB,,,26542,8,,,Norrbotten,Luleå,Råneå,955 31,Carl Marcus Eneslätt,Ledamot
Energi&Kylteknik Stockholm AB,,,2869,2,,,Stockholm,Stockholm,Stockholm,118 66,Miquel Wanchai Sangasri Marquez,Ledamot
Energieffektivisering i Sverige AB,,,22044,9,,08279200,Stockholm,Lidingö,Lidingö,181 32,Lars Göran Erixon,Ordförande
Energiförbättring Väst AB,,,85211,32,,0313380010,Västra Götaland,Härryda,Mölnlycke,435 44,Per Tomas Björnsson,Ordförande
Energiinstallation i Sverige AB,,,6148,2,,0708592969,Stockholm,Huddinge,Huddinge,141 37,Fredrik Urban Hellqvist,Verkställande direktör
Energikontroll i Söderköping AB,,,,,,,,,,,,
Energipartner Sverige AB,,,61968,17,,08802805,Stockholm,Stockholm,Bromma,167 71,Carl-Magnus Rosén,Ledamot
Energipartner Österlen AB,,,7918,2,,,Skåne,Simrishamn,Simrishamn,272 36,Lars Peter Ahnelöv,Ledamot
Energiprojekt Stockholm AB,,,18392,7,mikael.gripenberg@energiprojektstockholm.se,070-1434678,Stockholm,Stockholm,Hägersten,126 30,Karl Mikael Gripenberg,Extern verkställande direktör
Energirör i Borås AB,,,28423,11,info@energiror.se,033-13 94 10,Västra Götaland,Borås,Borås,507 42,Peter Georg Sjögren,Verkställande direktör
Energisparkonsult AB,,,70707,18,,0859510570,Stockholm,Sigtuna,Arlandastad,195 60,Erik Richard Albertsson,Verkställande direktör
Energitjänst VK AB,,,39746,13,,,Skåne,Malmö,Limhamn,216 16,Bengt Magnus Axel Holmgren,Ordförande
Energivärme i Stockholm AB,,,32301,9,,086648100,Stockholm,Nacka,Saltsjö-Boo,132 35,Martin Lars Erik Alvefjord,Verkställande direktör
Engstedt Rör AB,,,41263,20,,022661600,Dalarna,Avesta,Krylbo,775 54,Erik Roger Engstedt,Ordförande
ER Kylinstallation AB,,,44017,18,,031-404550,,,,,Per Aksel Rasmussen,Verkställande direktör
Erbeco Värmeteknik AB,,,16247,8,,,Värmland,Karlstad,Karlstad,652 21,Björn Anders Tommy Damberg,Verkställande direktör
Ericssons Rör & El i Sjuhärad AB,,,,,,,,,,,,
ES Energy Save Holding AB,,,5426,10,,,Västra Götaland,Alingsås,Alingsås,441 32,Lars Fredrik Tobias Sävenstrand,Verkställande direktör
ETB Värme Sverige AB,,,38735,16,,,Västra Götaland,Mölndal,Mölndal,431 67,Karl Patrik Olsson,Verkställande direktör
EVERÖD,,,14871,8,joakim.lundkvist@everodsplat.se,070-5370014,Skåne,Kristianstad,Everöd,29772,Hans-Åke Joakim Lundqvist,Verkställande direktör
Everöds Elbyrå AB,,,75677,34,,,Skåne,Kristianstad,Everöd,297 72,Per Tomas Björnsson,Ordförande
Experten Group Service Sverige AB,,,150774,71,,020100052,Stockholm,Stockholm,Spånga,163 53,Tore Erik Hult,Verkställande direktör
FA Energipartner Jämtland AB,,,10316,2,,,Jämtland,Östersund,Brunflo,834 32,Per Anton Sandström,Ordförande
Falu Kyla AB,,,28436,8,,,Dalarna,Falun,Falun,791 44,Karl David Richard Lantz,Verkställande direktör
FEKA Partner AB,,,32949,24,,062057730,Västernorrland,Sollefteå,Sollefteå,881 93,Kent Robert Andersson,Ledamot
Ferla Energy AB,,,149521,34,,0852235600,Stockholm,Nacka,Nacka,131 54,John Uller von Wowern,Verkställande direktör
Finnvedens Lastvagnar AB,,,1761889,259,,036328150,Jönköping,Jönköping,Jönköping,553 02,Johan Ulfson Björnör,Extern verkställande direktör
FINSPÅNG,,,3908474,470,,,Östergötland,Finspång,Finspång,612 31,Anders Gustav Andersson,Extern verkställande direktör
FJÄRDHUNDRA,,,10773,4,,,Uppsala,Enköping,Fjärdhundra,749 72,Sven-Erik Norberg,Ledamot
FKV Kylteknik AB,,,2157,1-4,,,Skåne,Helsingborg,Helsingborg,254 52,Nawfal Mamdooh Oleiwi AL-Shammari,Ledamot
Fläkt Teknik Entreprenad i Karlstad AB,,,212220,79,,,Värmland,Karlstad,Karlstad,,Eric Magnus Forsberg,Verkställande direktör
FMT i Fagersta AB,,,2378,1-4,,,Västmanland,Fagersta,Fagersta,737 93,John Mikael Thille,Ledamot
FMTS Markverkstad Väst,,,,,,,,,,,,
FOMA Consulting AB,,,1520,1,,,Västmanland,Hallstahammar,Hallstahammar,734 38,Carl Mattias Forsman,Ledamot
Forsberg & Tibell Kyl AB,Jönköping,Småland,33730,11,,036132650,Jönköping,Jönköping,Jönköping,554 65,Egon Morgan Samuel Danell,Verkställande direktör
Forsberg & Tibell Kyl AB,,,33730,11,,036132650,Jönköping,Jönköping,Jönköping,554 65,Egon Morgan Samuel Danell,Verkställande direktör
Forsbergs VVS och Energiteknik AB,,,11174,1,,0761314455,Värmland,Grums,Grums,664 34,Jan Erik Daniel Forsberg,Ledamot
FORSERUM,,,16075,11,,038029290,Jönköping,Nässjö,Forserum,571 78,Ingmar Christian Svensson,Verkställande direktör
Forserums Rör AB,,,15457,7,,038021000,Jönköping,Nässjö,Forserum,571 77,Johan Leif Öggesjö,Ordförande
Frigotech AB,,,4164,3,,,Norrbotten,Kiruna,Kiruna,981 43,Ulf Kenneth Magnusson,Verkställande direktör
"Friotherm AG, Filial",,,,5-9,,031655740,Västra Götaland,Göteborg,Göteborg,417 55,Gösta Roland Ingemar Johansson,Verkställande direktör
Friska Fläktar Kyl & Värme AB,,,14356,5,,017610840,Stockholm,Norrtälje,Norrtälje,761 53,Clarence William Lundberg,Ledamot
Frostbiten AB,,,7,1,,,Halland,Halmstad,Halmstad,302 46,Albin Samuel Josefsson,Ledamot
Frys- & Kylservice i Östersund AB,,,65961,22,,063778130,Jämtland,Östersund,Östersund,831 72,Per Håkan Göransson,Extern verkställande direktör
FTX Teknik & Service AB,,,62875,40,,0114009040,Östergötland,Norrköping,Norrköping,602 09,Per Mikael Westberg,Extern verkställande direktör
Garantgruppen AB,,,69164,6,,013154510,Östergötland,Linköping,Linköping,582 73,Lars Jerker Ekermann,Extern verkställande direktör
Gebwell Sverige AB,,,49505,9,,,Stockholm,Stockholm,Älvsjö,125 30,Niklas Olof Brunemalm,Extern verkställande direktör
GK Klimatpolen AB,,,4963,2,,,Stockholm,Upplands Väsby,Upplands Väsby,194 52,Leif Göran Kindberg,Ledamot
Global Infrateknik AB,,,109584,70,,0703034990,Västmanland,Västerås,Västerås,721 37,Roland Tobias Grimerö,Verkställande direktör
Gnosjö Rörledningsaffär AB,,,60110,22,,,Jönköping,Gnosjö,Gnosjö,335 30,Erik Anders Sveningsson,Ordförande
GreenPeak Energi AB,,,27901,9,info@greenpeak.se,073 3919014,Västra Götaland,Partille,SÄVEDALEN,433 63,Hans-Göran Wernberg,Verkställande direktör
Grenholms Kylservice AB,,,42702,20,,090717020,Västerbotten,Umeå,Umeå,901 32,Nils Håkan Karlsson,Verkställande direktör
Grubb & Cronvall VVS & Energiteknik AB,,,16264,7,,026254020,Gävleborg,Sandviken,Sandviken,811 40,Sven Martin Mikael Grubb,Verkställande direktör
Grubbe Ventilation AB,,,33632,15,,090127751,Västerbotten,Umeå,Umeå,903 61,Hans Gustav Fredrik Gustafsson,Ledamot
Grums Rör AB,,,28067,16,,055512405,Värmland,Grums,Grums,664 34,Bernt Nicklas Thuresson,Verkställande direktör
Gräsmyr VVS AB,,,2631,1,,,Västerbotten,Nordmaling,Gräsmyr,914 95,Anders Erling Österlund,Verkställande direktör
GS Kylservice AB,,,1206,1,,,Skåne,Hörby,Hörby,242 35,Gentian Sejdiu,Ledamot
GULLSPÅNG,,,42776,11,,055136440,Västra Götaland,Gullspång,Skagersvik,547 93,Erik Peter Hoffman,Verkställande direktör
Gullspångs kommun,,,,500-999,,055136000,Västra Götaland,Gullspång,Hova,548 32,,
Gunnar Karlsen Sverige AB,,,,,,,,,,,,
Gustavsson’s Energi AB,,,7960,2,,,Dalarna,Avesta,Avesta,,Lars Johan Ingemar Perers,Ordförande
Gute Kyltjänst AB,,,44298,12,,,Gotland,Gotland,Visby,621 41,Erik Olof Ringqvist,Verkställande direktör
Gyljehedens Kyla och Värme AB,,,4045,1,,,Norrbotten,Överkalix,Överkalix,956 91,Nils Fredrik Boström,Ledamot
Gästrike Värmepump & Kyla AB,,,28438,9,,02637170,Gävleborg,Gävle,Gävle,802 93,Hans Gunnar Danielsson,Ordförande
Gävle Kylarservice AB,,,1668,1,,,Gävleborg,Gävle,Gävle,805 96,Jan Olof Folke Jansson,Ledamot
Göinge Kylteknik,Hässleholm,Skåne,4396,2,,,Skåne,Hässleholm,Hässleholm,281 35,Pierre Göran Mikael Andersson,Ledamot
Göteborgs El & Rörjour AB,,,20637,8,,031500120,Västra Götaland,Göteborg,Göteborg,417 05,Glenn Ingemar Olsson,Ledamot
Göthes Sanitet AB,,,11624,8,,,Stockholm,Norrtälje,Norrtälje,761 73,Carl Peter Mårtensson,Verkställande direktör
H Olofssons Plåt i Höör AB,,,37378,19,,041320280,Skåne,Höör,Höör,243 41,Leif Jörgen Johannesson,Verkställande direktör
Hagmans Kyl & Energiteknik AB,Göteborg,Västra Götaland,112015,27,,031214500,Västra Götaland,Göteborg,Hisings Backa,422 46,Jonas Patrik Hagman,Ledamot
Hagmans Kyl & Energiteknik AB,,,112015,27,,031214500,Västra Götaland,Göteborg,Hisings Backa,422 46,Jonas Patrik Hagman,Ledamot
Hallabro Elektriska AB,,,132650,85,,,Kronoberg,Tingsryd,Tingsryd,362 31,Emma Josefin Elheim Karlsson,Verkställande direktör
Hammarstedts Kyl & Inneklimat AB,,,,,,,,,,,,
Hantverksdata Sverige AB,,,0,0,,,Stockholm,Stockholm,,,Joel Allen Russ,Ordförande
Harry P Rör & Värme AB,,,22095,8,,065113838,Gävleborg,Ljusdal,Ljusdal,827 32,Pär Tomas Harrysson,Ledamot
Hedlert i Östersund AB,,,7415,6,hedlert@telia.com,063 571660,Jämtland,Östersund,Östersund,831 48,Pierre Olov Åberg,Verkställande direktör
Hisingens Kylservice AB,,,7735,4,info@hkskyl.se,0520-44 01 68,Västra Götaland,Trollhättan,Sjuntorp,461 77,Kjell Jimmie Hansson,Ledamot
Hittarps Energi AB,,,2390,1,,,Skåne,Helsingborg,Helsingborg,254 82,Carolina Alejandra Lapadatovic,Ledamot
Holje Kylservice AB,,,3160,1,,,Blekinge,Olofström,Olofström,293 37,Bernt Anders Holmström,Ledamot
Holmen Paper AB Hallsta Pappersbruk,,,,,,,,,,,,
Holmgren Kyl och Maskin AB,,,1180,0,,0709960067,Stockholm,Stockholm,Spånga,163 44,Karl Ivan Fredrik Holmgren,Ledamot
Hot n Cold Kylteknik AB,,,,,,,,,,,,
Hova Rörledningsaffär AB,,,114525,47,,,Västra Götaland,Gullspång,Hova,548 32,Anna Ingeborg Danielsson,Verkställande direktör
Hovby Rör AB,,,50600,28,,,Västra Götaland,Lidköping,Lidköping,531 92,Elsa Marianne Kristoffersson,Verkställande direktör
HP Klimatservice AB,,,10436,7,,,Stockholm,Stockholm,Älvsjö,125 34,Johan Carl Wilhelm Carlsson,Extern verkställande direktör
HP Kyla & Värme AB,,,,,,,,,,,,
HSR Kalmar AB,,,2914,2,,,Kalmar,Kalmar,Kalmar,394 70,Stefan Per-Olof Runesson,Ordförande
HT Kyl & Värmepumpsservice AB,,,3931,2,,,Dalarna,Avesta,Avesta,774 35,Anders Olof Hägg,Ordförande
Huddinge Maskinservice AB,,,21590,9,,08 - 711 66 06,Stockholm,Huddinge,Huddinge,141 48,Johan Tony Söderberg,Ledamot
Hälsinge Rör AB,,,28877,12,,0278636000,Gävleborg,Bollnäs,Bollnäs,821 41,Johnny Mikael Alexander Jörnelind,Ledamot
Hälsö Kyl & Värme AB,,,5749,1,,,Västra Götaland,Öckerö,Hälsö,,Lars Peter Gjertz,Ledamot
Härryda Kylservice AB,,,173,1,,031917801,Västra Götaland,Härryda,Landvetter,438 36,Göran Ingvar Johansson,Ledamot
Högsander VVS & Energi AB,,,8989,4,,0480363610,Kalmar,Kalmar,Kalmar,393 65,Lowe Mattias Högsander,Ledamot
Indoor Energy Living Sweden AB,,,20241,7,,086856400,Stockholm,Stockholm,Hägersten,126 49,John David Grängfelt,Verkställande direktör
Indoor Energy Services Sweden AB,,,398465,219,,087645000,Stockholm,Solna,Solna,169 67,Åsa Kristina Wikensten,Verkställande direktör
Industrikyla i Skara AB,,,35906,19,,,Västra Götaland,Skara,Skara,532 40,Joacim Erik Hammarstrand,Verkställande direktör
Inneklimat Jönköping AB,,,56727,14,,0363300995,Jönköping,Värnamo,Värnamo,331 32,Viktor Gustav Emil Gavelli,Verkställande direktör
Inneklimat service i Skandinavien AB,,,26928,7,,,Stockholm,Ekerö,Skå,179 75,Peter Bengt Ferm Langmann,Verkställande direktör
Installationsgruppen i Malung AB,,,68026,35,,,Dalarna,Malung-Sälen,Malung,782 33,Per Lisra Jonas Lundberg,Ledamot
Installigent AB,,,3198,1,,,Jönköping,Jönköping,Jönköping,553 02,Jonas Sebastian Pirttilä,Ledamot
INTEC Stockholm AB,,,,10-19,,,Stockholm,Stockholm,Johanneshov,121 63,Carl Johan Lyxell,Extern verkställande direktör
IOS Luftvärmecenter AB,,,31098,13,,058645660,Örebro,Karlskoga,Karlskoga,691 47,Linda Caroline Ingesdotter Olsson,Ordförande
Isoheat AB,,,317,1,,,Skåne,Staffanstorp,Hjärup,245 63,Anthony Nikola Zivkovic,Ledamot
IV Produkt AB,,,1770395,307,,0470758800,Kronoberg,Växjö,Växjö,352 46,Mattias Alf Magnus Sjöberg,Verkställande direktör
Ivar Hedlunds Rörledningsfirma AB,,,19505,11,info@hedlundsror.se,026273075,Gävleborg,Sandviken,Sandviken,811 32,Arne Kjell Ivar Hedlund,Ledamot
J. Mattssons VVS AB,,,43851,18,,045417712,Blekinge,Karlshamn,Karlshamn,374 34,John Percy Molin,Ordförande
JAB Rör,,,11546,6,,087157560,Stockholm,Nacka,Saltsjö-Boo,132 38,Fredrik Nyström,Ledamot
Jacob Kyl & Värmepump Teknik AB,,,2920,2,,0738001279,Dalarna,Avesta,Krylbo,775 54,Soumer Jacoub,Ledamot
Janne Carlson Rör AB,,,24873,9,,054547180,Värmland,Karlstad,Vålberg,664 52,Hans Erik Karlsson,Verkställande direktör
Jaxes klimatservice AB,,,,0,,,Stockholm,Salem,Rönninge,144 44,Johan Anders Axelsson,Ledamot
JCD Rör & Kylservice AB,,,10131,5,,0703838608,Stockholm,Stockholm,Hägersten,129 46,Jimmy Peter Danielsson,Ordförande
JD Automation AB,,,7726,2,,,Västernorrland,Sundsvall,Kvissleby,862 32,Jens Nils Ove Oskarsson,Ledamot
Jerry Anderssons Rör AB,,,2318,2,,,Skåne,Simrishamn,Hammenhög,276 50,Bengt Uno Jerry Andersson,Ledamot
JL Drift- och fastighetsservice AB,,,1923,2,,,Stockholm,Södertälje,Järna,153 95,Jimmy Juhani Lakanen,Verkställande direktör
JL Värme & Kyla AB,,,4408,2,,,Jämtland,Ragunda,Stugun,844 96,Erik Jesper Lindström,Ledamot
Johan Persson Rör & Värme AB,,,,,,,,,,,,
Johansson o. Gunverth VVS- och El AB,,,43405,35,,030144255,Västra Götaland,Härryda,Rävlanda,438 52,Andreas Aristiadis,Ordförande
Johnson Controls Systems & Service AB,,,470820,66,,011214500,Östergötland,Norrköping,Norrköping,602 28,John Gunnar Fredrik Norrbom,Ledamot
Jonas Nordmark AB,,,2483,1,,,Halland,Kungsbacka,Vallda,434 79,Jonas Lennart Nordmark,Ledamot
Jones Elservice i Idre AB,,,16617,14,,,Dalarna,Älvdalen,Idre,797 71,Bengt Arne Halvarsson,Ledamot
JS Energi AB,,,85791,39,,,Skåne,Helsingborg,Helsingborg,254 68,Göran Peter Andreas Borgman,Verkställande direktör
JS Service AB,,,10511,8,,,Skåne,Svalöv,Svalöv,268 32,Conny Arne Daniel Bernstein,Ordförande
JS Värme- & Kylinstallation AB,,,1705,1-4,,,Dalarna,Hedemora,Hedemora,776 93,Jan Helge Fredrik Söderström,Verkställande direktör
June Kylteknik AB,Jönköping,Småland,7696,4,,036185100,Jönköping,Jönköping,Jönköping,553 02,Peter Thomas Adetun,Ordförande
June Kylteknik AB,,,7696,4,,036185100,Jönköping,Jönköping,Jönköping,553 02,Peter Thomas Adetun,Ordförande
JZ service AB,,,10741,2,,,Halland,Kungsbacka,Kungsbacka,434 39,Ralf Jörgen Zackrisson,Verkställande direktör
Jäders Värme & Sanitet AB,,,57558,36,,091054890,Västerbotten,Skellefteå,Skellefteå,931 60,Hans Arvid Ola Stralström,Verkställande direktör
Jämjö Rör & Energi AB,,,,,,,,,,,,
Jämtlands Energi & Maskinteknik AB,,,5735,4,,064038010,Jämtland,Krokom,Offerdal,835 98,Nils Martin Andersson,Ledamot
Järvsö Värme & Sanitet AB,,,20982,11,,0765345002,Gävleborg,Ljusdal,Järvsö,827 51,Per Christian Lindqvist,Ordförande
"Jönnbua AB, Härjedalens kylservice",,,,,,,,,,,,
K & E Rör AB,,,31484,17,,022114070,Västmanland,Köping,Köping,731 50,Karl Johan Karlsson,Ordförande
K-B Rör AB,,,1549,0,,,Västra Götaland,Göteborg,Göteborg,412 63,Anna Karolina Andersson,Verkställande direktör
K2 Energi AB,,,8707,2,,0709998943,Kronoberg,Lessebo,Hovmantorp,365 42,Magnus Nils-Gustaf Timerdal,Ledamot
Kallernäs Värme- & Kylteknik AB,,,3333,1,,,Örebro,Lindesberg,Storå,711 96,Markus Pierre Persson,Ledamot
Kalmar Kylmontage AB,,,13479,3,,,Kalmar,Kalmar,Kalmar,393 63,Mattias Karl Olle Petersson,Ledamot
Kalmar VVS- & Elmontage AB,,,100654,49,info@kalmarvvs.se,0485-31670,Kalmar,Mörbylånga,Färjestaden,386 32,Stefan Fredrik Strandman,Extern verkställande direktör
Karlshamns Kylservice,Karlshamn,Blekinge,7575,4,,,Blekinge,Karlshamn,Karlshamn,374 32,Jim Ronny Donald Petersson,Ledamot
Karlstad Maskin och Truckservice AB,,,27025,13,,,Värmland,Karlstad,Karlstad,653 50,Ingemar Thobias Larsson,Ordförande
Katrineholms Kylservice AB,,,12305,6,,015010950,Södermanland,Katrineholm,Katrineholm,641 49,Kurt Stefan Glimring,Ordförande
Keyvent Öst AB,,,104376,48,,,Kalmar,Mönsterås,Ålem,384 92,Bo Claes Örman,Verkställande direktör
KIVIK,,,918999,186,,,Skåne,Simrishamn,Kivik,277 35,Jan Thomas Patrik Jensen,Extern verkställande direktör
Kiwa Certification AB,,,125591,68,,018170000,Stockholm,Solna,Solna,169 67,Alf Hans Magnus Lindahl,Verkställande direktör
KiWi i Väst Energi AB,,,25893,7,,,Västra Götaland,Göteborg,Göteborg,412 50,Terese Maria Tapper,Ordförande
KJ Kylteknik & Värmepumpar,Bromölla,Blekinge,,,,,Skåne,Bromölla,,,,
KJ Kylteknik & Värmepumpar,,,,,,,Skåne,Bromölla,,,,
Kjelle Kyla AB,,,1635,1,,,Västerbotten,Skellefteå,Skellefteå,931 92,Ann Eng-Lis Sofie Lindberg Aho,Ledamot
Kjellners Rör AB,,,64534,39,,051210198,Västra Götaland,Vara,Vara,534 31,Karl Emil David Kjellner,Verkställande direktör
KJS i Skara AB,,,26681,8,,0511347490,Västra Götaland,Skara,Skara,532 40,Karl Jonas Svärdh,Ledamot
KLAVRESTRÖM,,,6406,3,,,Kronoberg,Uppvidinge,Klavreström,364 45,Jens Peter Rune Kroon,Ledamot
Klima-Therm AB,,,194213,32,,0313366530,Västra Götaland,Partille,Partille,433 30,Magdalena Aleksandra Rozmiarek,Verkställande direktör
Klimat och VVS-teknik i Värmland AB,,,140635,72,,,Värmland,Hammarö,Hammarö,663 41,Ulf Anders Torehammar,Verkställande direktör
KLIMAT team,Vellinge,Skåne,0,0,,,Skåne,Vellinge,,,Anders Herbert Lindgren,Ordförande
Klimatassistans i Stockholm AB,,,1745,1,,,Stockholm,Österåker,Åkersberga,184 91,John Gustaf Lidbjörk,Ledamot
Klimatgruppen i GBG AB,Göteborg,Västra Götaland,14103,5,,,Västra Götaland,Göteborg,Askim,436 33,Anders Stefan Johansson,Verkställande direktör
Klimatgruppen i Gbg AB,,,14103,5,,,Västra Götaland,Göteborg,Askim,436 33,Anders Stefan Johansson,Verkställande direktör
KLIMATICON I VÄST AB,,,20640,5,,,Västra Götaland,Partille,Sävedalen,433 70,Carl Göran Nylén,Ordförande
Klimatkonsult Peter Modin AB,,,31234,15,,,Stockholm,Stockholm,Spånga,163 45,Bernt Peter Modin,Ledamot
Klimatkontroll Syd AB,,,17400,10,,0406711250,Skåne,Vellinge,Vellinge,235 39,Peter Axel Mikael Hornbeck,Verkställande direktör
Klimatkyl i Malmö AB,,,158538,46,,040394800,Skåne,Burlöv,Arlöv,232 37,Karl Emil Börje Silverberg,Verkställande direktör
Klimatmontage i Dalarna,,,1519,1,,,Dalarna,Gagnef,Dala-Floda,786 95,Mats Anders Lindquist,Ledamot
Klimatmontage i Stockholm AB,,,5252,1,,,Stockholm,Norrtälje,Norrtälje,761 91,Robert Anders Stefan Jönson,Ledamot
Klimatstyrkan i Stockholm AB,,,2300,2,,,Stockholm,Stockholm,Hässelby,165 72,Kjell Moddy Carl Lund Moberg,Verkställande direktör
Klimatteknik Stockholm AB,,,1558,1,,,Stockholm,Tyresö,Tyresö,135 54,Gunnar Mattias Karlsson,Ledamot
Klimatteknik Sydost AB,Karlskrona,Blekinge,16435,6,,,Blekinge,Karlskrona,Karlskrona,371 92,Ernst Robin Gladh,Verkställande direktör
Klimatteknik Sydost AB,,,16435,6,,,Blekinge,Karlskrona,Karlskrona,371 92,Ernst Robin Gladh,Verkställande direktör
Klimio AB,,,34756,10,,,Stockholm,Stockholm,,,Johan Olof Lind,Verkställande direktör
Kolmårdens El & Kylservice,,,7390,2,,,Östergötland,Norrköping,Kolmården,618 34,Daniel Naman Abada,Ledamot
Kraftringen Energi AB,,,1922000,291,,0101227000,Skåne,Lund,Lund,224 57,Sezgin Kadir,Extern verkställande direktör
Kronbergs Kylteknik-kylinstallation,Växjö,Småland,,,,,,,,,,
Kronobergs Kylteknik AB,,,1327,1,,,Kronoberg,Växjö,Växjö,352 45,Hamid Pooyan,Ledamot
KVT AB,Vetlanda,Småland,13996,1,,,Stockholm,Norrtälje,Rimbo,762 92,Lars Georg Kasper Hellström,Verkställande direktör
KVT Stockholm AB,,,6845,2,,08260410,Stockholm,Järfälla,Järfälla,175 62,Edvard Lestaric,Ledamot
Kyl & Ammoniakteknik Calmarsund AB,,,20673,6,,,Kalmar,Kalmar,Trekanten,388 98,Per Johan Anders Höglund,Ledamot
Kyl & Industriteknik i Väst AB,,,16373,4,,,Västra Götaland,Mölndal,Mölndal,431 53,William Franz Giorgi,Ordförande
Kyl & Maskin i Visby AB,,,29803,20,info@kyl-maskin.se,0498 248700,Gotland,Gotland,Visby,621 53,Gustav Håkan Julius Berg,Verkställande direktör
Kyl & Maskinservice i Växjö,Växjö,Småland,11629,7,,,Kronoberg,Växjö,Växjö,352 51,Anders Eric Leif Andersson,Verkställande direktör
Kyl & Tvättspecialisten i Enköping AB,,,8488,2,,,Uppsala,Enköping,Enköping,745 39,Jörgen Skirgård,Ledamot
Kyl & Värmepumpcenter KVPC AB,,,12705,4,,052214040,Västra Götaland,Uddevalla,Uddevalla,451 55,Karl Martin Holger Melin,Ordförande
Kyl & Värmepumpsbolaget i Sverige AB,,,22864,11,,0705573931,Uppsala,Uppsala,Uppsala,754 54,Magnus Jan Emanuel Berlin,Ledamot
Kyl & Värmepumpservice i Stor- Stockholm AB,,,21051,7,info@varmepumpservice.se,08 58010030,Stockholm,Järfälla,Järfälla,175 61,Bo Kenneth Bjällskog,Verkställande direktör
Kyl & Värmespecialisten AB,Anneberg,Småland,403,0,,,Jönköping,Nässjö,Anneberg,571 71,Adam Abdulnasir Hilal,Verkställande direktör
Kyl & Värmeteknik i Syd AB,,,5002,0,,,Halland,Laholm,Laholm,312 92,Jonas Ambjörn Ingvarsson,Ledamot
Kyl & Värmeteknik i Vetlanda AB,,,7990,3,,0767843600,Jönköping,Vetlanda,Vetlanda,574 35,Sven-Åke Borgström,Ordförande
Kyl & Värmeteknik Service i Stockholm AB,,,8149,4,,08181824,Stockholm,Stockholm,Hägersten,129 46,Jan Ulf Petersson,Ordförande
Kyl och Maskinservice i Växjö AB,,,11629,7,,,Kronoberg,Växjö,Växjö,352 51,Anders Eric Leif Andersson,Verkställande direktör
Kyl- & Värmepumpservice Ängelholm AB,,,30175,10,,0768029070,Skåne,Ängelholm,Ängelholm,262 95,Sven Rune Lennart Starnert,Ledamot
Kyl-&Värmepunksservice,Ängelholm,Skåne,,,,,,,,,,
Kyl-Bergman Lennart AB,,,22462,10,,049021551,Kalmar,Västervik,Västervik,593 61,Gunnar Adam Larsson Lockner,Verkställande direktör
Kyl-Effekt AB,Göteborg,Västra Götaland,51218,25,info@kyleffekt.se,031123044,Västra Götaland,Göteborg,Göteborg,417 07,Jonas Nero,Verkställande direktör
Kyl-Effekt AB,,,51218,25,info@kyleffekt.se,031123044,Västra Götaland,Göteborg,Göteborg,417 07,Jonas Nero,Verkställande direktör
"Kyl, El, Hushållsservice AB, KEHAB",,,,,,,,,,,,
Kyla JP AB,,,3101,2,,0706487894,Stockholm,Solna,Solna,171 63,Georgios Charitonidis,Ordförande
KylAcc,,,,,,,Skåne,Trelleborg,,,,
Kylanläggningar i Norrköping AB,,,39108,17,,,Östergötland,Norrköping,Norrköping,602 23,Mats Johan Henrik Hint,Verkställande direktör
Kylbolaget i Väst AB,Uddevalla,Bohuslän,,,,,,,,,,
Kylbolaget Modin & Lundin AB,,,4076,2,,,Stockholm,Stockholm,Bandhagen,124 67,Sune Ingvar Modin,Ledamot
Kylbolaget Väst AB,,,3037,2,,052217700,Västra Götaland,Uddevalla,Uddevalla,451 75,Niklas Mattias Guldner,Verkställande direktör
KylClimat Tech KCT AB,,,21751,8,,058657040,Örebro,Karlskoga,Karlskoga,691 35,Lise-Lotte Helena Eriksson,Verkställande direktör
Kylfas Molins Kylservice & Värmepunpar,Arkelstorp,Skåne,,,,,,,,,,
Kylgruppen AB,,,199418,47,info@kylgruppen.se,08-4452210,Stockholm,Stockholm,HÄGERSTEN,12630,Anders Linders,Verkställande direktör
Kylgruppen Hägersten,Stockholm,,199418,47,info@kylgruppen.se,08-4452210,Stockholm,Stockholm,HÄGERSTEN,12630,Anders Linders,Verkställande direktör
Kylkompetens P&S AB,,,5030,4,,,Stockholm,Sollentuna,Sollentuna,191 36,Piotr Kapela,Verkställande direktör
Kylkontroll Göteborg AB,Göteborg,Västra Götaland,72064,28,info@kylkontroll.se,031-685720,Västra Götaland,Göteborg,Västra Frölunda,421 31,Hans Christer Foleby,Verkställande direktör
KylKontroll Göteborg AB,,,72064,28,info@kylkontroll.se,031-685720,Västra Götaland,Göteborg,Västra Frölunda,421 31,Hans Christer Foleby,Verkställande direktör
Kylkraft,Helsingborg,Skåne,2797,1,,,Skåne,Åstorp,Hyllinge,265 74,Bozo Vincic,Ledamot
Kylmekano i Karlstad AB,,,41188,16,,054566940,Värmland,Karlstad,Karlstad,652 21,Lars Fredrik Johansson,Verkställande direktör
Kylmontage i Ramlösa,Helsingborg,Skåne,8415,4,,,Skåne,Helsingborg,Ramlösa,253 60,Inge Anders Patrik Svensson,Verkställande direktör
Kylmontage Redotem AB,,,92762,20,,,Stockholm,Stockholm,Skarpnäck,128 30,Dan Åke Wikström,Verkställande direktör
Kylmontören i Piteå AB,,,8045,3,,,Norrbotten,Piteå,Piteå,941 51,Frantz Daniel Hancke,Verkställande direktör
Kylmästarna i Stockholm AB,,,54170,16,,0841099990,Stockholm,Huddinge,Skogås,142 50,Jari Mikael Myllylä,Verkställande direktör
Kylpartner i Stockholm AB,,,23873,10,,,Stockholm,Stockholm,Skarpnäck,128 30,Lars Gunnar Håkan Eriksson,Ordförande
Kylprodukter i Kivik AB,,,53839,26,,,Skåne,Simrishamn,Kivik,277 32,Sven Ingvar Bladh,Ordförande
Kylservice Skaraborg AB,,,7664,2,,,Västra Götaland,Lidköping,Lidköping,531 96,Alf Martin Andreas Almqvist,Verkställande direktör
Kyltech i Växjö AB,Växjö,Småland,2061,1,,,Kronoberg,Lessebo,Lessebo,365 31,Dan Janne Gustaf Gustafsson,Ledamot
Kyltech i Växjö AB,,,2061,1,,,Kronoberg,Lessebo,Lessebo,365 31,Dan Janne Gustaf Gustafsson,Ledamot
Kylteknik Bohuslän AB,Stenungsund,Bohuslän,,,,,,,,,,
Kylteknik Norra Halland AB,,,7621,3,,0702988762,Halland,Varberg,Bua,432 63,Pär Mikael Svahn,Ordförande
Kyltjänst i Alingsås AB,,,8069,3,,,Västra Götaland,Alingsås,Alingsås,441 38,Joel Andreas Karlsson,Ledamot
Kyltjänst i Eskilstuna AB,,,63855,20,,016143972,Södermanland,Eskilstuna,Eskilstuna,632 21,Per Yngve Kentson,Verkställande direktör
Kyltjänst Lars Granström AB,,,,1-4,,,Västra Götaland,Vänersborg,Vänersborg,462 32,Lars Carl-Gustav Granström,Ledamot
Kylutbildningen i Göteborg AB,,,3451,2,,,Västra Götaland,Göteborg,Västra Frölunda,421 30,Lars Martin Lembratt,Ledamot
Kylverket AB,,,6617,3,,,Stockholm,Stockholm,Hägersten,126 39,Michael David Hölscher,Ordförande
L o U Anderssons Rör o Sanitet i Orås AB,,,9353,4,,,Skåne,Hörby,Hörby,242 97,Ulf Rickard Leifsson,Ordförande
LA TestTechnik AB,,,3997,1,,030214697,Västra Götaland,Lerum,,,Lars-Olof Andersson,Ledamot
Labkyl AB,,,158682,47,,087675300,Stockholm,Stockholm,Årsta,120 40,Erik Anders Randén,Extern verkställande direktör
LaboTest AB,,,64330,16,,08354360,Stockholm,Upplands Väsby,Upplands Väsby,194 61,Paul Gustave Frohn,Ledamot
Lagermans Kylservice AB,,,3054,1-4,,015243463,Södermanland,Strängnäs,Stallarholmen,645 62,Eric Michael Lagerman,Ledamot
Lassila & Tikanoja FM AB,,,,,,,,,,,,
Lennart Nilsson El & Kylservice AB,,,34206,15,info@elkyl.se,0176-26 30 40,,,,,Lennart Patrick Nilsson,Verkställande direktör
Lennarts VVS-Tjänst i Malmfälten AB,,,16718,10,,,Norrbotten,Gällivare,Gällivare,982 38,Bror Lennart Johansson,Ordförande
LG Electronics Nordic AB,,,2925046,59,,,Stockholm,Stockholm,Kista,164 74,Sanghee Park,Verkställande direktör
Limmareds Rör AB,,,26036,17,,,Västra Götaland,Tranemo,Limmared,514 42,Patrik Gunnar Carlsson,Verkställande direktör
Lindbloms Kyl AB,,,6445,5-9,,,Gävleborg,Ovanåker,Alfta,822 99,Billy Kenneth Lindblom,Ledamot
Lindesbergs VVS/EL AB,,,78699,32,niclas@calmarsundsvvs.se,0480 24000,Kalmar,Kalmar,KALMAR,392 39,Niclas Bengt Åke Moberg,Verkställande direktör
Linds & Källmans AB,,,47394,16,,014053046,Jönköping,Tranås,Tranås,573 38,Per Tomas Björnsson,Ordförande
LL:s Kylteknik i Kristianstad AB,,,112749,31,,044101315,Skåne,Kristianstad,Kristianstad,291 62,Lars Marcus Lindqvist,Verkställande direktör
LN-Kyla AB,,,17410,8,,037092253,Jönköping,Gnosjö,Gnosjö,335 91,Emelie Louise Nydén,Verkställande direktör
Loqvist Energi & Miljövärme AB,,,12627,8,,0709628224,Södermanland,Trosa,Trosa,619 33,Leif Patrik Loqvist,Ledamot
Ludvika kommun,,,,2000-2999,,024086000,Dalarna,Ludvika,Ludvika,771 31,,
Ludvika Kylservice Leif Pettersson AB,,,1955,2,,024015651,Dalarna,Ludvika,Ludvika,771 94,Leif Gunnar Pettersson,Ordförande
Luft Luft Kronoberg,,,,,,,Kronoberg,Växjö,,,,
Luftmiljöbutiken i Stockholm AB,,,11791,9,info@luftmiljobutiken.se,08-612 87 70,Stockholm,Stockholm,Stockholm,113 56,Felix Jan Christer Berglund,Ledamot
Lundgrens Rör i Vedum AB,,,38154,16,,051240536,Västra Götaland,Vara,Vedum,534 60,Dan Allan Tony Lundgren,Verkställande direktör
LV Energi AB,,,13982,6,,,Västra Götaland,Borås,Borås,504 64,Carl Ludvig Norton Åhblom,Ledamot
Lyckeby Kylservice,Lyckeby,Blekinge,,,,,Blekinge,Karlskrona,,,,
Lysviks Vatten & Värme AB,,,6726,2,,,Värmland,Sunne,Lysvik,686 97,Pär Olof Nilsson,Ledamot
MaccMeec Sweden AB,,,22336,12,,036379227,Jönköping,Jönköping,Jönköping,556 52,Olle Wallentin Gustafsson,Ledamot
Maléns Kylservice AB,,,9664,4,,,Halland,Varberg,Varberg,432 46,Jesper Willny Hjalmarsson,Ordförande
Malmberg Energy AB,,,187047,65,,044231833,Skåne,Kristianstad,Yngsjö,296 72,Per Johan Gunnar Wahlström,Extern verkställande direktör
Malmö Fastighetsteknik & Konsult AB,,,4160,2,,,Skåne,Burlöv,Arlöv,232 91,Mikael Bo Jesper Måhlgren,Verkställande direktör
Malte Månson Verkstäder AB,,,355126,163,,019274000,Stockholm,Stockholm,Spånga,163 53,Staffan Erik Lindewald,Verkställande direktör
Marklunds Service AB,,,38269,16,,063778250,Jämtland,Östersund,Östersund,831 72,Lars Peter Eriksson,Verkställande direktör
Martinssons VVS AB,,,4024,1,,,Jämtland,Bräcke,Bräcke,843 92,Ulf Peter Martinsson,Ledamot
Maskintjänst Kyl i Vimmerby AB,,,11058,4,,0705140002,Kalmar,Vimmerby,Vimmerby,598 37,Karl Niclas Andersson,Ledamot
Mats Moberg VVS Service AB,,,4136,2,,,Uppsala,Älvkarleby,Skutskär,814 31,Mats Moberg,Verkställande direktör
Maximum Y2 AB,,,4189,1-4,,,Stockholm,Stockholm,Spånga,163 53,Yusuf Iblikci,Ledamot
MegaWatt Solutions Nordic AB,,,1122,1,,,Stockholm,Stockholm,Stockholm,113 56,Ulf Peter Jonströmer,Verkställande direktör
Mellansvensk Kyl och Vitvaruservice AB,,,4586,3,,,Västmanland,Västerås,Västerås,721 33,Johan Patrick Högback,Ledamot
Menair AB,,,25468,8,Info@menair.se,040 453380,Skåne,Vellinge,Vellinge,235 39,Bengt Åke Torgander,Verkställande direktör
Menerga AB,,,46299,15,,016514880,Södermanland,Eskilstuna,Eskilstuna,633 46,Kent Egil Granberg,Extern verkställande direktör
MH Rörteknik AB,,,12426,3,,022540120,Dalarna,Säter,Stora Skedvi,783 93,Lars Markus Hällbo,Ledamot
Midroc Electro AB,,,,0,,,Gävleborg,Sandviken,,,,
Mjörns Kylteknik,,,0,0,,,Västra Götaland,Partille,,,Björn Johan Ahlström,Ordförande
MK Contracting AB,,,20404,24,,0854020641,Stockholm,Österåker,Åkersberga,184 32,Hans Mikael Forstén,Ordförande
MKF Kyla & Värme AB,,,1578,1,,,Stockholm,Järfälla,Järfälla,175 66,Johan E R Marcus Karlson Fredlund,Ledamot
MKS Service,,,,,,,,,,,,
Molle Energi AB,,,8694,3,,,Gävleborg,Bollnäs,Bollnäs,821 91,Folke Anders Eriksson,Verkställande direktör
Mondi Dynäs AB,,,2785966,377,,0612-83000,,,Väja,97350,Kurt Magnus Kangas,Extern verkställande direktör
Morkarlby Elektromekaniska AB,,,,,,,,,,,,
Månsson Rör & Värmepumpar AB,,,38817,15,,,Östergötland,Norrköping,Norrköping,603 61,Mats Hans Karl Nordén,Verkställande direktör
Månsson Rör & Värmepumpar i Östergötland AB,,,143347,60,,011318880,Östergötland,Norrköping,Norrköping,603 61,Mats Hans Karl Nordén,Verkställande direktör
Månsson Rör & Värmepumpar i ÖstergötlandAB,,,143347,60,,011318880,Östergötland,Norrköping,Norrköping,603 61,Mats Hans Karl Nordén,Verkställande direktör
Mählqvist Rör AB,,,94327,44,,0151518150,Södermanland,Vingåker,Vingåker,643 30,Hans Martin Olov Nilsson,Verkställande direktör
Mälardalens Värmepumpcenter AB,,,107921,32,,,Södermanland,Eskilstuna,Eskilstuna,632 21,Per Tomas Björnsson,Ordförande
Mälarenergi AB,,,4041620,444,,021395050,Västmanland,Västerås,Västerås,721 30,Per Niklas Erik Gunnar,Extern verkställande direktör
Navirum Energi AB,,,2460218,290,,040255000,Skåne,Malmö,Malmö,211 20,Sven Per-Anders Tauson,Verkställande direktör
NB Sverige AB,,,50497,20,,,Stockholm,Haninge,Jordbro,136 50,Henrik Gustav Andersson,Ordförande
NIBE AB,,,170900,113,,090182590,Västerbotten,Umeå,Umeå,906 21,Erik Roland Edin,Verkställande direktör
Ninolab AB,,,8185,7,,0735312374,Dalarna,Leksand,Leksand,793 92,Niclas Bertil Björkstrand,Verkställande direktör
NKI-Kyl AB,,,67569,34,,066082305,Västernorrland,Örnsköldsvik,Örnsköldsvik,891 50,Mattias Daniel Wikström,Verkställande direktör
Nordiskkylservice AB,,,676,0,,,Stockholm,Stockholm,Hässelby,165 76,Mattias Lennart Daniel Johansson,Ledamot
Nordmalings kommun,,,,500-999,,093014000,Västerbotten,Nordmaling,Nordmaling,914 32,,
Nordsvensk Värme AB,,,6387,2,,,Norrbotten,Piteå,Sjulsmark,945 93,Alf Mattias Nilsson,Ledamot
Norr - tek AB,,,1933,1,,,Norrbotten,Haparanda,Haparanda,953 92,Arsi Juhani Melkko,Ledamot
Norra Dals Brunnsborrning AB,,,16423,7,,,Västra Götaland,Dals-Ed,Ed,668 91,Reidun Anett Karlsson,Ordförande
Norrbottens Kyl & Maskinteknik AB,,,38800,18,,0920221310,Norrbotten,Luleå,,,Mats Ture Eriksson,Verkställande direktör
Norrköping Kyltjänst AB,,,2673,1,,,Östergötland,Norrköping,Åby,616 30,Dag Yngve Christian Engdahl,Verkställande direktör
Norrlands Kylservice AB,,,1997,1,,,Norrbotten,Överkalix,Överkalix,956 99,Bo Robert Johansson,Ledamot
Nossebro El-Service AB,,,44266,23,,0512798110,Västra Götaland,Essunga,Nossebro,465 30,Bo Christian Karlsson,Verkställande direktör
NR Kyl AB,Göteborg,Västra Götaland,24204,18,,0708839376,Västra Götaland,Alingsås,Alingsås,441 95,Emil Viktor Johannes Ringström,Verkställande direktör
NR Kyl AB,,,24204,18,,0708839376,Västra Götaland,Alingsås,Alingsås,441 95,Emil Viktor Johannes Ringström,Verkställande direktör
NSB Rörgruppen i Väst AB,,,5903,3,,032012391,Västra Götaland,Mark,Kinna,511 54,Claes Olof Haglund,Ordförande
Nya Vilhelmina Värme AB,,,9688,2,,,Västerbotten,Vilhelmina,Vilhelmina,912 32,Per Tobias Svensson,Ordförande
Nybro VVS-Tjänst AB,,,404,1,,,Kalmar,Nybro,Nybro,382 34,Mattias Bertil Karlsson,Ledamot
Närkes Energiteknik AB,,,21570,8,,,Örebro,Örebro,Örebro,702 36,Carl Marcus Bergfalk,Verkställande direktör
Närkes Rörlednings AB,,,21395,8,info@narkesror.se,019-122602,Örebro,Örebro,Örebro,703 40,Lars Tobias Elf,Verkställande direktör
Oppunda VVS & Kyltjäst AB,,,,,,,,,,,,
Optimal Värmeekonomi AB,,,3531,3,,024813132,Dalarna,Rättvik,Rättvik,795 30,Hans Werner Abrahamsson,Verkställande direktör
Orust Installationsservice AB,,,6892,4,,,Västra Götaland,Orust,Varekil,472 95,Jonas Edvard Berntsson,Ledamot
Ove Lindström Rör AB,,,11390,3,,08358937,Stockholm,Sollentuna,Sollentuna,191 63,Bo Göran Thomas Tärnblom,Verkställande direktör
P. Dahlmans Kylteknik AB,,,58395,21,,,Västra Götaland,Uddevalla,Uddevalla,451 52,Claes Robert Dahlman,Verkställande direktör
P2 Energi AB,,,39193,19,,,Östergötland,Norrköping,Norrköping,602 23,Anders Tobias Cato,Extern verkställande direktör
Partium Industri och Fastighet AB,,,20850,10,,015073261,Södermanland,Katrineholm,Katrineholm,641 39,Christer Einar Johansson,Ledamot
Peo Kyla & Värme i Kumla AB,,,,,,,,,,,,
Per Sandbergs Hushållsservice AB,,,12034,9,,026546261,Gävleborg,Gävle,Gävle,802 92,Per Markus Emanuel Sandberg,Verkställande direktör
Personal Skills PS AB,,,11960,7,,0706472747,Skåne,Trelleborg,Trelleborg,231 32,Kjeld Jörgen Aall-Flood,Verkställande direktör
Peter Edsvik VVS-Service AB,,,22025,10,,08306507,Stockholm,Täby,Täby,183 77,Nils Peter Edsvik,Verkställande direktör
Petterssons bil och traktor AB,,,19500,12,info@petterssonsbil.se,0934-20200,Västerbotten,Robertsfors,Ånäset,915 94,Lars Jesper Sedin,Ledamot
PLVVS & Fastigheter AB,,,16624,8,,,Östergötland,Söderköping,Söderköping,614 31,Peter Nils Erik Larsson,Ledamot
PN Tek i Strömsund AB,,,1339,1,,,Jämtland,Strömsund,Strömsund,833 92,Erik Peter Nordström,Verkställande direktör
Po Optimering AB,,,6729,2,,,Jönköping,Sävsjö,Sävsjö,576 32,Karl Mattias Strömquist,Ledamot
Polo Kylteknik,Jönköping,Småland,13741,8,,,Jönköping,Jönköping,Jönköping,553 02,Patrik Mats Spjuth,Verkställande direktör
Polo Kylteknik AB,,,13741,8,,,Jönköping,Jönköping,Jönköping,553 02,Patrik Mats Spjuth,Verkställande direktör
Proa Kyl- och Värmepumpsteknik AB,,,5551,1,,0500488888,Västra Götaland,Falköping,Stenstorp,521 62,Sven Olof Staffan Romfelt,Ordförande
Proxitron AB,,,7643,0,,,Östergötland,Söderköping,Söderköping,614 34,Carl-Johan Bondesson,Verkställande direktör
Qlimat & Energi System QES AB,,,5687,2,,,Stockholm,Vallentuna,Vallentuna,186 42,Carl Roger Westberg,Ledamot
Qvalitetsteknik mellansverige AB,,,48068,27,,,Gävleborg,Gävle,Gävle,803 01,Per Niklas Rosén,Extern verkställande direktör
Qvantum Energi AB,,,0,0,,,Västernorrland,Sundsvall,Sundsvall,852 38,Karl Anders Wibron,Ledamot
R.Eks Plåt & Vent. Service AB,,,44584,29,,,Dalarna,Avesta,Krylbo,775 54,John Henrik Ek,Extern verkställande direktör
Radiator VVS AB,,,1089228,470,,019273000,Örebro,Örebro,Örebro,702 27,Andreas Lars Erik Bogren,Verkställande direktör
RC Rör AB,,,16477,9,,0222779990,Västmanland,Skinnskatteberg,Skinnskatteberg,739 30,Rauno Ilmari Perälä,Ordförande
RDM Installation AB,,,3955,1-4,,0728564455,Uppsala,Knivsta,Knivsta,741 42,Rasmus Emanuel Dahlström,Ledamot
REFCON AB,,,4509,4,,046354080,Skåne,Lund,Lund,224 78,Margot Matilda Andrén,Ordförande
Refrico AB,,,395932,41,,,Västra Götaland,Partille,Sävedalen,433 61,Lars Peter Caban,Extern verkställande direktör
Relaxab AB,,,585,0,,,Halland,Varberg,Varberg,432 46,George Ornek,Ledamot
Renluft Hammarö AB,,,2856,2,,054521828,Värmland,Hammarö,Hammarö,663 40,Fredrik Niklas Axelsson,Ordförande
Revider Energi Service AB,,,16989,8,,,Stockholm,Sollentuna,Sollentuna,192 51,Saeed Zainali,Verkställande direktör
Rimbo Rörservice AB,,,0,0,,,Stockholm,Norrtälje,,,Björn Arne Wiberg,Ledamot
RM Kylteknik AB,,,21414,14,,0706979631,Halland,Varberg,Varberg,432 32,Horst Helmuth Kurt Kärräng,Ordförande
Rockneby VVS-Service AB,,,7493,3,,,Kalmar,Kalmar,Rockneby,395 94,Per-Erik Lennart Karlsson,Ledamot
Rosendahl Ögrens Kyl & Energi AB,,,12988,6,,,Västerbotten,Umeå,Umeå,901 33,Lars Mikael Zakrisson,Extern verkställande direktör
Roslagens Pump AB,,,6273,4,,,Stockholm,Norrtälje,Yxlan,760 18,Björn Helge Blomgren,Ledamot
Roslagens Styrinstallation AB,,,101838,45,,,Stockholm,Norrtälje,Norrtälje,761 43,Patrik Simoncic,Verkställande direktör
Rototec AB,,,199312,20,,0856821800,Stockholm,Upplands Väsby,Upplands Väsby,194 92,Jonas Albin Klarin,Extern verkställande direktör
RPA-Engineering AB,,,5126,3,,,Skåne,Svedala,Svedala,233 36,Per Richard Alenius,Ledamot
RPS Kyla Värme AB,Gränna,Småland,5120,2,,,Jönköping,Jönköping,Gränna,563 32,Philip Lennart Agne Sundkvist,Ledamot
Rydell & Lembke Kyl- och Värmeteknik AB,,,31766,11,,,Östergötland,Norrköping,Norsholm,617 92,Peter Lennart Lembke,Verkställande direktör
Rättviks VVS AB,,,19526,11,info@rattviksror.se,0248609150,Dalarna,Rättvik,Rättvik,795 32,Ulf Peter Back,Ledamot
Rör & Energiservice i Köping AB,,,3938,2,,022112232,Västmanland,Köping,Köping,731 92,Stefan Christian Hamrin,Ledamot
Rör & Värmeteknik i Sundsvall AB,,,9612,5,,0703753920,Västernorrland,Sundsvall,Sundsvall,856 33,Johan Mattias Lundstedt,Ordförande
Rör-Karlsson Kyl AB,,,11553,6,,049943032,Kalmar,Mönsterås,Ålem,384 40,Bo Nils-Åke Eriksson,Verkställande direktör
Rör-Olsson i Kimstad AB,,,9543,3,,01153090,Östergötland,Norrköping,Kimstad,617 71,Hans Bertil Olsson,Ledamot
Rör-Teknik Energi i Östersund AB,,,54441,22,,063199191,Jämtland,Östersund,Östersund,831 48,Magnus Viktor Ågren,Verkställande direktör
Rördoktorn N.E. AB,,,33649,18,,087771500,Stockholm,Haninge,Haninge,136 47,Ronni Valter Gustafsson,Extern verkställande direktör
Rörfirma Sven Pettersson AB,,,16030,9,,,Västmanland,Fagersta,Fagersta,737 30,Leif Åke Holmgren,Ledamot
Rörfix i Veddige AB,,,16114,10,ae@rorfix.se,0340 - 307 57,Halland,Varberg,Veddige,432 67,Anders Lennart Eriksson,Ledamot
Rörmannen i Bromma AB,,,41331,15,,,Stockholm,Stockholm,Spånga,163 46,Jan Ronnie Rickard Ericsson,Verkställande direktör
Rörmockarn i Sollefteå AB,,,36892,13,info@rormokarnsolleftea.se,0620-150 15,Västernorrland,Sollefteå,Sollefteå,881 32,Christer Niclas Lindberg,Ledamot
Rörmokarn i Byn Mora AB,,,27944,13,,,Dalarna,Mora,Mora,792 36,Stor Per Johan Emanuelsson,Ledamot
Rörmokeriet Anders & Mattias AB,,,28040,9,,,Jönköping,Gnosjö,Hillerstorp,335 73,Emil Mattias Svensson,Ordförande
Rörpac AB,,,4944,1,,031441030,Västra Götaland,Göteborg,Göteborg,412 52,Thore Patrik Hagström,Ledamot
Rörteam Roslagen AB,,,15977,7,,017312070,Uppsala,Östhammar,Östhammar,742 34,Jon Martin Löfström,Ledamot
RörTek Sverige AB,,,1982,1,,,Örebro,Örebro,Örebro,705 91,Andreas Karl Peter Nordström,Verkställande direktör
Rörtjänst i Mellerud AB,,,20452,6,,053010993,Västra Götaland,Mellerud,Mellerud,464 33,Hans Fredrik Sebastian Tahiri,Ordförande
Rörtjänst Åsarna,,,,,,,,,,,,
S P Sahlins Rör AB,,,26489,10,,047914604,Skåne,Osby,Osby,283 45,Per Olof Sahlin,Ordförande
S. Holmgrens Väst AB,,,82458,44,,0313400300,Västra Götaland,Partille,Partille,433 33,Jan Christian Backman,Verkställande direktör
Samsung Electronics Nordic AB,,,19542652,288,,,Stockholm,Stockholm,Kista,164 40,Ji Hoon Kim,Verkställande direktör
Sandbergs Rör i Urshult AB,,,20291,6,,047720240,Kronoberg,Tingsryd,Urshult,362 54,Karin Magdalena Carlsson,Verkställande direktör
Sandblom Kylcenter Invest AB,,,9238,3,,08933055,Stockholm,Stockholm,Skarpnäck,128 30,Bengt Stefan Sandblom,Ledamot
Sandbäckens Rör i Landskrona / Helsingborg AB,,,5122,3,info@ksentreprenad.com,070-147 33 29,Skåne,Helsingborg,Påarp,253 53,Kim Sammy Sjöstrand,Ledamot
Sandbäckens Rör i Ronneby AB,,,93784,36,,0457635540,Blekinge,Ronneby,Ronneby,372 31,Sonny Ingemar Lennart Johansson,Verkställande direktör
SetEl.se i Simrishamn AB,,,19967,10,,,Skåne,Simrishamn,Simrishamn,272 36,Nils Anton Åberg,Ledamot
Skandinavian Kyla Värme Service,,,,,,,Stockholm,Upplands Väsby,,,,
Skandinavien Storkök AB,,,7357,1-4,,,Stockholm,Södertälje,Södertälje,152 50,Harbi Hanna Hermez,Ledamot
Skånes Kylteknik AB,,,,1-4,,,Skåne,Simrishamn,Sankt Olof,277 40,Åke Martin Wahlqvist,Ledamot
Skånska Energilösningar SELAB AB,,,54887,32,,,Skåne,Helsingborg,Helsingborg,254 68,Nils Bengt Greger Olsson,Extern verkställande direktör
Skövde Kylteknik AB,,,9379,4,,0500452090,Västra Götaland,Falköping,Stenstorp,521 62,Mats Fredrik Boström,Verkställande direktör
Smålands Kyl & Värme AB,Växjö,Småland,2574,1,,,Kronoberg,Växjö,Växjö,352 45,Zainab Raed Hameed Hameed,Ledamot
Solar Energy Group Sweden AB,,,61722,18,,,Gävleborg,Gävle,Gävle,802 93,Oskar Simon Niclas Appelquist,Extern verkställande direktör
Stageklints Värmepumpar & Kylservice,,,6138,1,,,Örebro,Örebro,Stora Mellösa,715 92,Lars-Eric Arne Stageklint,Verkställande direktör
Stay Cool i Älandsbro AB,,,10924,5,,,Västernorrland,Härnösand,Älandsbro,871 71,Per Christer Johansson,Ledamot
Steeltech i Alingsås AB,,,101149,55,,,Västra Götaland,Alingsås,Alingsås,441 38,Lars Peter Göransson,Extern verkställande direktör
Stevo´s Storkök AB,,,60961,0,,0853031413,Stockholm,Botkyrka,Norsborg,145 53,Boris Graholski,Verkställande direktör
Stewarts Kylservice AB,,,10170,7,,,Västra Götaland,Ale,Älvängen,446 32,Robert Egon Stewart,Verkställande direktör
Stig Hilmersson Elservice AB,,,,,,,,,,,,
Strandberg Energikonsult AB,,,3054,1,,,Stockholm,Stockholm,,,,
Structor Installationsteknik AB,,,45996,32,,0706930204,Stockholm,Stockholm,Stockholm,113 68,Leif Henrik Tobias Fröling,Verkställande direktör
Strömstad VVS & Kylteknik AB,,,7960,3,,052666612,Västra Götaland,Strömstad,Strömstad,452 33,Lars Åke Conny Dufveklev,Ledamot
Strömstads Värme & Sanitet AB,,,100961,40,,,Västra Götaland,Strömstad,Strömstad,452 35,Leif Conny Andersson,Verkställande direktör
Stålice Coold AB,,,1617,2,,0705947696,Skåne,Malmö,Oxie,238 37,Jörgen Yngve Kuno Stålhammar,Ordförande
Stånga Rör & El AB,,,7576,5,,,Gotland,Gotland,Stånga,623 60,Lena Maria Lundin,Ledamot
Sundströms Kyl AB,,,6732,2,,,Uppsala,Uppsala,Uppsala,752 28,Per Henrik Sundström,Ledamot
Svanströms el och vvs AB,,,38049,22,,0703452801,Stockholm,Stockholm,Älvsjö,125 42,Christer Daniel Flodell,Extern verkställande direktör
Svea HVAC AB,,,2631,2,,,Stockholm,Södertälje,Järna,153 38,Kamal Gamaleldin,Ledamot
Svebro Kylindustri AB,,,27860,6,,0709575814,Skåne,Malmö,Malmö,212 25,Daniel Fredrik Johannes Palerbro,Verkställande direktör
Svelanders VVS AB,,,15121,6,,,Västernorrland,Sundsvall,Sundsvall,852 42,Jan Mikael Svelander,Ordförande
Svensk Kylindustri AB,,,2369,1,,,Stockholm,Stockholm,Stockholm,113 50,Sven Arne Niklas Pettersson,Verkställande direktör
Svensk Kylkvalitet AB,,,12115,8,,034084990,Halland,Varberg,Varberg,432 91,Ralf Joakim Vesterberg,Verkställande direktör
svensk Kylservice,Göteborg,Västra Götaland,,,,,,,,,,
Svenska Industri AB Vattenkylning,,,,,,,,,,,,
Svenstorps Rör,,,,,,,,,,,,
Sydkyl i Skåne GRT AB,,,16298,9,,,Skåne,Svedala,Svedala,233 51,Rickard Illes Peter Budai,Ordförande
Sydost-kyl Blekinge AB,,,5151,3,,,Blekinge,Karlskrona,Lyckeby,371 63,Magnus Per Helge Alamaa,Ledamot
Sydost.Kyl i Blekinge,Karlskrona,Blekinge,,,,,,,,,,
Sydpumpen AB,,,20702,10,,0703720597,Halland,Laholm,Laholm,312 34,Lars-Lennart Kennet Karlsson,Verkställande direktör
SÅ VVS & Energi AB,,,37187,1,,0858247303,Stockholm,Upplands-Bro,Bro,197 40,Sten-Åke Gösta Thimgren,Verkställande direktör
Sävedalens VVS Rör & Grävarbeten AB,,,6149,2,,0313368211,,,,,Tommy Kent Bergfast,Ledamot
Sävedalens Värme & Kylservice AB,,,7757,4,,031183074,Västra Götaland,Göteborg,Göteborg,416 57,Tom Rikard Bonthron,Extern verkställande direktör
Söderkyl AB,,,12226,10,,086421949,Stockholm,Stockholm,Stockholm,116 21,Katarzyna Tonicton,Ledamot
Söderlunds Röraktiebolag,,,53821,29,,0104550340,Uppsala,Tierp,Tierp,815 35,Jan Magnus Högberg,Ledamot
Söderqvist & Andersson Västteknik AB,,,3693,2,,,Västra Götaland,Göteborg,Hisings Backa,422 59,Martin Patrik Söderqvist,Ledamot
Söders Olja & Rör AB,,,35440,14,,047092550,Kronoberg,Växjö,Rottne,363 30,Niklas Magnus Johansson,Ordförande
Södregårds Rör & Maskin AB,,,19844,9,,,Kronoberg,Växjö,Växjö,355 93,Olof Petter Svensson,Ledamot
Sölvesborgs Värme & Kyla AB,,,11296,4,,,Blekinge,Sölvesborg,Sölvesborg,294 36,Dan Andreas Johansson,Ledamot
Söne El AB,,,29299,22,,0510425500,Västra Götaland,Lidköping,Lidköping,531 57,Bengt Anders Erik Söneborn,Ledamot
Team PTL AB,,,13086,6,,047021190,Kronoberg,Växjö,Växjö,352 46,Jan Ove Håkan Sandersson,Ordförande
Team Wåhlin Värmeteknik AB,,,73762,20,,0851170499,Stockholm,Vallentuna,Vallentuna,186 45,David Magnus Wåhlin,Ledamot
Teknisk Fastighetsservice i Norrland AB,,,346716,217,,,Västernorrland,Sundsvall,Sundsvall,856 33,Johan Mattias Lundstedt,Verkställande direktör
Tekniska Verken i Linköping AB,,,3424000,725,,013208000,Östergötland,Linköping,Linköping,582 78,Bror Conny Udd,Extern verkställande direktör
Termokyl i Sydsverige AB,,,76772,19,,042151450,Skåne,Helsingborg,Helsingborg,254 67,Rolf Jimmie Niklasson,Verkställande direktör
Ternstedt Invent AB,,,240716,130,info@ternstedtinvent.se,010-234 81 60,Östergötland,Linköping,Linköping,582 73,Klas Henrik Gyllenhammar,Verkställande direktör
The Cool Company by HQ AB,,,767,0,,,Stockholm,Vallentuna,Vallentuna,186 92,Mikael Kenneth Holmqvist,Verkställande direktör
Thermia AB,,,1335469,347,info@thermia.se,0570 - 813 00,Värmland,Arvika,Arvika,671 34,Per Magnus Glavmo,Verkställande direktör
Thermoprojekt i Tyresö AB,,,1402,1,,0704947824,Stockholm,Stockholm,Stockholm,116 67,Michael Salander,Ledamot
Thimsfors VVS & Oljeservice AB,,,,,,,,,,,,
Tholfs Rör,,,,,,,Jönköping,Vetlanda,,,,
TL-Service AB,,,11895,4,,0706312547,Kronoberg,Ljungby,Ryssby,341 76,Nils Ingvar Thomas Lundgren,Ledamot
To.L&In.S Värme AB,,,1630,2,,092914060,Norrbotten,Älvsbyn,Älvsbyn,942 93,Ingela Margareta Strandberg,Ledamot
TR Kyl,Malmö,Skåne,12250,8,,040964020,Skåne,Malmö,Malmö,213 77,Lars Henrik Andersson,Verkställande direktör
Träslövs VVS Service AB,,,3181,2,,,Halland,Varberg,Varberg,432 32,Bengt Jan Stefan Johansson,Ledamot
TUC Sweden AB,,,181158,93,,0140444510,Jönköping,Tranås,Tranås,573 35,David Mattias Lind Magg,Verkställande direktör
Ture Palmquist VVS AB,,,14585,7,,,Kronoberg,Markaryd,Traryd,287 72,Dan Eddie Michael Palmquist,Ledamot
Tynderö Energiteknik AB,,,8066,3,,,Västernorrland,Timrå,Söråker,861 94,Bengt Östen Wiklund,Verkställande direktör
Tälje VVS AB,,,5602,1,,,Stockholm,Norrtälje,Norrtälje,761 41,Jonas Hellström,Ledamot
Ultra Kyl AB,,,9536,2,,,Dalarna,Hedemora,Hedemora,776 35,Karl Alvin Esselin,Verkställande direktör
Ulvsby Rör AB,,,49143,13,,0709466402,Värmland,Karlstad,Karlstad,652 21,Per Rickard Norling,Extern verkställande direktör
Upplands Kyl & Värme AB,,,9152,4,,,Uppsala,Uppsala,Uppsala,753 23,Jan Tomas Ekström,Verkställande direktör
Uppsala Kyl & El AB,,,4291,2,,,Uppsala,Uppsala,Uppsala,741 77,Lars Mikael Lööv,Ledamot
Uppsala ventilation och värmepumpservice AB,,,,,,,,,,,,
Vaillant Group Gaseres AB,,,105637,18,,04080330,Skåne,Malmö,Malmö,211 24,Lars Bøgely Cannerslund,Ordförande
VALDEMARSVIK,,,24600,11,,,Östergötland,Valdemarsvik,Valdemarsvik,615 32,Per Fredrik Ivarsson,Verkställande direktör
"Vallentuna, Värme, VVS AB",,,2322,1,,0735959296,Stockholm,Vallentuna,Vallentuna,186 41,Jan Åke Andersson,Ledamot
Varma Huset i Sollentuna AB,,,15932,9,,0858350053,Stockholm,Järfälla,Järfälla,176 77,John Richard Nilsson,Verkställande direktör
Varmitek Energisystem AB,,,13247,2,,031453300,Skåne,Helsingborg,Helsingborg,254 67,Jens Carl Nielsen,Ledamot
Vattenhuset i Borlänge AB,,,33040,16,,0243226060,Dalarna,Borlänge,Borlänge,781 70,Per Emil Norman,Verkställande direktör
Vent o Kyla i Dalarna AB,,,2371,0,,,Dalarna,Falun,Falun,791 53,Boris Ingvar Danielsson,Ledamot
Ventilation & Klimatservice i Östergötland AB,,,14655,6,,0141235600,Östergötland,Motala,Motala,591 37,Daniel Anders Lundgren,Ordförande
Ventilation- & Värmepumpsservice i Motala AB,,,1581,1,,,Östergötland,Motala,Motala,591 36,Lars Fredrik Björn Jansson,Ledamot
Ventilationsförbättringar i Malmö AB /VFB AB/,,,,,,,,,,,,
Ventoklima AB,,,7444,4,,0702887552,Skåne,Svalöv,Svalöv,268 31,Kjell Joakim Danielsson,Verkställande direktör
Ventpartner i Östergötland AB,,,72328,27,,013353400,Östergötland,Linköping,Linköping,582 73,Ulf Anders Bergquist,Verkställande direktör
Ventproffsen i Sverige AB,,,7352,5,,,Uppsala,Enköping,Fjärdhundra,749 72,Malin Caroline Pärlerstrand,Verkställande direktör
Venttek Energi & Ventilation AB,,,23972,13,,,Västernorrland,Sollefteå,Sollefteå,881 91,Per Fredrik Molin,Ledamot
Vetlanda rör AB,,,42270,15,,,Jönköping,Vetlanda,Vetlanda,574 33,Kjell Magnus Pettersson,Verkställande direktör
Viessmann Värmeteknik AB,,,50626,10,,084748800,Stockholm,Stockholm,Kista,164 40,Armin August Fleck,Verkställande direktör
VIKSJÖ,,,18758,9,,0858031320,Stockholm,Järfälla,Järfälla,175 45,Carl Magnus Österlund,Verkställande direktör
Vilokan Recycling Tech AB,,,189760,12,info@vilokan.com,052618730,Västra Götaland,Strömstad,Strömstad,452 31,Alexander Karl Thomas Karlsson,Extern verkställande direktör
VKFService AB,,,3024,6,,,Jönköping,Värnamo,Värnamo,331 92,Josef Fatah,Verkställande direktör
VL Värmepumpservice AB,,,3614,2,,,Stockholm,Botkyrka,Tumba,147 43,Bernt Vincent Lövgren,Ledamot
VS-VENT SYD AB,,,77368,35,,0763216165,Skåne,Malmö,Malmö,213 77,Ernest Duratovic,Ledamot
VVS & Energi i Kåge AB,,,2201,0,,,Västerbotten,Skellefteå,Kåge,934 31,Per Olov Holmbom,Ordförande
VVS I Norr AB,,,2444,1,,,Västernorrland,Timrå,Söråker,861 51,Nils Glen Höglund,Ledamot
VVS-Arbeten i Torsby AB,,,6570,2,,056071135,Värmland,Torsby,Torsby,685 34,Anders Leif Mikael Berg,Verkställande direktör
VVS-Service i Knislinge AB,,,33701,14,,04461411,Skåne,Östra Göinge,Hanaskog,289 50,Carl Oskar Roger Nordström,Verkställande direktör
Vänerkyl AB,,,54759,0,,050171850,Västra Götaland,Mariestad,Mariestad,542 39,Ruth Cecilia Bladh In Zito,Extern verkställande direktör
Värme & Kyla i Göteborg,Göteborg,Västra Götaland,,,,,,,,,,
Värme & Kylteknik i Vassmolösa AB,,,32706,9,,048032436,Kalmar,Kalmar,Kalmar,392 39,Niklas Ronny Lundin,Ordförande
"Värme & Vatten, L. Medén",,,,,,,,,,,,
Värme Experten i Arvika AB,,,2209,2,,057017280,Värmland,Arvika,Arvika,671 91,Bo Gunnar Torstensson,Ledamot
Värme Industri Sanitet i Kävlinge AB,,,47751,27,,046733319,Skåne,Kävlinge,Kävlinge,244 39,Joakim Roger Olsson,Ledamot
Värme Installation & Storköksservice i Närke AB,,,,,,,,,,,,
Värme och Kylteknik i Jämtland AB,,,426,5-9,,,Jämtland,Östersund,Brunflo,834 96,Bengt Patrik Asbjörn Bergström,Ordförande
Värme Sanitet i Östergötland AB,,,3575,3,,012214245,Östergötland,Finspång,Finspång,612 44,Johan Lennart Sommevie,Ledamot
Värmedynamik i Södertälje AB,,,16224,5,,,Stockholm,Södertälje,Södertälje,152 42,David Magnus Wåhlin,Ordförande
Värmeteamet i Skåne AB,Landskrona,Skåne,,,,,,,,,,
Wahlings Installationsservice AB,,,89926,37,,08802040,Stockholm,Stockholm,Bromma,168 69,Pär Inge Stormo,Verkställande direktör
Walter Hansson Handel & Service AB,,,24346,9,,,Halland,Kungsbacka,Kungsbacka,434 42,Hans Folke Andersson,Verkställande direktör
WDN Entreprenad AB,,,17988,9,,0704401601,Stockholm,Botkyrka,Tumba,147 45,Ivan Starcevic,Ledamot
Werksta Sweden AB,,,876159,462,,020622900,Stockholm,Danderyd,Danderyd,182 32,Lars Henrik Wilhelm Archenholtz,Verkställande direktör
Wester Kylteknik AB,,,13743,6,,011311030,Östergötland,Norrköping,Norrköping,602 23,Bo Fredrik Wintervide,Verkställande direktör
WIDAB AB,,,60681,12,,0500415400,Västra Götaland,Hjo,Hjo,544 50,Frank David Rickard Davidsson,Ledamot
Widéns Fordonsverkstad i Kalmar AB,,,34902,13,,,Kalmar,Kalmar,Kalmar,392 39,Sara Maria Widén,Verkställande direktör
Widne Kyl & Klimatteknik AB,,,4161,1,,,Kronoberg,Växjö,Tävelsås,355 95,Karl Ragnar Daniel Widnemark,Ledamot
Wiiks Rör AB,,,31450,14,,029031700,Gävleborg,Sandviken,Storvik,812 30,Elisabeth Johanna Wik,Verkställande direktör
Wilfa Sverige AB,,,130721,11,,0406012000,Skåne,Lund,Lund,226 60,Ralf Mattias Forsell,Verkställande direktör
Witab,Växjö,Småland,108,0,,,Västra Götaland,Göteborg,Torslanda,423 41,Marcus Wolfgang Wilhelmsson,Verkställande direktör
Witekk Sverige AB,,,4465,1,,,Norrbotten,Luleå,Luleå,974 41,Ulf Jörgen Lennart Wiggefors,Ledamot
Wito AB,,,5140,3,,,Värmland,Arvika,Arvika,671 34,Filip Andreas Nilsson,Ordförande
WM Driftteknik AB,,,11917,5,,,Västra Götaland,Partille,Partille,433 38,Johan Patric Meijer,Ledamot
Åke Lindkvist Rör AB,,,32733,17,,,Dalarna,Mora,Mora,792 33,Eva Katarina Lindkvist,Ordförande
Åkerholms Rör AB,,,44879,18,,041514045,Skåne,Hörby,Hörby,242 31,Per Göran Magnus Persson,Verkställande direktör
Åseda Värme & Sanitet AB,,,101233,21,,047410152,Kronoberg,Uppvidinge,Åseda,364 31,Jan Gunnar Magnus Johansson,Verkställande direktör
Öregrunds El & VVS AB,,,27954,14,,017330800,Uppsala,Östhammar,Öregrund,742 42,Sandra Cecilia Eriksson,Verkställande direktör
Österlenkyla AB,,,30070,7,,041174449,Skåne,Ystad,Ystad,271 99,Mats Anders Bovide,Ledamot
